pasar,komoditas,satuan,harga,tanggal_lengkap
Sepinggan,Cabe/Lombok Keriting,kg,50000,1/1/2024
Sepinggan,Cabe/Lombok Keriting,kg,40000,1/2/2024
Sepinggan,Cabe/Lombok Keriting,kg,40000,1/3/2024
Sepinggan,Cabe/Lombok Keriting,kg,60000,1/4/2024
Sepinggan,Cabe/Lombok Keriting,kg,60000,1/5/2024
Sepinggan,Cabe/Lombok Keriting,kg,40000,1/8/2024
Sepinggan,Cabe/Lombok Keriting,kg,60000,1/9/2024
Sepinggan,Cabe/Lombok Keriting,kg,60000,1/10/2024
Sepinggan,Cabe/Lombok Keriting,kg,55000,1/11/2024
Sepinggan,Cabe/Lombok Keriting,kg,70000,1/12/2024
Sepinggan,Cabe/Lombok Keriting,kg,45000,1/15/2024
Sepinggan,Cabe/Lombok Keriting,kg,65000,1/16/2024
Sepinggan,Cabe/Lombok Keriting,kg,65000,1/17/2024
Sepinggan,Cabe/Lombok Keriting,kg,55000,1/18/2024
Sepinggan,Cabe/Lombok Keriting,kg,55000,1/19/2024
Sepinggan,Cabe/Lombok Keriting,kg,57500,1/22/2024
Sepinggan,Cabe/Lombok Keriting,kg,60000,1/23/2024
Sepinggan,Cabe/Lombok Keriting,kg,45000,1/24/2024
Sepinggan,Cabe/Lombok Keriting,kg,65000,1/25/2024
Sepinggan,Cabe/Lombok Keriting,kg,65000,1/26/2024
Sepinggan,Cabe/Lombok Keriting,kg,40000,1/29/2024
Sepinggan,Cabe/Lombok Keriting,kg,60000,1/30/2024
Sepinggan,Cabe/Lombok Keriting,kg,50000,1/31/2024
Sepinggan,Cabe/Lombok Keriting,kg,75000,2/1/2024
Sepinggan,Cabe/Lombok Keriting,kg,40000,2/5/2024
Sepinggan,Cabe/Lombok Keriting,kg,45000,2/6/2024
Sepinggan,Cabe/Lombok Keriting,kg,45000,2/7/2024
Sepinggan,Cabe/Lombok Keriting,kg,45000,2/12/2024
Sepinggan,Cabe/Lombok Keriting,kg,55000,2/13/2024
Sepinggan,Cabe/Lombok Keriting,kg,55000,2/15/2024
Sepinggan,Cabe/Lombok Keriting,kg,60000,2/16/2024
Sepinggan,Cabe/Lombok Keriting,kg,70000,2/19/2024
Sepinggan,Cabe/Lombok Keriting,kg,70000,2/20/2024
Sepinggan,Cabe/Lombok Keriting,kg,65000,2/21/2024
Sepinggan,Cabe/Lombok Keriting,kg,60000,2/22/2024
Sepinggan,Cabe/Lombok Keriting,kg,60000,2/23/2024
Sepinggan,Cabe/Lombok Keriting,kg,70000,2/26/2024
Sepinggan,Cabe/Lombok Keriting,kg,80000,2/27/2024
Sepinggan,Cabe/Lombok Keriting,kg,75000,2/28/2024
Sepinggan,Cabe/Lombok Keriting,kg,75000,2/29/2024
Sepinggan,Cabe/Lombok Keriting,kg,70000,3/4/2024
Sepinggan,Cabe/Lombok Keriting,kg,70000,3/5/2024
Sepinggan,Cabe/Lombok Keriting,kg,65000,3/6/2024
Sepinggan,Cabe/Lombok Keriting,kg,65000,3/7/2024
Sepinggan,Cabe/Lombok Keriting,kg,65000,3/8/2024
Sepinggan,Cabe/Lombok Keriting,kg,65000,3/13/2024
Sepinggan,Cabe/Lombok Keriting,kg,65000,3/14/2024
Sepinggan,Cabe/Lombok Keriting,kg,60000,3/15/2024
Sepinggan,Cabe/Lombok Keriting,kg,60000,3/18/2024
Sepinggan,Cabe/Lombok Keriting,kg,60000,3/19/2024
Sepinggan,Cabe/Lombok Keriting,kg,50000,3/20/2024
Sepinggan,Cabe/Lombok Keriting,kg,50000,3/21/2024
Sepinggan,Cabe/Lombok Keriting,kg,40000,3/22/2024
Sepinggan,Cabe/Lombok Keriting,kg,60000,3/25/2024
Sepinggan,Cabe/Lombok Keriting,kg,45000,3/26/2024
Sepinggan,Cabe/Lombok Keriting,kg,35000,3/27/2024
Sepinggan,Cabe/Lombok Keriting,kg,50000,3/28/2024
Sepinggan,Cabe/Lombok Keriting,kg,60000,4/1/2024
Sepinggan,Cabe/Lombok Keriting,kg,50000,4/2/2024
Sepinggan,Cabe/Lombok Keriting,kg,50000,4/2/2024
Sepinggan,Cabe/Lombok Keriting,kg,50000,4/3/2024
Sepinggan,Cabe/Lombok Keriting,kg,50000,4/3/2024
Sepinggan,Cabe/Lombok Keriting,kg,45000,4/4/2024
Sepinggan,Cabe/Lombok Keriting,kg,45000,4/5/2024
Sepinggan,Cabe/Lombok Keriting,kg,60000,4/16/2024
Sepinggan,Cabe/Lombok Keriting,kg,50000,4/17/2024
Sepinggan,Cabe/Lombok Keriting,kg,65000,4/18/2024
Sepinggan,Cabe/Lombok Keriting,kg,65000,4/19/2024
Sepinggan,Cabe/Lombok Keriting,kg,57500,4/22/2024
Sepinggan,Cabe/Lombok Keriting,kg,57500,4/23/2024
Sepinggan,Cabe/Lombok Keriting,kg,57500,4/24/2024
Sepinggan,Cabe/Lombok Keriting,kg,57500,4/25/2024
Sepinggan,Cabe/Lombok Keriting,kg,57500,4/26/2024
Sepinggan,Cabe/Lombok Keriting,kg,45000,4/29/2024
Sepinggan,Cabe/Lombok Keriting,kg,45000,4/30/2024
Sepinggan,Cabe/Lombok Keriting,kg,40000,5/6/2024
Sepinggan,Cabe/Lombok Keriting,kg,40000,5/7/2024
Sepinggan,Cabe/Lombok Keriting,kg,45000,5/8/2024
Sepinggan,Cabe/Lombok Keriting,kg,45000,5/13/2024
Sepinggan,Cabe/Lombok Keriting,kg,45000,5/14/2024
Sepinggan,Cabe/Lombok Keriting,kg,42500,5/15/2024
Sepinggan,Cabe/Lombok Keriting,kg,42500,5/16/2024
Sepinggan,Cabe/Lombok Keriting,kg,45000,5/17/2024
Sepinggan,Cabe/Lombok Keriting,kg,42500,5/20/2024
Sepinggan,Cabe/Lombok Keriting,kg,42500,5/21/2024
Sepinggan,Cabe/Lombok Keriting,kg,40000,5/22/2024
Sepinggan,Cabe/Lombok Keriting,kg,40000,5/27/2024
Sepinggan,Cabe/Lombok Keriting,kg,45000,5/28/2024
Sepinggan,Cabe/Lombok Keriting,kg,45000,5/30/2024
Sepinggan,Cabe/Lombok Keriting,kg,45000,5/31/2024
Sepinggan,Cabe/Lombok Keriting,kg,40000,6/3/2024
Sepinggan,Cabe/Lombok Keriting,kg,42500,6/4/2024
Sepinggan,Cabe/Lombok Keriting,kg,55000,6/5/2024
Sepinggan,Cabe/Lombok Keriting,kg,55000,6/6/2024
Sepinggan,Cabe/Lombok Keriting,kg,55000,6/7/2024
Sepinggan,Cabe/Lombok Keriting,kg,55000,6/10/2024
Sepinggan,Cabe/Lombok Keriting,kg,65000,6/11/2024
Sepinggan,Cabe/Lombok Keriting,kg,65000,6/12/2024
Sepinggan,Cabe/Lombok Keriting,kg,65000,6/13/2024
Sepinggan,Cabe/Lombok Keriting,kg,65000,6/14/2024
Sepinggan,Cabe/Lombok Keriting,kg,70000,6/19/2024
Sepinggan,Cabe/Lombok Keriting,kg,70000,6/20/2024
Sepinggan,Cabe/Lombok Keriting,kg,70000,6/21/2024
Sepinggan,Cabe/Lombok Keriting,kg,70000,6/24/2024
Sepinggan,Cabe/Lombok Keriting,kg,70000,6/25/2024
Sepinggan,Cabe/Lombok Keriting,kg,50000,6/26/2024
Sepinggan,Cabe/Lombok Keriting,kg,50000,6/27/2024
Sepinggan,Cabe/Lombok Keriting,kg,50000,6/28/2024
Sepinggan,Cabe/Lombok Keriting,kg,40000,7/1/2024
Sepinggan,Cabe/Lombok Keriting,kg,60000,7/1/2024
Sepinggan,Cabe/Lombok Keriting,kg,45000,7/2/2024
Sepinggan,Cabe/Lombok Keriting,kg,60000,7/2/2024
Sepinggan,Cabe/Lombok Keriting,kg,45000,7/3/2024
Sepinggan,Cabe/Lombok Keriting,kg,50000,7/4/2024
Sepinggan,Cabe/Lombok Keriting,kg,50000,7/5/2024
Sepinggan,Cabe/Lombok Keriting,kg,50000,7/8/2024
Sepinggan,Cabe/Lombok Keriting,kg,55000,7/9/2024
Sepinggan,Cabe/Lombok Keriting,kg,45000,7/10/2024
Sepinggan,Cabe/Lombok Keriting,kg,52500,7/11/2024
Sepinggan,Cabe/Lombok Keriting,kg,52500,7/12/2024
Sepinggan,Cabe/Lombok Keriting,kg,50000,7/15/2024
Sepinggan,Cabe/Lombok Keriting,kg,50000,7/16/2024
Sepinggan,Cabe/Lombok Keriting,kg,50000,7/17/2024
Sepinggan,Cabe/Lombok Keriting,kg,47500,7/18/2024
Sepinggan,Cabe/Lombok Keriting,kg,45000,7/19/2024
Sepinggan,Cabe/Lombok Keriting,kg,45000,7/22/2024
Sepinggan,Cabe/Lombok Keriting,kg,45000,7/23/2024
Sepinggan,Cabe/Lombok Keriting,kg,45000,7/24/2024
Sepinggan,Cabe/Lombok Keriting,kg,45000,7/25/2024
Sepinggan,Cabe/Lombok Keriting,kg,45000,7/26/2024
Sepinggan,Cabe/Lombok Keriting,kg,40000,7/29/2024
Sepinggan,Cabe/Lombok Keriting,kg,47500,7/30/2024
Sepinggan,Cabe/Lombok Keriting,kg,37500,7/31/2024
Sepinggan,Cabe/Lombok Keriting,kg,60000,8/5/2024
Sepinggan,Cabe/Lombok Keriting,kg,60000,8/6/2024
Sepinggan,Cabe/Lombok Keriting,kg,60000,8/7/2024
Sepinggan,Cabe/Lombok Keriting,kg,40000,8/8/2024
Sepinggan,Cabe/Lombok Keriting,kg,40000,8/9/2024
Sepinggan,Cabe/Lombok Keriting,kg,40000,8/12/2024
Sepinggan,Cabe/Lombok Keriting,kg,42500,8/13/2024
Sepinggan,Cabe/Lombok Keriting,kg,55000,8/14/2024
Sepinggan,Cabe/Lombok Keriting,kg,55000,8/15/2024
Sepinggan,Cabe/Lombok Keriting,kg,55000,8/16/2024
Sepinggan,Cabe/Lombok Keriting,kg,55000,8/19/2024
Sepinggan,Cabe/Lombok Keriting,kg,55000,8/20/2024
Sepinggan,Cabe/Lombok Keriting,kg,55000,8/21/2024
Sepinggan,Cabe/Lombok Keriting,kg,50000,8/22/2024
Sepinggan,Cabe/Lombok Keriting,kg,50000,8/23/2024
Sepinggan,Cabe/Lombok Keriting,kg,60000,8/26/2024
Sepinggan,Cabe/Lombok Keriting,kg,60000,8/27/2024
Sepinggan,Cabe/Lombok Keriting,kg,50000,8/28/2024
Sepinggan,Cabe/Lombok Keriting,kg,50000,8/29/2024
Sepinggan,Cabe/Lombok Keriting,kg,42500,8/30/2024
Sepinggan,Cabe/Lombok Keriting,kg,37500,9/1/2024
Sepinggan,Cabe/Lombok Keriting,kg,35000,9/2/2024
Sepinggan,Cabe/Lombok Keriting,kg,37500,9/2/2024
Sepinggan,Cabe/Lombok Keriting,kg,35000,9/3/2024
Sepinggan,Cabe/Lombok Keriting,kg,37500,9/3/2024
Sepinggan,Cabe/Lombok Keriting,kg,35000,9/4/2024
Sepinggan,Cabe/Lombok Keriting,kg,40000,9/4/2024
Sepinggan,Cabe/Lombok Keriting,kg,40000,9/5/2024
Sepinggan,Cabe/Lombok Keriting,kg,37500,9/6/2024
Sepinggan,Cabe/Lombok Keriting,kg,40000,9/9/2024
Sepinggan,Cabe/Lombok Keriting,kg,40000,9/10/2024
Sepinggan,Cabe/Lombok Keriting,kg,35000,9/11/2024
Sepinggan,Cabe/Lombok Keriting,kg,37500,9/12/2024
Sepinggan,Cabe/Lombok Keriting,kg,37500,9/13/2024
Sepinggan,Cabe/Lombok Keriting,kg,35000,9/17/2024
Sepinggan,Cabe/Lombok Keriting,kg,30000,9/18/2024
Sepinggan,Cabe/Lombok Keriting,kg,30000,9/19/2024
Sepinggan,Cabe/Lombok Keriting,kg,30000,9/20/2024
Sepinggan,Cabe/Lombok Keriting,kg,40000,9/23/2024
Sepinggan,Cabe/Lombok Keriting,kg,40000,9/24/2024
Sepinggan,Cabe/Lombok Keriting,kg,40000,9/25/2024
Sepinggan,Cabe/Lombok Keriting,kg,40000,9/26/2024
Sepinggan,Cabe/Lombok Keriting,kg,30000,9/27/2024
Sepinggan,Cabe/Lombok Keriting,kg,40000,9/30/2024
Sepinggan,Cabe/Lombok Keriting,kg,35000,10/1/2024
Sepinggan,Cabe/Lombok Keriting,kg,30000,10/7/2024
Sepinggan,Cabe/Lombok Keriting,kg,40000,10/8/2024
Sepinggan,Cabe/Lombok Keriting,kg,35000,10/9/2024
Sepinggan,Cabe/Lombok Keriting,kg,35000,10/10/2024
Sepinggan,Cabe/Lombok Keriting,kg,30000,10/11/2024
Sepinggan,Cabe/Lombok Keriting,kg,30000,10/14/2024
Sepinggan,Cabe/Lombok Keriting,kg,30000,10/15/2024
Sepinggan,Cabe/Lombok Keriting,kg,35000,10/16/2024
Sepinggan,Cabe/Lombok Keriting,kg,35000,10/17/2024
Sepinggan,Cabe/Lombok Keriting,kg,35000,10/18/2024
Sepinggan,Cabe/Lombok Keriting,kg,30000,10/21/2024
Sepinggan,Cabe/Lombok Keriting,kg,30000,10/22/2024
Sepinggan,Cabe/Lombok Keriting,kg,42500,10/23/2024
Sepinggan,Cabe/Lombok Keriting,kg,42500,10/24/2024
Sepinggan,Cabe/Lombok Keriting,kg,42500,10/25/2024
Sepinggan,Cabe/Lombok Keriting,kg,30000,10/28/2024
Sepinggan,Cabe/Lombok Keriting,kg,30000,10/29/2024
Sepinggan,Cabe/Lombok Keriting,kg,30000,10/30/2024
Sepinggan,Cabe/Lombok Keriting,kg,30000,10/31/2024
Sepinggan,Cabe/Lombok Keriting,kg,25000,11/4/2024
Sepinggan,Cabe/Lombok Keriting,kg,25000,11/5/2024
Sepinggan,Cabe/Lombok Keriting,kg,30000,11/6/2024
Sepinggan,Cabe/Lombok Keriting,kg,25000,11/7/2024
Sepinggan,Cabe/Lombok Keriting,kg,25000,11/8/2024
Sepinggan,Cabe/Lombok Keriting,kg,25000,11/11/2024
Sepinggan,Cabe/Lombok Keriting,kg,35000,11/12/2024
Sepinggan,Cabe/Lombok Keriting,kg,35000,11/13/2024
Sepinggan,Cabe/Lombok Keriting,kg,32500,11/14/2024
Sepinggan,Cabe/Lombok Keriting,kg,30000,11/15/2024
Sepinggan,Cabe/Lombok Keriting,kg,30000,11/18/2024
Sepinggan,Cabe/Lombok Keriting,kg,40000,11/19/2024
Sepinggan,Cabe/Lombok Keriting,kg,40000,11/20/2024
Sepinggan,Cabe/Lombok Keriting,kg,40000,11/21/2024
Sepinggan,Cabe/Lombok Keriting,kg,40000,11/22/2024
Sepinggan,Cabe/Lombok Keriting,kg,35000,11/25/2024
Sepinggan,Cabe/Lombok Keriting,kg,35000,11/26/2024
Sepinggan,Cabe/Lombok Keriting,kg,40000,11/28/2024
Sepinggan,Cabe/Lombok Keriting,kg,40000,11/29/2024
Sepinggan,Cabe/Lombok Keriting,kg,35000,12/2/2024
Sepinggan,Cabe/Lombok Keriting,kg,35000,12/3/2024
Sepinggan,Cabe/Lombok Keriting,kg,35000,12/4/2024
Sepinggan,Cabe/Lombok Keriting,kg,40000,12/5/2024
Sepinggan,Cabe/Lombok Keriting,kg,40000,12/6/2024
Sepinggan,Cabe/Lombok Keriting,kg,35000,12/9/2024
Sepinggan,Cabe/Lombok Keriting,kg,35000,12/10/2024
Sepinggan,Cabe/Lombok Keriting,kg,45000,12/11/2024
Sepinggan,Cabe/Lombok Keriting,kg,45000,12/12/2024
Sepinggan,Cabe/Lombok Keriting,kg,45000,12/13/2024
Sepinggan,Cabe/Lombok Keriting,kg,45000,12/16/2024
Sepinggan,Cabe/Lombok Keriting,kg,45000,12/17/2024
Sepinggan,Cabe/Lombok Keriting,kg,45000,12/18/2024
Sepinggan,Cabe/Lombok Keriting,kg,45000,12/19/2024
Sepinggan,Cabe/Lombok Keriting,kg,45000,12/20/2024
Sepinggan,Cabe/Lombok Keriting,kg,45000,12/23/2024
Sepinggan,Cabe/Lombok Keriting,kg,45000,12/24/2024
Sepinggan,Cabe/Lombok Keriting,kg,50000,12/27/2024
Sepinggan,Cabe/Lombok Keriting,kg,50000,12/30/2024
Sepinggan,Cabe/Lombok Keriting,kg,50000,12/31/2024
Sepinggan,Cabe/Lombok Keriting,kg,50000,1/2/2025
Sepinggan,Cabe/Lombok Keriting,kg,50000,1/3/2025
Sepinggan,Cabe/Lombok Keriting,kg,65000,1/3/2025
Sepinggan,Cabe/Lombok Keriting,kg,65000,1/4/2025
Sepinggan,Cabe/Lombok Keriting,kg,50000,1/6/2025
Sepinggan,Cabe/Lombok Keriting,kg,50000,1/7/2025
Sepinggan,Cabe/Lombok Keriting,kg,50000,1/8/2025
Sepinggan,Cabe/Lombok Keriting,kg,50000,1/9/2025
Sepinggan,Cabe/Lombok Keriting,kg,50000,1/10/2025
Sepinggan,Cabe/Lombok Keriting,kg,50000,1/13/2025
Sepinggan,Cabe/Lombok Keriting,kg,60000,1/14/2025
Sepinggan,Cabe/Lombok Keriting,kg,60000,1/15/2025
Sepinggan,Cabe/Lombok Keriting,kg,60000,1/16/2025
Sepinggan,Cabe/Lombok Keriting,kg,65000,1/20/2025
Sepinggan,Cabe/Lombok Keriting,kg,65000,1/21/2025
Sepinggan,Cabe/Lombok Keriting,kg,65000,1/22/2025
Sepinggan,Cabe/Lombok Keriting,kg,65000,1/23/2025
Sepinggan,Cabe/Lombok Keriting,kg,65000,1/24/2025
Sepinggan,Cabe/Lombok Keriting,kg,65000,1/30/2025
Sepinggan,Cabe/Lombok Keriting,kg,65000,1/31/2025
Sepinggan,Cabe/Lombok Keriting,kg,70000,2/3/2025
Sepinggan,Cabe/Lombok Keriting,kg,95000,2/4/2025
Sepinggan,Cabe/Lombok Keriting,kg,65000,2/5/2025
Sepinggan,Cabe/Lombok Keriting,kg,65000,2/6/2025
Sepinggan,Cabe/Lombok Keriting,kg,65000,2/7/2025
Sepinggan,Cabe/Lombok Keriting,kg,65000,2/10/2025
Sepinggan,Cabe/Lombok Keriting,kg,65000,2/11/2025
Sepinggan,Cabe/Lombok Keriting,kg,65000,2/12/2025
Sepinggan,Cabe/Lombok Keriting,kg,65000,2/13/2025
Sepinggan,Cabe/Lombok Keriting,kg,65000,2/14/2025
Sepinggan,Cabe/Lombok Keriting,kg,65000,2/17/2025
Sepinggan,Cabe/Lombok Keriting,kg,65000,2/18/2025
Sepinggan,Cabe/Lombok Keriting,kg,65000,2/19/2025
Sepinggan,Cabe/Lombok Keriting,kg,65000,2/20/2025
Sepinggan,Cabe/Lombok Keriting,kg,65000,2/21/2025
Sepinggan,Cabe/Lombok Keriting,kg,65000,2/24/2025
Sepinggan,Cabe/Lombok Keriting,kg,70000,2/25/2025
Sepinggan,Cabe/Lombok Keriting,kg,70000,2/26/2025
Sepinggan,Cabe/Lombok Keriting,kg,70000,2/27/2025
Sepinggan,Cabe/Lombok Keriting,kg,70000,2/28/2025
Sepinggan,Cabe/Lombok Keriting,kg,95000,3/5/2025
Sepinggan,Cabe/Lombok Keriting,kg,95000,3/6/2025
Sepinggan,Cabe/Lombok Keriting,kg,95000,3/7/2025
Sepinggan,Cabe/Lombok Keriting,kg,95000,3/10/2025
Sepinggan,Cabe/Lombok Keriting,kg,95000,3/11/2025
Sepinggan,Cabe/Lombok Keriting,kg,95000,3/12/2025
Sepinggan,Cabe/Lombok Keriting,kg,95000,3/13/2025
Sepinggan,Cabe/Lombok Keriting,kg,95000,3/14/2025
Sepinggan,Cabe/Lombok Keriting,kg,95000,3/17/2025
Sepinggan,Cabe/Lombok Keriting,kg,95000,3/18/2025
Sepinggan,Cabe/Lombok Keriting,kg,95000,3/19/2025
Sepinggan,Cabe/Lombok Keriting,kg,95000,3/20/2025
Sepinggan,Cabe/Lombok Keriting,kg,95000,3/21/2025
Sepinggan,Cabe/Lombok Keriting,kg,97000,3/24/2025
Sepinggan,Cabe/Lombok Keriting,kg,97000,3/25/2025
Sepinggan,Cabe/Lombok Keriting,kg,97000,3/26/2025
Sepinggan,Cabe/Lombok Keriting,kg,97000,3/27/2025
Sepinggan,Cabe/Lombok Keriting,kg,68000,4/2/2025
Sepinggan,Cabe/Lombok Keriting,kg,68000,4/5/2025
Sepinggan,Cabe/Lombok Keriting,kg,68000,4/6/2025
Sepinggan,Cabe/Lombok Keriting,kg,97000,4/8/2025
Sepinggan,Cabe/Lombok Keriting,kg,97000,4/9/2025
Sepinggan,Cabe/Lombok Keriting,kg,97000,4/10/2025
Sepinggan,Cabe/Lombok Keriting,kg,97000,4/11/2025
Sepinggan,Cabe/Lombok Keriting,kg,97000,4/14/2025
Sepinggan,Cabe/Lombok Keriting,kg,97000,4/15/2025
Sepinggan,Cabe/Lombok Keriting,kg,97000,4/16/2025
Sepinggan,Cabe/Lombok Keriting,kg,97000,4/17/2025
Sepinggan,Cabe/Lombok Keriting,kg,67500,4/21/2025
Sepinggan,Cabe/Lombok Keriting,kg,67500,4/22/2025
Sepinggan,Cabe/Lombok Keriting,kg,67500,4/23/2025
Sepinggan,Cabe/Lombok Keriting,kg,67500,4/24/2025
Sepinggan,Cabe/Lombok Keriting,kg,67500,4/25/2025
Sepinggan,Cabe/Lombok Keriting,kg,67500,4/28/2025
Sepinggan,Cabe/Lombok Keriting,kg,67500,4/29/2025
Sepinggan,Cabe/Lombok Keriting,kg,67500,4/30/2025
Sepinggan,Cabe/Lombok Keriting,kg,60000,5/2/2025
Sepinggan,Cabe/Lombok Keriting,kg,60000,5/3/2025
Sepinggan,Cabe/Lombok Keriting,kg,72500,5/7/2025
Sepinggan,Cabe/Lombok Keriting,kg,72500,5/8/2025
Sepinggan,Cabe/Lombok Keriting,kg,75000,5/9/2025
Sepinggan,Cabe/Lombok Keriting,kg,75000,5/14/2025
Sepinggan,Cabe/Lombok Keriting,kg,75000,5/15/2025
Sepinggan,Cabe/Lombok Keriting,kg,75000,5/16/2025
Sepinggan,Cabe/Lombok Keriting,kg,75000,5/19/2025
Sepinggan,Cabe/Lombok Keriting,kg,75000,5/20/2025
Sepinggan,Cabe/Lombok Keriting,kg,75000,5/21/2025
Sepinggan,Cabe/Lombok Keriting,kg,75000,5/22/2025
Sepinggan,Cabe/Lombok Keriting,kg,75000,5/23/2025
Sepinggan,Cabe/Lombok Keriting,kg,65000,5/26/2025
Sepinggan,Cabe/Lombok Keriting,kg,65000,5/27/2025
Sepinggan,Cabe/Lombok Keriting,kg,60000,5/28/2025
Sepinggan,Cabe/Lombok Keriting,kg,63000,6/1/2025
Sepinggan,Cabe/Lombok Keriting,kg,62500,6/4/2025
Sepinggan,Cabe/Lombok Keriting,kg,62500,6/5/2025
Sepinggan,Cabe/Lombok Keriting,kg,62500,6/10/2025
Sepinggan,Cabe/Lombok Keriting,kg,62500,6/11/2025
Sepinggan,Cabe/Lombok Keriting,kg,62500,6/12/2025
Sepinggan,Cabe/Lombok Keriting,kg,62500,6/13/2025
Sepinggan,Cabe/Lombok Keriting,kg,62500,6/16/2025
Sepinggan,Cabe/Lombok Keriting,kg,62500,6/17/2025
Sepinggan,Cabe/Lombok Keriting,kg,65000,6/18/2025
Sepinggan,Cabe/Lombok Keriting,kg,65000,6/19/2025
Sepinggan,Cabe/Lombok Keriting,kg,65000,6/20/2025
Sepinggan,Cabe/Lombok Keriting,kg,65000,6/23/2025
Sepinggan,Cabe/Lombok Keriting,kg,65000,6/24/2025
Sepinggan,Cabe/Lombok Keriting,kg,63000,6/25/2025
Sepinggan,Cabe/Lombok Keriting,kg,63000,6/26/2025
Sepinggan,Cabe/Lombok Keriting,kg,63000,6/30/2025
Sepinggan,Cabe/Lombok Keriting,kg,65000,7/1/2025
Sepinggan,Cabe/Lombok Keriting,kg,63000,7/2/2025
Sepinggan,Cabe/Lombok Keriting,kg,60000,7/3/2025
Sepinggan,Cabe/Lombok Keriting,kg,60000,7/4/2025
Sepinggan,Cabe/Lombok Keriting,kg,65000,7/4/2025
Sepinggan,Cabe/Lombok Keriting,kg,65000,7/5/2025
Sepinggan,Cabe/Lombok Keriting,kg,60000,7/7/2025
Sepinggan,Cabe/Lombok Keriting,kg,60000,7/8/2025
Sepinggan,Cabe/Lombok Keriting,kg,60000,7/9/2025
Sepinggan,Cabe/Lombok Keriting,kg,60000,7/10/2025
Sepinggan,Cabe/Lombok Keriting,kg,60000,7/11/2025
Sepinggan,Cabe/Lombok Keriting,kg,60000,7/14/2025
Sepinggan,Cabe/Lombok Keriting,kg,60000,7/15/2025
Sepinggan,Cabe/Lombok Keriting,kg,65000,7/16/2025
Sepinggan,Cabe/Lombok Keriting,kg,65000,7/17/2025
Sepinggan,Cabe/Lombok Keriting,kg,65000,7/18/2025
Sepinggan,Cabe/Lombok Keriting,kg,65000,7/21/2025
Sepinggan,Cabe/Lombok Keriting,kg,65000,7/22/2025
Sepinggan,Cabe/Lombok Keriting,kg,65000,7/23/2025
Sepinggan,Cabe/Lombok Keriting,kg,65000,7/24/2025
Sepinggan,Cabe/Lombok Keriting,kg,65000,7/25/2025
Sepinggan,Cabe/Lombok Keriting,kg,65000,7/28/2025
Sepinggan,Cabe/Lombok Keriting,kg,65000,7/29/2025
Sepinggan,Cabe/Lombok Keriting,kg,65000,7/30/2025
Sepinggan,Cabe/Lombok Keriting,kg,65000,7/31/2025
Sepinggan,Cabe/Lombok Keriting,kg,57000,8/1/2025
Sepinggan,Cabe/Lombok Keriting,kg,53000,8/2/2025
Sepinggan,Cabe/Lombok Keriting,kg,67000,8/6/2025
Sepinggan,Cabe/Lombok Keriting,kg,67000,8/7/2025
Sepinggan,Cabe/Lombok Keriting,kg,60000,8/8/2025
Sepinggan,Cabe/Lombok Keriting,kg,60000,8/11/2025
Sepinggan,Cabe/Lombok Keriting,kg,60000,8/12/2025
Sepinggan,Cabe/Lombok Keriting,kg,60000,8/13/2025
Sepinggan,Cabe/Lombok Keriting,kg,60000,8/14/2025
Sepinggan,Cabe/Lombok Keriting,kg,60000,8/15/2025
Sepinggan,Cabe/Lombok Keriting,kg,60000,8/19/2025
Sepinggan,Cabe/Lombok Keriting,kg,60000,8/20/2025
Sepinggan,Cabe/Lombok Keriting,kg,57000,8/21/2025
Sepinggan,Cabe/Lombok Keriting,kg,57000,8/22/2025
Sepinggan,Cabe/Lombok Keriting,kg,57000,8/25/2025
Sepinggan,Cabe/Lombok Keriting,kg,57000,8/26/2025
Sepinggan,Cabe/Lombok Keriting,kg,57000,8/27/2025
Sepinggan,Cabe/Lombok Keriting,kg,57000,8/28/2025
Sepinggan,Cabe/Lombok Keriting,kg,57000,8/29/2025
Sepinggan,Cabe/Lombok Keriting,kg,53000,9/3/2025
Sepinggan,Cabe/Lombok Keriting,kg,58000,9/4/2025
Sepinggan,Cabe/Lombok Keriting,kg,58000,9/8/2025
Sepinggan,Cabe/Lombok Keriting,kg,58000,9/9/2025
Sepinggan,Cabe/Lombok Keriting,kg,60000,9/10/2025
Sepinggan,Cabe/Lombok Keriting,kg,60000,9/11/2025
Sepinggan,Cabe/Lombok Keriting,kg,60000,9/12/2025
Sepinggan,Cabe/Lombok Keriting,kg,60000,9/15/2025
Sepinggan,Cabe/Lombok Keriting,kg,60000,9/16/2025
Sepinggan,Cabe/Lombok Keriting,kg,60000,9/17/2025
Sepinggan,Cabe/Lombok Keriting,kg,60000,9/18/2025
Sepinggan,Cabe/Lombok Keriting,kg,60000,9/19/2025
Sepinggan,Cabe/Lombok Keriting,kg,60000,9/22/2025
Sepinggan,Cabe/Lombok Keriting,kg,60000,9/23/2025
Sepinggan,Cabe/Lombok Keriting,kg,60000,9/24/2025
Sepinggan,Cabe/Lombok Keriting,kg,60000,9/25/2025
Sepinggan,Cabe/Lombok Keriting,kg,60000,9/26/2025
Sepinggan,Cabe/Lombok Keriting,kg,60000,9/29/2025
Sepinggan,Cabe/Lombok Keriting,kg,60000,9/30/2025
Sepinggan,Cabe/Lombok Keriting,kg,56000,10/1/2025
Sepinggan,Cabe/Lombok Keriting,kg,56000,10/2/2025
Sepinggan,Cabe/Lombok Keriting,kg,56000,10/3/2025
Sepinggan,Cabe/Lombok Keriting,kg,42500,10/3/2025
Sepinggan,Cabe/Lombok Keriting,kg,42500,10/4/2025
Sepinggan,Cabe/Lombok Keriting,kg,56000,10/6/2025
Sepinggan,Cabe/Lombok Keriting,kg,56000,10/7/2025
Sepinggan,Cabe/Lombok Keriting,kg,56000,10/8/2025
Sepinggan,Cabe/Lombok Keriting,kg,47000,10/9/2025
Sepinggan,Cabe/Lombok Keriting,kg,47000,10/10/2025
Sepinggan,Cabe/Lombok Keriting,kg,47000,10/13/2025
Sepinggan,Cabe/Lombok Keriting,kg,47000,10/14/2025
Sepinggan,Cabe/Lombok Keriting,kg,47000,10/15/2025
Sepinggan,Cabe/Lombok Keriting,kg,47000,10/16/2025
Sepinggan,Cabe/Lombok Keriting,kg,47000,10/17/2025
Sepinggan,Cabe/Lombok Keriting,kg,47000,10/20/2025
Sepinggan,Cabe/Lombok Keriting,kg,47000,10/22/2025
Sepinggan,Cabe/Lombok Keriting,kg,42500,10/23/2025
Sepinggan,Cabe/Lombok Keriting,kg,42500,10/24/2025
Sepinggan,Cabe/Lombok Keriting,kg,42500,10/27/2025
Sepinggan,Cabe/Lombok Keriting,kg,42500,10/28/2025
Sepinggan,Cabe/Lombok Keriting,kg,42500,10/29/2025
Sepinggan,Cabe/Lombok Keriting,kg,42500,10/30/2025
Sepinggan,Cabe/Lombok Keriting,kg,42500,10/31/2025
Sepinggan,Cabe/Lombok Keriting,kg,43000,11/1/2025
Sepinggan,Cabe/Lombok Keriting,kg,57500,11/2/2025
Sepinggan,Cabe/Lombok Keriting,kg,42500,11/5/2025
Sepinggan,Cabe/Lombok Keriting,kg,42500,11/6/2025
Sepinggan,Cabe/Lombok Keriting,kg,42500,11/7/2025
Sepinggan,Cabe/Lombok Keriting,kg,43000,11/10/2025
Sepinggan,Cabe/Lombok Keriting,kg,43000,11/11/2025
Sepinggan,Cabe/Lombok Keriting,kg,43000,11/12/2025
Sepinggan,Cabe/Lombok Keriting,kg,43000,11/13/2025
Sepinggan,Cabe/Lombok Keriting,kg,43000,11/14/2025
Sepinggan,Cabe/Lombok Keriting,kg,43000,11/17/2025
Sepinggan,Cabe/Lombok Keriting,kg,43000,11/18/2025
Sepinggan,Cabe/Lombok Keriting,kg,43000,11/19/2025
Sepinggan,Cabe/Lombok Keriting,kg,43000,11/20/2025
Sepinggan,Cabe/Lombok Keriting,kg,43000,11/21/2025
Sepinggan,Cabe/Lombok Keriting,kg,43000,11/24/2025
Sepinggan,Cabe/Lombok Keriting,kg,43000,11/25/2025
Sepinggan,Cabe/Lombok Keriting,kg,43000,11/26/2025
Sepinggan,Cabe/Lombok Keriting,kg,43000,11/27/2025
Sepinggan,Cabe/Lombok Keriting,kg,43000,11/28/2025
Sepinggan,Cabe/Lombok Keriting,kg,57500,12/3/2025
Sepinggan,Cabe/Lombok Keriting,kg,57500,12/4/2025
Sepinggan,Cabe/Lombok Keriting,kg,57500,12/5/2025
Sepinggan,Cabe/Lombok Keriting,kg,57500,12/8/2025
Sepinggan,Cabe/Lombok Keriting,kg,57500,12/9/2025
Sepinggan,Cabe/Lombok Keriting,kg,57500,12/10/2025
Sepinggan,Cabe/Lombok Keriting,kg,57500,12/11/2025
Sepinggan,Cabe/Lombok Keriting,kg,57500,12/12/2025
Sepinggan,Cabe/Lombok Keriting,kg,57500,12/15/2025
Sepinggan,Cabe/Lombok Keriting,kg,57500,12/16/2025
Sepinggan,Cabe/Lombok Keriting,kg,57500,12/17/2025
Sepinggan,Cabe/Lombok Keriting,kg,57500,12/18/2025
Sepinggan,Cabe/Lombok Keriting,kg,57500,12/19/2025
Sepinggan,Cabe/Lombok Keriting,kg,57500,12/22/2025
Sepinggan,Cabe/Lombok Keriting,kg,57500,12/23/2025
Sepinggan,Cabe/Lombok Keriting,kg,58000,12/24/2025
Sepinggan,Cabe/Lombok Keriting,kg,58000,12/29/2025
Sepinggan,Cabe/Lombok Keriting,kg,52000,12/30/2025
Sepinggan,Cabe/Lombok Keriting,kg,52000,12/31/2025
Sepinggan,Cabe/Lombok Keriting,kg,52000,1/2/2026
Sepinggan,Cabe/Lombok Keriting,kg,50000,1/2/2026
Sepinggan,Cabe/Lombok Keriting,kg,50000,1/3/2026
Sepinggan,Cabe/Lombok Keriting,kg,50000,1/4/2026
Sepinggan,Cabe/Lombok Keriting,kg,52000,1/5/2026
Sepinggan,Cabe/Lombok Keriting,kg,52000,1/6/2026
Sepinggan,Cabe/Lombok Keriting,kg,52000,1/7/2026
Sepinggan,Cabe/Lombok Keriting,kg,52000,1/8/2026
Sepinggan,Cabe/Lombok Keriting,kg,52000,1/9/2026
Sepinggan,Cabe/Lombok Keriting,kg,52000,1/12/2026
Sepinggan,Cabe/Lombok Keriting,kg,52000,1/13/2026
Sepinggan,Cabe/Lombok Keriting,kg,52000,1/14/2026
Sepinggan,Cabe/Lombok Keriting,kg,52000,1/15/2026
Sepinggan,Cabe/Lombok Keriting,kg,52000,1/19/2026
Sepinggan,Cabe/Lombok Keriting,kg,52000,1/20/2026
Sepinggan,Cabe/Lombok Keriting,kg,50000,1/21/2026
Sepinggan,Cabe/Lombok Keriting,kg,50000,1/22/2026
Sepinggan,Cabe/Lombok Keriting,kg,50000,1/23/2026
Sepinggan,Cabe/Lombok Keriting,kg,50000,1/26/2026
Sepinggan,Cabe/Lombok Keriting,kg,50000,1/27/2026
Sepinggan,Cabe/Lombok Keriting,kg,50000,1/28/2026
Sepinggan,Cabe/Lombok Keriting,kg,50000,1/29/2026
Sepinggan,Cabe/Lombok Keriting,kg,50000,1/30/2026
Sepinggan,Cabe/Lombok Keriting,kg,43000,2/2/2026
Sepinggan,Cabe/Lombok Keriting,kg,43000,2/3/2026
Sepinggan,Cabe/Lombok Keriting,kg,43000,2/4/2026
Sepinggan,Cabe/Lombok Keriting,kg,50000,2/5/2026
Sepinggan,Cabe/Lombok Keriting,kg,50000,2/6/2026
Sepinggan,Cabe/Lombok Keriting,kg,50000,2/9/2026
Sepinggan,Cabe/Lombok Keriting,kg,50000,2/10/2026
Sepinggan,Cabe/Lombok Keriting,kg,50000,2/11/2026
Sepinggan,Cabe/Lombok Keriting,kg,33000,2/12/2026
Sepinggan,Cabe/Lombok Keriting,kg,33000,2/13/2026
Sepinggan,Cabe/Lombok Keriting,kg,33000,2/18/2026
Sepinggan,Cabe/Lombok Keriting,kg,43000,2/19/2026
Sepinggan,Cabe/Lombok Keriting,kg,43000,2/20/2026
Sepinggan,Cabe/Lombok Keriting,kg,43000,2/23/2026
Sepinggan,Cabe/Lombok Keriting,kg,43000,2/24/2026
Sepinggan,Cabe/Lombok Keriting,kg,43000,2/25/2026
Sepinggan,Cabe/Lombok Keriting,kg,43000,2/26/2026
Sepinggan,Cabe/Lombok Keriting,kg,43000,2/27/2026
Sepinggan,Cabe/Lombok Keriting,kg,43000,3/1/2026
Sepinggan,Cabe/Lombok Keriting,kg,43000,3/5/2026
Sepinggan,Cabe/Lombok Keriting,kg,43000,3/6/2026
Sepinggan,Cabe/Lombok Keriting,kg,43000,3/9/2026
Sepinggan,Cabe/Lombok Keriting,kg,43000,3/10/2026
Sepinggan,Cabe/Lombok Keriting,kg,43000,3/11/2026
Sepinggan,Cabe/Lombok Keriting,kg,43000,3/12/2026
Sepinggan,Cabe/Lombok Keriting,kg,43000,3/13/2026
Sepinggan,Cabe/Lombok Keriting,kg,43000,3/17/2026
Sepinggan,Cabe/Lombok Keriting,kg,43000,3/25/2026
Sepinggan,Cabe/Lombok Keriting,kg,43000,3/26/2026
Sepinggan,Cabe/Lombok Keriting,kg,43000,3/27/2026
Sepinggan,Cabe/Lombok Keriting,kg,43000,3/30/2026
Sepinggan,Cabe/Lombok Keriting,kg,43000,3/31/2026
Sepinggan,Cabe/Lombok Keriting,kg,43000,4/2/2026
Sepinggan,Cabe/Lombok Keriting,kg,46000,4/4/2026
Sepinggan,Cabe/Lombok Keriting,kg,52000,4/5/2026
Sepinggan,Cabe/Lombok Keriting,kg,43000,4/6/2026
Sepinggan,Cabe/Lombok Keriting,kg,52000,4/6/2026
Sepinggan,Cabe/Lombok Keriting,kg,50000,4/7/2026
Sepinggan,Cabe/Lombok Keriting,kg,50000,4/8/2026
Sepinggan,Cabe/Lombok Keriting,kg,50000,4/9/2026
Sepinggan,Cabe/Lombok Keriting,kg,50000,4/10/2026
Sepinggan,Cabe/Lombok Keriting,kg,50000,4/13/2026
Sepinggan,Cabe/Lombok Keriting,kg,50000,4/14/2026
Sepinggan,Cabe/Lombok Keriting,kg,50000,4/15/2026
Sepinggan,Cabe/Lombok Keriting,kg,50000,4/16/2026
Sepinggan,Cabe/Lombok Keriting,kg,50000,4/17/2026
Sepinggan,Cabe/Lombok Keriting,kg,50000,4/20/2026
Sepinggan,Cabe/Lombok Keriting,kg,50000,4/21/2026
Sepinggan,Cabe/Lombok Keriting,kg,50000,4/22/2026
Sepinggan,Cabe/Lombok Keriting,kg,46000,4/23/2026
Sepinggan,Cabe/Lombok Keriting,kg,46000,4/24/2026
Sepinggan,Cabe/Lombok Keriting,kg,46000,4/27/2026
Sepinggan,Cabe/Lombok Keriting,kg,46000,4/28/2026
Sepinggan,Cabe/Lombok Keriting,kg,46000,4/29/2026
Sepinggan,Cabe/Lombok Keriting,kg,46000,4/30/2026
Sepinggan,Cabe/Lombok Keriting,kg,52000,5/7/2026
Sepinggan,Cabe/Lombok Keriting,kg,52000,5/8/2026
Sepinggan,Cabe/Lombok Keriting,kg,52000,5/11/2026
Sepinggan,Cabe/Lombok Keriting,kg,52000,5/12/2026
Sepinggan,Cabe/Lombok Keriting,kg,52000,5/13/2026
Sepinggan,Cabe/Lombok Keriting,kg,52000,5/18/2026
Sepinggan,Cabe/Lombok Keriting,kg,52000,5/19/2026
Sepinggan,Cabe/Lombok Keriting,kg,52000,5/20/2026
Sepinggan,Cabe/Lombok Keriting,kg,52000,5/21/2026
Sepinggan,Cabe/Lombok Keriting,kg,52000,5/22/2026
Sepinggan,Cabe/Lombok Merah Besar,kg,60000,1/1/2024
Sepinggan,Cabe/Lombok Merah Besar,kg,30000,1/2/2024
Sepinggan,Cabe/Lombok Merah Besar,kg,45000,1/3/2024
Sepinggan,Cabe/Lombok Merah Besar,kg,50000,1/4/2024
Sepinggan,Cabe/Lombok Merah Besar,kg,50000,1/5/2024
Sepinggan,Cabe/Lombok Merah Besar,kg,50000,1/8/2024
Sepinggan,Cabe/Lombok Merah Besar,kg,60000,1/9/2024
Sepinggan,Cabe/Lombok Merah Besar,kg,65000,1/10/2024
Sepinggan,Cabe/Lombok Merah Besar,kg,50000,1/11/2024
Sepinggan,Cabe/Lombok Merah Besar,kg,65000,1/12/2024
Sepinggan,Cabe/Lombok Merah Besar,kg,60000,1/15/2024
Sepinggan,Cabe/Lombok Merah Besar,kg,60000,1/16/2024
Sepinggan,Cabe/Lombok Merah Besar,kg,60000,1/17/2024
Sepinggan,Cabe/Lombok Merah Besar,kg,60000,1/18/2024
Sepinggan,Cabe/Lombok Merah Besar,kg,60000,1/19/2024
Sepinggan,Cabe/Lombok Merah Besar,kg,60000,1/22/2024
Sepinggan,Cabe/Lombok Merah Besar,kg,55000,1/23/2024
Sepinggan,Cabe/Lombok Merah Besar,kg,55000,1/24/2024
Sepinggan,Cabe/Lombok Merah Besar,kg,55000,1/25/2024
Sepinggan,Cabe/Lombok Merah Besar,kg,55000,1/26/2024
Sepinggan,Cabe/Lombok Merah Besar,kg,55000,1/29/2024
Sepinggan,Cabe/Lombok Merah Besar,kg,60000,1/30/2024
Sepinggan,Cabe/Lombok Merah Besar,kg,60000,1/31/2024
Sepinggan,Cabe/Lombok Merah Besar,kg,70000,2/1/2024
Sepinggan,Cabe/Lombok Merah Besar,kg,30000,2/5/2024
Sepinggan,Cabe/Lombok Merah Besar,kg,60000,2/6/2024
Sepinggan,Cabe/Lombok Merah Besar,kg,60000,2/7/2024
Sepinggan,Cabe/Lombok Merah Besar,kg,60000,2/12/2024
Sepinggan,Cabe/Lombok Merah Besar,kg,65000,2/13/2024
Sepinggan,Cabe/Lombok Merah Besar,kg,65000,2/15/2024
Sepinggan,Cabe/Lombok Merah Besar,kg,60000,2/16/2024
Sepinggan,Cabe/Lombok Merah Besar,kg,80000,2/19/2024
Sepinggan,Cabe/Lombok Merah Besar,kg,80000,2/20/2024
Sepinggan,Cabe/Lombok Merah Besar,kg,80000,2/21/2024
Sepinggan,Cabe/Lombok Merah Besar,kg,80000,2/22/2024
Sepinggan,Cabe/Lombok Merah Besar,kg,80000,2/23/2024
Sepinggan,Cabe/Lombok Merah Besar,kg,80000,2/26/2024
Sepinggan,Cabe/Lombok Merah Besar,kg,90000,2/27/2024
Sepinggan,Cabe/Lombok Merah Besar,kg,70000,2/28/2024
Sepinggan,Cabe/Lombok Merah Besar,kg,70000,2/29/2024
Sepinggan,Cabe/Lombok Merah Besar,kg,85000,3/4/2024
Sepinggan,Cabe/Lombok Merah Besar,kg,85000,3/5/2024
Sepinggan,Cabe/Lombok Merah Besar,kg,70000,3/6/2024
Sepinggan,Cabe/Lombok Merah Besar,kg,70000,3/7/2024
Sepinggan,Cabe/Lombok Merah Besar,kg,70000,3/8/2024
Sepinggan,Cabe/Lombok Merah Besar,kg,70000,3/13/2024
Sepinggan,Cabe/Lombok Merah Besar,kg,70000,3/14/2024
Sepinggan,Cabe/Lombok Merah Besar,kg,65000,3/15/2024
Sepinggan,Cabe/Lombok Merah Besar,kg,60000,3/18/2024
Sepinggan,Cabe/Lombok Merah Besar,kg,60000,3/19/2024
Sepinggan,Cabe/Lombok Merah Besar,kg,50000,3/20/2024
Sepinggan,Cabe/Lombok Merah Besar,kg,50000,3/21/2024
Sepinggan,Cabe/Lombok Merah Besar,kg,50000,3/22/2024
Sepinggan,Cabe/Lombok Merah Besar,kg,60000,3/25/2024
Sepinggan,Cabe/Lombok Merah Besar,kg,35000,3/26/2024
Sepinggan,Cabe/Lombok Merah Besar,kg,40000,3/27/2024
Sepinggan,Cabe/Lombok Merah Besar,kg,50000,3/28/2024
Sepinggan,Cabe/Lombok Merah Besar,kg,60000,4/1/2024
Sepinggan,Cabe/Lombok Merah Besar,kg,50000,4/2/2024
Sepinggan,Cabe/Lombok Merah Besar,kg,70000,4/2/2024
Sepinggan,Cabe/Lombok Merah Besar,kg,50000,4/3/2024
Sepinggan,Cabe/Lombok Merah Besar,kg,70000,4/3/2024
Sepinggan,Cabe/Lombok Merah Besar,kg,45000,4/4/2024
Sepinggan,Cabe/Lombok Merah Besar,kg,45000,4/5/2024
Sepinggan,Cabe/Lombok Merah Besar,kg,60000,4/16/2024
Sepinggan,Cabe/Lombok Merah Besar,kg,50000,4/17/2024
Sepinggan,Cabe/Lombok Merah Besar,kg,65000,4/18/2024
Sepinggan,Cabe/Lombok Merah Besar,kg,65000,4/19/2024
Sepinggan,Cabe/Lombok Merah Besar,kg,60000,4/22/2024
Sepinggan,Cabe/Lombok Merah Besar,kg,60000,4/23/2024
Sepinggan,Cabe/Lombok Merah Besar,kg,60000,4/24/2024
Sepinggan,Cabe/Lombok Merah Besar,kg,60000,4/25/2024
Sepinggan,Cabe/Lombok Merah Besar,kg,60000,4/26/2024
Sepinggan,Cabe/Lombok Merah Besar,kg,60000,4/29/2024
Sepinggan,Cabe/Lombok Merah Besar,kg,60000,4/30/2024
Sepinggan,Cabe/Lombok Merah Besar,kg,60000,5/6/2024
Sepinggan,Cabe/Lombok Merah Besar,kg,60000,5/7/2024
Sepinggan,Cabe/Lombok Merah Besar,kg,60000,5/8/2024
Sepinggan,Cabe/Lombok Merah Besar,kg,60000,5/13/2024
Sepinggan,Cabe/Lombok Merah Besar,kg,60000,5/14/2024
Sepinggan,Cabe/Lombok Merah Besar,kg,57500,5/15/2024
Sepinggan,Cabe/Lombok Merah Besar,kg,57500,5/16/2024
Sepinggan,Cabe/Lombok Merah Besar,kg,50000,5/17/2024
Sepinggan,Cabe/Lombok Merah Besar,kg,55000,5/20/2024
Sepinggan,Cabe/Lombok Merah Besar,kg,55000,5/21/2024
Sepinggan,Cabe/Lombok Merah Besar,kg,60000,5/22/2024
Sepinggan,Cabe/Lombok Merah Besar,kg,60000,5/27/2024
Sepinggan,Cabe/Lombok Merah Besar,kg,45000,5/28/2024
Sepinggan,Cabe/Lombok Merah Besar,kg,45000,5/30/2024
Sepinggan,Cabe/Lombok Merah Besar,kg,45000,5/31/2024
Sepinggan,Cabe/Lombok Merah Besar,kg,45000,6/3/2024
Sepinggan,Cabe/Lombok Merah Besar,kg,45000,6/4/2024
Sepinggan,Cabe/Lombok Merah Besar,kg,45000,6/5/2024
Sepinggan,Cabe/Lombok Merah Besar,kg,45000,6/6/2024
Sepinggan,Cabe/Lombok Merah Besar,kg,45000,6/7/2024
Sepinggan,Cabe/Lombok Merah Besar,kg,45000,6/10/2024
Sepinggan,Cabe/Lombok Merah Besar,kg,50000,6/11/2024
Sepinggan,Cabe/Lombok Merah Besar,kg,50000,6/12/2024
Sepinggan,Cabe/Lombok Merah Besar,kg,50000,6/13/2024
Sepinggan,Cabe/Lombok Merah Besar,kg,50000,6/14/2024
Sepinggan,Cabe/Lombok Merah Besar,kg,60000,6/19/2024
Sepinggan,Cabe/Lombok Merah Besar,kg,60000,6/20/2024
Sepinggan,Cabe/Lombok Merah Besar,kg,60000,6/21/2024
Sepinggan,Cabe/Lombok Merah Besar,kg,60000,6/24/2024
Sepinggan,Cabe/Lombok Merah Besar,kg,60000,6/25/2024
Sepinggan,Cabe/Lombok Merah Besar,kg,55000,6/26/2024
Sepinggan,Cabe/Lombok Merah Besar,kg,55000,6/27/2024
Sepinggan,Cabe/Lombok Merah Besar,kg,57500,6/28/2024
Sepinggan,Cabe/Lombok Merah Besar,kg,57500,7/1/2024
Sepinggan,Cabe/Lombok Merah Besar,kg,55000,7/1/2024
Sepinggan,Cabe/Lombok Merah Besar,kg,46000,7/2/2024
Sepinggan,Cabe/Lombok Merah Besar,kg,55000,7/2/2024
Sepinggan,Cabe/Lombok Merah Besar,kg,46000,7/3/2024
Sepinggan,Cabe/Lombok Merah Besar,kg,50000,7/4/2024
Sepinggan,Cabe/Lombok Merah Besar,kg,50000,7/5/2024
Sepinggan,Cabe/Lombok Merah Besar,kg,45000,7/8/2024
Sepinggan,Cabe/Lombok Merah Besar,kg,50000,7/9/2024
Sepinggan,Cabe/Lombok Merah Besar,kg,40000,7/10/2024
Sepinggan,Cabe/Lombok Merah Besar,kg,45000,7/11/2024
Sepinggan,Cabe/Lombok Merah Besar,kg,45000,7/12/2024
Sepinggan,Cabe/Lombok Merah Besar,kg,55000,7/15/2024
Sepinggan,Cabe/Lombok Merah Besar,kg,45000,7/16/2024
Sepinggan,Cabe/Lombok Merah Besar,kg,45000,7/17/2024
Sepinggan,Cabe/Lombok Merah Besar,kg,42500,7/18/2024
Sepinggan,Cabe/Lombok Merah Besar,kg,35000,7/19/2024
Sepinggan,Cabe/Lombok Merah Besar,kg,35000,7/22/2024
Sepinggan,Cabe/Lombok Merah Besar,kg,35000,7/23/2024
Sepinggan,Cabe/Lombok Merah Besar,kg,35000,7/24/2024
Sepinggan,Cabe/Lombok Merah Besar,kg,35000,7/25/2024
Sepinggan,Cabe/Lombok Merah Besar,kg,35000,7/26/2024
Sepinggan,Cabe/Lombok Merah Besar,kg,40000,7/29/2024
Sepinggan,Cabe/Lombok Merah Besar,kg,37500,7/30/2024
Sepinggan,Cabe/Lombok Merah Besar,kg,40000,7/31/2024
Sepinggan,Cabe/Lombok Merah Besar,kg,55000,8/5/2024
Sepinggan,Cabe/Lombok Merah Besar,kg,55000,8/6/2024
Sepinggan,Cabe/Lombok Merah Besar,kg,55000,8/7/2024
Sepinggan,Cabe/Lombok Merah Besar,kg,40000,8/8/2024
Sepinggan,Cabe/Lombok Merah Besar,kg,40000,8/9/2024
Sepinggan,Cabe/Lombok Merah Besar,kg,40000,8/12/2024
Sepinggan,Cabe/Lombok Merah Besar,kg,52500,8/13/2024
Sepinggan,Cabe/Lombok Merah Besar,kg,40000,8/14/2024
Sepinggan,Cabe/Lombok Merah Besar,kg,40000,8/15/2024
Sepinggan,Cabe/Lombok Merah Besar,kg,40000,8/16/2024
Sepinggan,Cabe/Lombok Merah Besar,kg,40000,8/19/2024
Sepinggan,Cabe/Lombok Merah Besar,kg,40000,8/20/2024
Sepinggan,Cabe/Lombok Merah Besar,kg,40000,8/21/2024
Sepinggan,Cabe/Lombok Merah Besar,kg,35000,8/22/2024
Sepinggan,Cabe/Lombok Merah Besar,kg,35000,8/23/2024
Sepinggan,Cabe/Lombok Merah Besar,kg,50000,8/26/2024
Sepinggan,Cabe/Lombok Merah Besar,kg,50000,8/27/2024
Sepinggan,Cabe/Lombok Merah Besar,kg,45000,8/28/2024
Sepinggan,Cabe/Lombok Merah Besar,kg,40000,8/29/2024
Sepinggan,Cabe/Lombok Merah Besar,kg,45000,8/30/2024
Sepinggan,Cabe/Lombok Merah Besar,kg,32500,9/1/2024
Sepinggan,Cabe/Lombok Merah Besar,kg,40000,9/2/2024
Sepinggan,Cabe/Lombok Merah Besar,kg,32500,9/2/2024
Sepinggan,Cabe/Lombok Merah Besar,kg,40000,9/3/2024
Sepinggan,Cabe/Lombok Merah Besar,kg,32500,9/3/2024
Sepinggan,Cabe/Lombok Merah Besar,kg,40000,9/4/2024
Sepinggan,Cabe/Lombok Merah Besar,kg,35000,9/4/2024
Sepinggan,Cabe/Lombok Merah Besar,kg,40000,9/5/2024
Sepinggan,Cabe/Lombok Merah Besar,kg,37500,9/6/2024
Sepinggan,Cabe/Lombok Merah Besar,kg,40000,9/9/2024
Sepinggan,Cabe/Lombok Merah Besar,kg,40000,9/10/2024
Sepinggan,Cabe/Lombok Merah Besar,kg,40000,9/11/2024
Sepinggan,Cabe/Lombok Merah Besar,kg,35000,9/12/2024
Sepinggan,Cabe/Lombok Merah Besar,kg,35000,9/13/2024
Sepinggan,Cabe/Lombok Merah Besar,kg,30000,9/17/2024
Sepinggan,Cabe/Lombok Merah Besar,kg,30000,9/18/2024
Sepinggan,Cabe/Lombok Merah Besar,kg,30000,9/19/2024
Sepinggan,Cabe/Lombok Merah Besar,kg,30000,9/20/2024
Sepinggan,Cabe/Lombok Merah Besar,kg,35000,9/23/2024
Sepinggan,Cabe/Lombok Merah Besar,kg,35000,9/24/2024
Sepinggan,Cabe/Lombok Merah Besar,kg,35000,9/25/2024
Sepinggan,Cabe/Lombok Merah Besar,kg,35000,9/26/2024
Sepinggan,Cabe/Lombok Merah Besar,kg,25000,9/27/2024
Sepinggan,Cabe/Lombok Merah Besar,kg,40000,9/30/2024
Sepinggan,Cabe/Lombok Merah Besar,kg,30000,10/1/2024
Sepinggan,Cabe/Lombok Merah Besar,kg,30000,10/7/2024
Sepinggan,Cabe/Lombok Merah Besar,kg,32500,10/8/2024
Sepinggan,Cabe/Lombok Merah Besar,kg,35000,10/9/2024
Sepinggan,Cabe/Lombok Merah Besar,kg,35000,10/10/2024
Sepinggan,Cabe/Lombok Merah Besar,kg,30000,10/11/2024
Sepinggan,Cabe/Lombok Merah Besar,kg,35000,10/14/2024
Sepinggan,Cabe/Lombok Merah Besar,kg,35000,10/15/2024
Sepinggan,Cabe/Lombok Merah Besar,kg,35000,10/16/2024
Sepinggan,Cabe/Lombok Merah Besar,kg,35000,10/17/2024
Sepinggan,Cabe/Lombok Merah Besar,kg,30000,10/18/2024
Sepinggan,Cabe/Lombok Merah Besar,kg,30000,10/21/2024
Sepinggan,Cabe/Lombok Merah Besar,kg,30000,10/22/2024
Sepinggan,Cabe/Lombok Merah Besar,kg,30000,10/23/2024
Sepinggan,Cabe/Lombok Merah Besar,kg,30000,10/24/2024
Sepinggan,Cabe/Lombok Merah Besar,kg,30000,10/25/2024
Sepinggan,Cabe/Lombok Merah Besar,kg,30000,10/28/2024
Sepinggan,Cabe/Lombok Merah Besar,kg,30000,10/29/2024
Sepinggan,Cabe/Lombok Merah Besar,kg,30000,10/30/2024
Sepinggan,Cabe/Lombok Merah Besar,kg,30000,10/31/2024
Sepinggan,Cabe/Lombok Merah Besar,kg,30000,11/4/2024
Sepinggan,Cabe/Lombok Merah Besar,kg,30000,11/5/2024
Sepinggan,Cabe/Lombok Merah Besar,kg,25000,11/6/2024
Sepinggan,Cabe/Lombok Merah Besar,kg,30000,11/7/2024
Sepinggan,Cabe/Lombok Merah Besar,kg,30000,11/8/2024
Sepinggan,Cabe/Lombok Merah Besar,kg,25000,11/11/2024
Sepinggan,Cabe/Lombok Merah Besar,kg,27500,11/12/2024
Sepinggan,Cabe/Lombok Merah Besar,kg,27500,11/13/2024
Sepinggan,Cabe/Lombok Merah Besar,kg,27500,11/14/2024
Sepinggan,Cabe/Lombok Merah Besar,kg,30000,11/15/2024
Sepinggan,Cabe/Lombok Merah Besar,kg,30000,11/18/2024
Sepinggan,Cabe/Lombok Merah Besar,kg,30000,11/19/2024
Sepinggan,Cabe/Lombok Merah Besar,kg,30000,11/20/2024
Sepinggan,Cabe/Lombok Merah Besar,kg,30000,11/21/2024
Sepinggan,Cabe/Lombok Merah Besar,kg,30000,11/22/2024
Sepinggan,Cabe/Lombok Merah Besar,kg,35000,11/25/2024
Sepinggan,Cabe/Lombok Merah Besar,kg,35000,11/26/2024
Sepinggan,Cabe/Lombok Merah Besar,kg,35000,11/28/2024
Sepinggan,Cabe/Lombok Merah Besar,kg,35000,11/29/2024
Sepinggan,Cabe/Lombok Merah Besar,kg,40000,12/2/2024
Sepinggan,Cabe/Lombok Merah Besar,kg,40000,12/3/2024
Sepinggan,Cabe/Lombok Merah Besar,kg,40000,12/4/2024
Sepinggan,Cabe/Lombok Merah Besar,kg,35000,12/5/2024
Sepinggan,Cabe/Lombok Merah Besar,kg,35000,12/6/2024
Sepinggan,Cabe/Lombok Merah Besar,kg,50000,12/9/2024
Sepinggan,Cabe/Lombok Merah Besar,kg,50000,12/10/2024
Sepinggan,Cabe/Lombok Merah Besar,kg,35000,12/11/2024
Sepinggan,Cabe/Lombok Merah Besar,kg,35000,12/12/2024
Sepinggan,Cabe/Lombok Merah Besar,kg,35000,12/13/2024
Sepinggan,Cabe/Lombok Merah Besar,kg,35000,12/16/2024
Sepinggan,Cabe/Lombok Merah Besar,kg,35000,12/17/2024
Sepinggan,Cabe/Lombok Merah Besar,kg,35000,12/18/2024
Sepinggan,Cabe/Lombok Merah Besar,kg,35000,12/19/2024
Sepinggan,Cabe/Lombok Merah Besar,kg,35000,12/20/2024
Sepinggan,Cabe/Lombok Merah Besar,kg,35000,12/23/2024
Sepinggan,Cabe/Lombok Merah Besar,kg,35000,12/24/2024
Sepinggan,Cabe/Lombok Merah Besar,kg,35000,12/27/2024
Sepinggan,Cabe/Lombok Merah Besar,kg,35000,12/30/2024
Sepinggan,Cabe/Lombok Merah Besar,kg,35000,12/31/2024
Sepinggan,Cabe/Lombok Merah Besar,kg,35000,1/2/2025
Sepinggan,Cabe/Lombok Merah Besar,kg,35000,1/3/2025
Sepinggan,Cabe/Lombok Merah Besar,kg,65000,1/3/2025
Sepinggan,Cabe/Lombok Merah Besar,kg,65000,1/4/2025
Sepinggan,Cabe/Lombok Merah Besar,kg,35000,1/6/2025
Sepinggan,Cabe/Lombok Merah Besar,kg,35000,1/7/2025
Sepinggan,Cabe/Lombok Merah Besar,kg,35000,1/8/2025
Sepinggan,Cabe/Lombok Merah Besar,kg,35000,1/9/2025
Sepinggan,Cabe/Lombok Merah Besar,kg,35000,1/10/2025
Sepinggan,Cabe/Lombok Merah Besar,kg,35000,1/13/2025
Sepinggan,Cabe/Lombok Merah Besar,kg,50000,1/14/2025
Sepinggan,Cabe/Lombok Merah Besar,kg,50000,1/15/2025
Sepinggan,Cabe/Lombok Merah Besar,kg,50000,1/16/2025
Sepinggan,Cabe/Lombok Merah Besar,kg,65000,1/20/2025
Sepinggan,Cabe/Lombok Merah Besar,kg,65000,1/21/2025
Sepinggan,Cabe/Lombok Merah Besar,kg,65000,1/22/2025
Sepinggan,Cabe/Lombok Merah Besar,kg,65000,1/23/2025
Sepinggan,Cabe/Lombok Merah Besar,kg,65000,1/24/2025
Sepinggan,Cabe/Lombok Merah Besar,kg,65000,1/30/2025
Sepinggan,Cabe/Lombok Merah Besar,kg,65000,1/31/2025
Sepinggan,Cabe/Lombok Merah Besar,kg,65000,2/3/2025
Sepinggan,Cabe/Lombok Merah Besar,kg,73000,2/4/2025
Sepinggan,Cabe/Lombok Merah Besar,kg,65000,2/5/2025
Sepinggan,Cabe/Lombok Merah Besar,kg,65000,2/6/2025
Sepinggan,Cabe/Lombok Merah Besar,kg,65000,2/7/2025
Sepinggan,Cabe/Lombok Merah Besar,kg,65000,2/10/2025
Sepinggan,Cabe/Lombok Merah Besar,kg,65000,2/11/2025
Sepinggan,Cabe/Lombok Merah Besar,kg,65000,2/12/2025
Sepinggan,Cabe/Lombok Merah Besar,kg,65000,2/13/2025
Sepinggan,Cabe/Lombok Merah Besar,kg,65000,2/14/2025
Sepinggan,Cabe/Lombok Merah Besar,kg,65000,2/17/2025
Sepinggan,Cabe/Lombok Merah Besar,kg,65000,2/18/2025
Sepinggan,Cabe/Lombok Merah Besar,kg,65000,2/19/2025
Sepinggan,Cabe/Lombok Merah Besar,kg,65000,2/20/2025
Sepinggan,Cabe/Lombok Merah Besar,kg,65000,2/21/2025
Sepinggan,Cabe/Lombok Merah Besar,kg,65000,2/24/2025
Sepinggan,Cabe/Lombok Merah Besar,kg,65000,2/25/2025
Sepinggan,Cabe/Lombok Merah Besar,kg,65000,2/26/2025
Sepinggan,Cabe/Lombok Merah Besar,kg,65000,2/27/2025
Sepinggan,Cabe/Lombok Merah Besar,kg,65000,2/28/2025
Sepinggan,Cabe/Lombok Merah Besar,kg,73000,3/5/2025
Sepinggan,Cabe/Lombok Merah Besar,kg,73000,3/6/2025
Sepinggan,Cabe/Lombok Merah Besar,kg,73000,3/7/2025
Sepinggan,Cabe/Lombok Merah Besar,kg,73000,3/10/2025
Sepinggan,Cabe/Lombok Merah Besar,kg,73000,3/11/2025
Sepinggan,Cabe/Lombok Merah Besar,kg,73000,3/12/2025
Sepinggan,Cabe/Lombok Merah Besar,kg,73000,3/13/2025
Sepinggan,Cabe/Lombok Merah Besar,kg,73000,3/14/2025
Sepinggan,Cabe/Lombok Merah Besar,kg,73000,3/17/2025
Sepinggan,Cabe/Lombok Merah Besar,kg,73000,3/18/2025
Sepinggan,Cabe/Lombok Merah Besar,kg,73000,3/19/2025
Sepinggan,Cabe/Lombok Merah Besar,kg,73000,3/20/2025
Sepinggan,Cabe/Lombok Merah Besar,kg,73000,3/21/2025
Sepinggan,Cabe/Lombok Merah Besar,kg,73000,3/24/2025
Sepinggan,Cabe/Lombok Merah Besar,kg,73000,3/25/2025
Sepinggan,Cabe/Lombok Merah Besar,kg,73000,3/26/2025
Sepinggan,Cabe/Lombok Merah Besar,kg,73000,3/27/2025
Sepinggan,Cabe/Lombok Merah Besar,kg,75000,4/2/2025
Sepinggan,Cabe/Lombok Merah Besar,kg,65000,4/5/2025
Sepinggan,Cabe/Lombok Merah Besar,kg,65000,4/6/2025
Sepinggan,Cabe/Lombok Merah Besar,kg,73000,4/8/2025
Sepinggan,Cabe/Lombok Merah Besar,kg,73000,4/9/2025
Sepinggan,Cabe/Lombok Merah Besar,kg,73000,4/10/2025
Sepinggan,Cabe/Lombok Merah Besar,kg,73000,4/11/2025
Sepinggan,Cabe/Lombok Merah Besar,kg,73000,4/14/2025
Sepinggan,Cabe/Lombok Merah Besar,kg,73000,4/15/2025
Sepinggan,Cabe/Lombok Merah Besar,kg,73000,4/16/2025
Sepinggan,Cabe/Lombok Merah Besar,kg,73000,4/17/2025
Sepinggan,Cabe/Lombok Merah Besar,kg,75000,4/21/2025
Sepinggan,Cabe/Lombok Merah Besar,kg,75000,4/22/2025
Sepinggan,Cabe/Lombok Merah Besar,kg,75000,4/23/2025
Sepinggan,Cabe/Lombok Merah Besar,kg,75000,4/24/2025
Sepinggan,Cabe/Lombok Merah Besar,kg,75000,4/25/2025
Sepinggan,Cabe/Lombok Merah Besar,kg,75000,4/28/2025
Sepinggan,Cabe/Lombok Merah Besar,kg,75000,4/29/2025
Sepinggan,Cabe/Lombok Merah Besar,kg,75000,4/30/2025
Sepinggan,Cabe/Lombok Merah Besar,kg,60000,5/2/2025
Sepinggan,Cabe/Lombok Merah Besar,kg,60000,5/3/2025
Sepinggan,Cabe/Lombok Merah Besar,kg,75000,5/7/2025
Sepinggan,Cabe/Lombok Merah Besar,kg,75000,5/8/2025
Sepinggan,Cabe/Lombok Merah Besar,kg,75000,5/9/2025
Sepinggan,Cabe/Lombok Merah Besar,kg,75000,5/14/2025
Sepinggan,Cabe/Lombok Merah Besar,kg,70000,5/15/2025
Sepinggan,Cabe/Lombok Merah Besar,kg,70000,5/16/2025
Sepinggan,Cabe/Lombok Merah Besar,kg,70000,5/19/2025
Sepinggan,Cabe/Lombok Merah Besar,kg,70000,5/20/2025
Sepinggan,Cabe/Lombok Merah Besar,kg,70000,5/21/2025
Sepinggan,Cabe/Lombok Merah Besar,kg,70000,5/22/2025
Sepinggan,Cabe/Lombok Merah Besar,kg,70000,5/23/2025
Sepinggan,Cabe/Lombok Merah Besar,kg,70000,5/26/2025
Sepinggan,Cabe/Lombok Merah Besar,kg,70000,5/27/2025
Sepinggan,Cabe/Lombok Merah Besar,kg,60000,5/28/2025
Sepinggan,Cabe/Lombok Merah Besar,kg,60000,6/1/2025
Sepinggan,Cabe/Lombok Merah Besar,kg,55000,6/4/2025
Sepinggan,Cabe/Lombok Merah Besar,kg,55000,6/5/2025
Sepinggan,Cabe/Lombok Merah Besar,kg,50000,6/10/2025
Sepinggan,Cabe/Lombok Merah Besar,kg,50000,6/11/2025
Sepinggan,Cabe/Lombok Merah Besar,kg,50000,6/12/2025
Sepinggan,Cabe/Lombok Merah Besar,kg,55000,6/13/2025
Sepinggan,Cabe/Lombok Merah Besar,kg,55000,6/16/2025
Sepinggan,Cabe/Lombok Merah Besar,kg,55000,6/17/2025
Sepinggan,Cabe/Lombok Merah Besar,kg,55000,6/18/2025
Sepinggan,Cabe/Lombok Merah Besar,kg,55000,6/19/2025
Sepinggan,Cabe/Lombok Merah Besar,kg,55000,6/20/2025
Sepinggan,Cabe/Lombok Merah Besar,kg,55000,6/23/2025
Sepinggan,Cabe/Lombok Merah Besar,kg,55000,6/24/2025
Sepinggan,Cabe/Lombok Merah Besar,kg,60000,6/25/2025
Sepinggan,Cabe/Lombok Merah Besar,kg,60000,6/26/2025
Sepinggan,Cabe/Lombok Merah Besar,kg,60000,6/30/2025
Sepinggan,Cabe/Lombok Merah Besar,kg,55000,7/1/2025
Sepinggan,Cabe/Lombok Merah Besar,kg,57000,7/2/2025
Sepinggan,Cabe/Lombok Merah Besar,kg,55000,7/3/2025
Sepinggan,Cabe/Lombok Merah Besar,kg,55000,7/4/2025
Sepinggan,Cabe/Lombok Merah Besar,kg,55000,7/4/2025
Sepinggan,Cabe/Lombok Merah Besar,kg,55000,7/5/2025
Sepinggan,Cabe/Lombok Merah Besar,kg,55000,7/7/2025
Sepinggan,Cabe/Lombok Merah Besar,kg,55000,7/8/2025
Sepinggan,Cabe/Lombok Merah Besar,kg,55000,7/9/2025
Sepinggan,Cabe/Lombok Merah Besar,kg,55000,7/10/2025
Sepinggan,Cabe/Lombok Merah Besar,kg,55000,7/11/2025
Sepinggan,Cabe/Lombok Merah Besar,kg,55000,7/14/2025
Sepinggan,Cabe/Lombok Merah Besar,kg,55000,7/15/2025
Sepinggan,Cabe/Lombok Merah Besar,kg,57000,7/16/2025
Sepinggan,Cabe/Lombok Merah Besar,kg,57000,7/17/2025
Sepinggan,Cabe/Lombok Merah Besar,kg,57000,7/18/2025
Sepinggan,Cabe/Lombok Merah Besar,kg,55000,7/21/2025
Sepinggan,Cabe/Lombok Merah Besar,kg,55000,7/22/2025
Sepinggan,Cabe/Lombok Merah Besar,kg,55000,7/23/2025
Sepinggan,Cabe/Lombok Merah Besar,kg,55000,7/24/2025
Sepinggan,Cabe/Lombok Merah Besar,kg,55000,7/25/2025
Sepinggan,Cabe/Lombok Merah Besar,kg,55000,7/28/2025
Sepinggan,Cabe/Lombok Merah Besar,kg,55000,7/29/2025
Sepinggan,Cabe/Lombok Merah Besar,kg,55000,7/30/2025
Sepinggan,Cabe/Lombok Merah Besar,kg,55000,7/31/2025
Sepinggan,Cabe/Lombok Merah Besar,kg,59000,8/1/2025
Sepinggan,Cabe/Lombok Merah Besar,kg,59000,8/2/2025
Sepinggan,Cabe/Lombok Merah Besar,kg,57000,8/6/2025
Sepinggan,Cabe/Lombok Merah Besar,kg,53000,8/7/2025
Sepinggan,Cabe/Lombok Merah Besar,kg,53000,8/8/2025
Sepinggan,Cabe/Lombok Merah Besar,kg,53000,8/11/2025
Sepinggan,Cabe/Lombok Merah Besar,kg,53000,8/12/2025
Sepinggan,Cabe/Lombok Merah Besar,kg,53000,8/13/2025
Sepinggan,Cabe/Lombok Merah Besar,kg,53000,8/14/2025
Sepinggan,Cabe/Lombok Merah Besar,kg,53000,8/15/2025
Sepinggan,Cabe/Lombok Merah Besar,kg,53000,8/19/2025
Sepinggan,Cabe/Lombok Merah Besar,kg,53000,8/20/2025
Sepinggan,Cabe/Lombok Merah Besar,kg,59000,8/21/2025
Sepinggan,Cabe/Lombok Merah Besar,kg,59000,8/22/2025
Sepinggan,Cabe/Lombok Merah Besar,kg,59000,8/25/2025
Sepinggan,Cabe/Lombok Merah Besar,kg,59000,8/26/2025
Sepinggan,Cabe/Lombok Merah Besar,kg,59000,8/27/2025
Sepinggan,Cabe/Lombok Merah Besar,kg,59000,8/28/2025
Sepinggan,Cabe/Lombok Merah Besar,kg,59000,8/29/2025
Sepinggan,Cabe/Lombok Merah Besar,kg,59000,9/3/2025
Sepinggan,Cabe/Lombok Merah Besar,kg,60000,9/4/2025
Sepinggan,Cabe/Lombok Merah Besar,kg,60000,9/8/2025
Sepinggan,Cabe/Lombok Merah Besar,kg,60000,9/9/2025
Sepinggan,Cabe/Lombok Merah Besar,kg,55000,9/10/2025
Sepinggan,Cabe/Lombok Merah Besar,kg,55000,9/11/2025
Sepinggan,Cabe/Lombok Merah Besar,kg,55000,9/12/2025
Sepinggan,Cabe/Lombok Merah Besar,kg,55000,9/15/2025
Sepinggan,Cabe/Lombok Merah Besar,kg,55000,9/16/2025
Sepinggan,Cabe/Lombok Merah Besar,kg,55000,9/17/2025
Sepinggan,Cabe/Lombok Merah Besar,kg,55000,9/18/2025
Sepinggan,Cabe/Lombok Merah Besar,kg,55000,9/19/2025
Sepinggan,Cabe/Lombok Merah Besar,kg,55000,9/22/2025
Sepinggan,Cabe/Lombok Merah Besar,kg,55000,9/23/2025
Sepinggan,Cabe/Lombok Merah Besar,kg,55000,9/24/2025
Sepinggan,Cabe/Lombok Merah Besar,kg,55000,9/25/2025
Sepinggan,Cabe/Lombok Merah Besar,kg,55000,9/26/2025
Sepinggan,Cabe/Lombok Merah Besar,kg,55000,9/29/2025
Sepinggan,Cabe/Lombok Merah Besar,kg,55000,9/30/2025
Sepinggan,Cabe/Lombok Merah Besar,kg,53000,10/1/2025
Sepinggan,Cabe/Lombok Merah Besar,kg,53000,10/2/2025
Sepinggan,Cabe/Lombok Merah Besar,kg,53000,10/3/2025
Sepinggan,Cabe/Lombok Merah Besar,kg,45000,10/3/2025
Sepinggan,Cabe/Lombok Merah Besar,kg,45000,10/4/2025
Sepinggan,Cabe/Lombok Merah Besar,kg,53000,10/6/2025
Sepinggan,Cabe/Lombok Merah Besar,kg,53000,10/7/2025
Sepinggan,Cabe/Lombok Merah Besar,kg,53000,10/8/2025
Sepinggan,Cabe/Lombok Merah Besar,kg,53000,10/9/2025
Sepinggan,Cabe/Lombok Merah Besar,kg,53000,10/10/2025
Sepinggan,Cabe/Lombok Merah Besar,kg,53000,10/13/2025
Sepinggan,Cabe/Lombok Merah Besar,kg,53000,10/14/2025
Sepinggan,Cabe/Lombok Merah Besar,kg,53000,10/15/2025
Sepinggan,Cabe/Lombok Merah Besar,kg,53000,10/16/2025
Sepinggan,Cabe/Lombok Merah Besar,kg,53000,10/17/2025
Sepinggan,Cabe/Lombok Merah Besar,kg,53000,10/20/2025
Sepinggan,Cabe/Lombok Merah Besar,kg,53000,10/22/2025
Sepinggan,Cabe/Lombok Merah Besar,kg,45000,10/23/2025
Sepinggan,Cabe/Lombok Merah Besar,kg,45000,10/24/2025
Sepinggan,Cabe/Lombok Merah Besar,kg,45000,10/27/2025
Sepinggan,Cabe/Lombok Merah Besar,kg,45000,10/28/2025
Sepinggan,Cabe/Lombok Merah Besar,kg,45000,10/29/2025
Sepinggan,Cabe/Lombok Merah Besar,kg,45000,10/30/2025
Sepinggan,Cabe/Lombok Merah Besar,kg,45000,10/31/2025
Sepinggan,Cabe/Lombok Merah Besar,kg,72500,11/1/2025
Sepinggan,Cabe/Lombok Merah Besar,kg,72500,11/2/2025
Sepinggan,Cabe/Lombok Merah Besar,kg,45000,11/5/2025
Sepinggan,Cabe/Lombok Merah Besar,kg,45000,11/6/2025
Sepinggan,Cabe/Lombok Merah Besar,kg,45000,11/7/2025
Sepinggan,Cabe/Lombok Merah Besar,kg,45000,11/10/2025
Sepinggan,Cabe/Lombok Merah Besar,kg,45000,11/11/2025
Sepinggan,Cabe/Lombok Merah Besar,kg,45000,11/12/2025
Sepinggan,Cabe/Lombok Merah Besar,kg,45000,11/13/2025
Sepinggan,Cabe/Lombok Merah Besar,kg,45000,11/14/2025
Sepinggan,Cabe/Lombok Merah Besar,kg,45000,11/17/2025
Sepinggan,Cabe/Lombok Merah Besar,kg,45000,11/18/2025
Sepinggan,Cabe/Lombok Merah Besar,kg,45000,11/19/2025
Sepinggan,Cabe/Lombok Merah Besar,kg,45000,11/20/2025
Sepinggan,Cabe/Lombok Merah Besar,kg,72500,11/21/2025
Sepinggan,Cabe/Lombok Merah Besar,kg,72500,11/24/2025
Sepinggan,Cabe/Lombok Merah Besar,kg,72500,11/25/2025
Sepinggan,Cabe/Lombok Merah Besar,kg,72500,11/26/2025
Sepinggan,Cabe/Lombok Merah Besar,kg,72500,11/27/2025
Sepinggan,Cabe/Lombok Merah Besar,kg,72500,11/28/2025
Sepinggan,Cabe/Lombok Merah Besar,kg,72500,12/3/2025
Sepinggan,Cabe/Lombok Merah Besar,kg,72500,12/4/2025
Sepinggan,Cabe/Lombok Merah Besar,kg,72500,12/5/2025
Sepinggan,Cabe/Lombok Merah Besar,kg,72500,12/8/2025
Sepinggan,Cabe/Lombok Merah Besar,kg,72500,12/9/2025
Sepinggan,Cabe/Lombok Merah Besar,kg,72500,12/10/2025
Sepinggan,Cabe/Lombok Merah Besar,kg,72500,12/11/2025
Sepinggan,Cabe/Lombok Merah Besar,kg,72500,12/12/2025
Sepinggan,Cabe/Lombok Merah Besar,kg,72500,12/15/2025
Sepinggan,Cabe/Lombok Merah Besar,kg,72500,12/16/2025
Sepinggan,Cabe/Lombok Merah Besar,kg,72500,12/17/2025
Sepinggan,Cabe/Lombok Merah Besar,kg,72500,12/18/2025
Sepinggan,Cabe/Lombok Merah Besar,kg,72500,12/19/2025
Sepinggan,Cabe/Lombok Merah Besar,kg,72500,12/22/2025
Sepinggan,Cabe/Lombok Merah Besar,kg,72500,12/23/2025
Sepinggan,Cabe/Lombok Merah Besar,kg,58000,12/24/2025
Sepinggan,Cabe/Lombok Merah Besar,kg,58000,12/29/2025
Sepinggan,Cabe/Lombok Merah Besar,kg,62000,12/30/2025
Sepinggan,Cabe/Lombok Merah Besar,kg,62000,12/31/2025
Sepinggan,Cabe/Lombok Merah Besar,kg,62000,1/2/2026
Sepinggan,Cabe/Lombok Merah Besar,kg,57000,1/2/2026
Sepinggan,Cabe/Lombok Merah Besar,kg,57000,1/3/2026
Sepinggan,Cabe/Lombok Merah Besar,kg,57000,1/4/2026
Sepinggan,Cabe/Lombok Merah Besar,kg,62000,1/5/2026
Sepinggan,Cabe/Lombok Merah Besar,kg,62000,1/6/2026
Sepinggan,Cabe/Lombok Merah Besar,kg,62000,1/7/2026
Sepinggan,Cabe/Lombok Merah Besar,kg,62000,1/8/2026
Sepinggan,Cabe/Lombok Merah Besar,kg,62000,1/9/2026
Sepinggan,Cabe/Lombok Merah Besar,kg,62000,1/12/2026
Sepinggan,Cabe/Lombok Merah Besar,kg,62000,1/13/2026
Sepinggan,Cabe/Lombok Merah Besar,kg,62000,1/14/2026
Sepinggan,Cabe/Lombok Merah Besar,kg,62000,1/15/2026
Sepinggan,Cabe/Lombok Merah Besar,kg,62000,1/19/2026
Sepinggan,Cabe/Lombok Merah Besar,kg,62000,1/20/2026
Sepinggan,Cabe/Lombok Merah Besar,kg,57000,1/21/2026
Sepinggan,Cabe/Lombok Merah Besar,kg,57000,1/22/2026
Sepinggan,Cabe/Lombok Merah Besar,kg,57000,1/23/2026
Sepinggan,Cabe/Lombok Merah Besar,kg,57000,1/26/2026
Sepinggan,Cabe/Lombok Merah Besar,kg,57000,1/27/2026
Sepinggan,Cabe/Lombok Merah Besar,kg,57000,1/28/2026
Sepinggan,Cabe/Lombok Merah Besar,kg,57000,1/29/2026
Sepinggan,Cabe/Lombok Merah Besar,kg,57000,1/30/2026
Sepinggan,Cabe/Lombok Merah Besar,kg,43000,2/2/2026
Sepinggan,Cabe/Lombok Merah Besar,kg,43000,2/3/2026
Sepinggan,Cabe/Lombok Merah Besar,kg,43000,2/4/2026
Sepinggan,Cabe/Lombok Merah Besar,kg,57000,2/5/2026
Sepinggan,Cabe/Lombok Merah Besar,kg,57000,2/6/2026
Sepinggan,Cabe/Lombok Merah Besar,kg,57000,2/9/2026
Sepinggan,Cabe/Lombok Merah Besar,kg,57000,2/10/2026
Sepinggan,Cabe/Lombok Merah Besar,kg,57000,2/11/2026
Sepinggan,Cabe/Lombok Merah Besar,kg,43000,2/12/2026
Sepinggan,Cabe/Lombok Merah Besar,kg,43000,2/13/2026
Sepinggan,Cabe/Lombok Merah Besar,kg,43000,2/18/2026
Sepinggan,Cabe/Lombok Merah Besar,kg,43000,2/19/2026
Sepinggan,Cabe/Lombok Merah Besar,kg,43000,2/20/2026
Sepinggan,Cabe/Lombok Merah Besar,kg,43000,2/23/2026
Sepinggan,Cabe/Lombok Merah Besar,kg,43000,2/24/2026
Sepinggan,Cabe/Lombok Merah Besar,kg,43000,2/25/2026
Sepinggan,Cabe/Lombok Merah Besar,kg,43000,2/26/2026
Sepinggan,Cabe/Lombok Merah Besar,kg,43000,2/27/2026
Sepinggan,Cabe/Lombok Merah Besar,kg,43000,3/1/2026
Sepinggan,Cabe/Lombok Merah Besar,kg,43000,3/5/2026
Sepinggan,Cabe/Lombok Merah Besar,kg,43000,3/6/2026
Sepinggan,Cabe/Lombok Merah Besar,kg,43000,3/9/2026
Sepinggan,Cabe/Lombok Merah Besar,kg,43000,3/10/2026
Sepinggan,Cabe/Lombok Merah Besar,kg,43000,3/11/2026
Sepinggan,Cabe/Lombok Merah Besar,kg,43000,3/12/2026
Sepinggan,Cabe/Lombok Merah Besar,kg,43000,3/13/2026
Sepinggan,Cabe/Lombok Merah Besar,kg,43000,3/17/2026
Sepinggan,Cabe/Lombok Merah Besar,kg,43000,3/25/2026
Sepinggan,Cabe/Lombok Merah Besar,kg,43000,3/26/2026
Sepinggan,Cabe/Lombok Merah Besar,kg,43000,3/27/2026
Sepinggan,Cabe/Lombok Merah Besar,kg,43000,3/30/2026
Sepinggan,Cabe/Lombok Merah Besar,kg,43000,3/31/2026
Sepinggan,Cabe/Lombok Merah Besar,kg,43000,4/2/2026
Sepinggan,Cabe/Lombok Merah Besar,kg,43000,4/4/2026
Sepinggan,Cabe/Lombok Merah Besar,kg,53000,4/5/2026
Sepinggan,Cabe/Lombok Merah Besar,kg,43000,4/6/2026
Sepinggan,Cabe/Lombok Merah Besar,kg,53000,4/6/2026
Sepinggan,Cabe/Lombok Merah Besar,kg,58000,4/7/2026
Sepinggan,Cabe/Lombok Merah Besar,kg,58000,4/8/2026
Sepinggan,Cabe/Lombok Merah Besar,kg,58000,4/9/2026
Sepinggan,Cabe/Lombok Merah Besar,kg,58000,4/10/2026
Sepinggan,Cabe/Lombok Merah Besar,kg,58000,4/13/2026
Sepinggan,Cabe/Lombok Merah Besar,kg,58000,4/14/2026
Sepinggan,Cabe/Lombok Merah Besar,kg,58000,4/15/2026
Sepinggan,Cabe/Lombok Merah Besar,kg,58000,4/16/2026
Sepinggan,Cabe/Lombok Merah Besar,kg,58000,4/17/2026
Sepinggan,Cabe/Lombok Merah Besar,kg,58000,4/20/2026
Sepinggan,Cabe/Lombok Merah Besar,kg,58000,4/21/2026
Sepinggan,Cabe/Lombok Merah Besar,kg,58000,4/22/2026
Sepinggan,Cabe/Lombok Merah Besar,kg,43000,4/23/2026
Sepinggan,Cabe/Lombok Merah Besar,kg,43000,4/24/2026
Sepinggan,Cabe/Lombok Merah Besar,kg,43000,4/27/2026
Sepinggan,Cabe/Lombok Merah Besar,kg,43000,4/28/2026
Sepinggan,Cabe/Lombok Merah Besar,kg,43000,4/29/2026
Sepinggan,Cabe/Lombok Merah Besar,kg,43000,4/30/2026
Sepinggan,Cabe/Lombok Merah Besar,kg,53000,5/7/2026
Sepinggan,Cabe/Lombok Merah Besar,kg,53000,5/8/2026
Sepinggan,Cabe/Lombok Merah Besar,kg,53000,5/11/2026
Sepinggan,Cabe/Lombok Merah Besar,kg,53000,5/12/2026
Sepinggan,Cabe/Lombok Merah Besar,kg,53000,5/13/2026
Sepinggan,Cabe/Lombok Merah Besar,kg,53000,5/18/2026
Sepinggan,Cabe/Lombok Merah Besar,kg,53000,5/19/2026
Sepinggan,Cabe/Lombok Merah Besar,kg,53000,5/20/2026
Sepinggan,Cabe/Lombok Merah Besar,kg,53000,5/21/2026
Sepinggan,Cabe/Lombok Merah Besar,kg,53000,5/22/2026
Sepinggan,Cabe/Lombok Rawit,kg,37500,1/1/2024
Sepinggan,Cabe/Lombok Rawit,kg,30000,1/2/2024
Sepinggan,Cabe/Lombok Rawit,kg,75000,1/3/2024
Sepinggan,Cabe/Lombok Rawit,kg,80000,1/4/2024
Sepinggan,Cabe/Lombok Rawit,kg,80000,1/5/2024
Sepinggan,Cabe/Lombok Rawit,kg,65000,1/8/2024
Sepinggan,Cabe/Lombok Rawit,kg,60000,1/9/2024
Sepinggan,Cabe/Lombok Rawit,kg,75000,1/10/2024
Sepinggan,Cabe/Lombok Rawit,kg,60000,1/11/2024
Sepinggan,Cabe/Lombok Rawit,kg,50000,1/12/2024
Sepinggan,Cabe/Lombok Rawit,kg,50000,1/15/2024
Sepinggan,Cabe/Lombok Rawit,kg,45000,1/16/2024
Sepinggan,Cabe/Lombok Rawit,kg,45000,1/17/2024
Sepinggan,Cabe/Lombok Rawit,kg,45000,1/18/2024
Sepinggan,Cabe/Lombok Rawit,kg,45000,1/19/2024
Sepinggan,Cabe/Lombok Rawit,kg,42500,1/22/2024
Sepinggan,Cabe/Lombok Rawit,kg,32500,1/23/2024
Sepinggan,Cabe/Lombok Rawit,kg,37500,1/24/2024
Sepinggan,Cabe/Lombok Rawit,kg,37500,1/25/2024
Sepinggan,Cabe/Lombok Rawit,kg,37500,1/26/2024
Sepinggan,Cabe/Lombok Rawit,kg,45000,1/29/2024
Sepinggan,Cabe/Lombok Rawit,kg,35000,1/30/2024
Sepinggan,Cabe/Lombok Rawit,kg,37500,1/31/2024
Sepinggan,Cabe/Lombok Rawit,kg,70000,2/1/2024
Sepinggan,Cabe/Lombok Rawit,kg,30000,2/5/2024
Sepinggan,Cabe/Lombok Rawit,kg,40000,2/6/2024
Sepinggan,Cabe/Lombok Rawit,kg,40000,2/7/2024
Sepinggan,Cabe/Lombok Rawit,kg,40000,2/12/2024
Sepinggan,Cabe/Lombok Rawit,kg,40000,2/13/2024
Sepinggan,Cabe/Lombok Rawit,kg,40000,2/15/2024
Sepinggan,Cabe/Lombok Rawit,kg,50000,2/16/2024
Sepinggan,Cabe/Lombok Rawit,kg,100000,2/19/2024
Sepinggan,Cabe/Lombok Rawit,kg,100000,2/20/2024
Sepinggan,Cabe/Lombok Rawit,kg,80000,2/21/2024
Sepinggan,Cabe/Lombok Rawit,kg,70000,2/22/2024
Sepinggan,Cabe/Lombok Rawit,kg,70000,2/23/2024
Sepinggan,Cabe/Lombok Rawit,kg,85000,2/26/2024
Sepinggan,Cabe/Lombok Rawit,kg,60000,2/27/2024
Sepinggan,Cabe/Lombok Rawit,kg,75000,2/28/2024
Sepinggan,Cabe/Lombok Rawit,kg,70000,2/29/2024
Sepinggan,Cabe/Lombok Rawit,kg,75000,3/4/2024
Sepinggan,Cabe/Lombok Rawit,kg,75000,3/5/2024
Sepinggan,Cabe/Lombok Rawit,kg,65000,3/6/2024
Sepinggan,Cabe/Lombok Rawit,kg,65000,3/7/2024
Sepinggan,Cabe/Lombok Rawit,kg,65000,3/8/2024
Sepinggan,Cabe/Lombok Rawit,kg,70000,3/13/2024
Sepinggan,Cabe/Lombok Rawit,kg,70000,3/14/2024
Sepinggan,Cabe/Lombok Rawit,kg,80000,3/15/2024
Sepinggan,Cabe/Lombok Rawit,kg,70000,3/18/2024
Sepinggan,Cabe/Lombok Rawit,kg,70000,3/19/2024
Sepinggan,Cabe/Lombok Rawit,kg,70000,3/20/2024
Sepinggan,Cabe/Lombok Rawit,kg,70000,3/21/2024
Sepinggan,Cabe/Lombok Rawit,kg,45000,3/22/2024
Sepinggan,Cabe/Lombok Rawit,kg,70000,3/25/2024
Sepinggan,Cabe/Lombok Rawit,kg,55000,3/26/2024
Sepinggan,Cabe/Lombok Rawit,kg,40000,3/27/2024
Sepinggan,Cabe/Lombok Rawit,kg,60000,3/28/2024
Sepinggan,Cabe/Lombok Rawit,kg,80000,4/1/2024
Sepinggan,Cabe/Lombok Rawit,kg,60000,4/2/2024
Sepinggan,Cabe/Lombok Rawit,kg,60000,4/2/2024
Sepinggan,Cabe/Lombok Rawit,kg,60000,4/3/2024
Sepinggan,Cabe/Lombok Rawit,kg,60000,4/3/2024
Sepinggan,Cabe/Lombok Rawit,kg,60000,4/4/2024
Sepinggan,Cabe/Lombok Rawit,kg,60000,4/5/2024
Sepinggan,Cabe/Lombok Rawit,kg,65000,4/16/2024
Sepinggan,Cabe/Lombok Rawit,kg,60000,4/17/2024
Sepinggan,Cabe/Lombok Rawit,kg,67500,4/18/2024
Sepinggan,Cabe/Lombok Rawit,kg,67500,4/19/2024
Sepinggan,Cabe/Lombok Rawit,kg,60000,4/22/2024
Sepinggan,Cabe/Lombok Rawit,kg,60000,4/23/2024
Sepinggan,Cabe/Lombok Rawit,kg,60000,4/24/2024
Sepinggan,Cabe/Lombok Rawit,kg,60000,4/25/2024
Sepinggan,Cabe/Lombok Rawit,kg,60000,4/26/2024
Sepinggan,Cabe/Lombok Rawit,kg,65000,4/29/2024
Sepinggan,Cabe/Lombok Rawit,kg,65000,4/30/2024
Sepinggan,Cabe/Lombok Rawit,kg,50000,5/6/2024
Sepinggan,Cabe/Lombok Rawit,kg,50000,5/7/2024
Sepinggan,Cabe/Lombok Rawit,kg,50000,5/8/2024
Sepinggan,Cabe/Lombok Rawit,kg,50000,5/13/2024
Sepinggan,Cabe/Lombok Rawit,kg,45000,5/14/2024
Sepinggan,Cabe/Lombok Rawit,kg,42500,5/15/2024
Sepinggan,Cabe/Lombok Rawit,kg,42500,5/16/2024
Sepinggan,Cabe/Lombok Rawit,kg,45000,5/17/2024
Sepinggan,Cabe/Lombok Rawit,kg,50000,5/20/2024
Sepinggan,Cabe/Lombok Rawit,kg,50000,5/21/2024
Sepinggan,Cabe/Lombok Rawit,kg,60000,5/22/2024
Sepinggan,Cabe/Lombok Rawit,kg,60000,5/27/2024
Sepinggan,Cabe/Lombok Rawit,kg,45000,5/28/2024
Sepinggan,Cabe/Lombok Rawit,kg,35000,5/30/2024
Sepinggan,Cabe/Lombok Rawit,kg,35000,5/31/2024
Sepinggan,Cabe/Lombok Rawit,kg,60000,6/3/2024
Sepinggan,Cabe/Lombok Rawit,kg,50000,6/4/2024
Sepinggan,Cabe/Lombok Rawit,kg,40000,6/5/2024
Sepinggan,Cabe/Lombok Rawit,kg,40000,6/6/2024
Sepinggan,Cabe/Lombok Rawit,kg,40000,6/7/2024
Sepinggan,Cabe/Lombok Rawit,kg,40000,6/10/2024
Sepinggan,Cabe/Lombok Rawit,kg,60000,6/11/2024
Sepinggan,Cabe/Lombok Rawit,kg,60000,6/12/2024
Sepinggan,Cabe/Lombok Rawit,kg,60000,6/13/2024
Sepinggan,Cabe/Lombok Rawit,kg,60000,6/14/2024
Sepinggan,Cabe/Lombok Rawit,kg,40000,6/19/2024
Sepinggan,Cabe/Lombok Rawit,kg,40000,6/20/2024
Sepinggan,Cabe/Lombok Rawit,kg,40000,6/21/2024
Sepinggan,Cabe/Lombok Rawit,kg,40000,6/24/2024
Sepinggan,Cabe/Lombok Rawit,kg,40000,6/25/2024
Sepinggan,Cabe/Lombok Rawit,kg,40000,6/26/2024
Sepinggan,Cabe/Lombok Rawit,kg,40000,6/27/2024
Sepinggan,Cabe/Lombok Rawit,kg,60000,6/28/2024
Sepinggan,Cabe/Lombok Rawit,kg,60000,7/1/2024
Sepinggan,Cabe/Lombok Rawit,kg,80000,7/1/2024
Sepinggan,Cabe/Lombok Rawit,kg,50000,7/2/2024
Sepinggan,Cabe/Lombok Rawit,kg,80000,7/2/2024
Sepinggan,Cabe/Lombok Rawit,kg,50000,7/3/2024
Sepinggan,Cabe/Lombok Rawit,kg,50000,7/4/2024
Sepinggan,Cabe/Lombok Rawit,kg,50000,7/5/2024
Sepinggan,Cabe/Lombok Rawit,kg,60000,7/8/2024
Sepinggan,Cabe/Lombok Rawit,kg,60000,7/9/2024
Sepinggan,Cabe/Lombok Rawit,kg,50000,7/10/2024
Sepinggan,Cabe/Lombok Rawit,kg,55000,7/11/2024
Sepinggan,Cabe/Lombok Rawit,kg,55000,7/12/2024
Sepinggan,Cabe/Lombok Rawit,kg,50000,7/15/2024
Sepinggan,Cabe/Lombok Rawit,kg,55000,7/16/2024
Sepinggan,Cabe/Lombok Rawit,kg,55000,7/17/2024
Sepinggan,Cabe/Lombok Rawit,kg,62500,7/18/2024
Sepinggan,Cabe/Lombok Rawit,kg,60000,7/19/2024
Sepinggan,Cabe/Lombok Rawit,kg,60000,7/22/2024
Sepinggan,Cabe/Lombok Rawit,kg,60000,7/23/2024
Sepinggan,Cabe/Lombok Rawit,kg,60000,7/24/2024
Sepinggan,Cabe/Lombok Rawit,kg,60000,7/25/2024
Sepinggan,Cabe/Lombok Rawit,kg,60000,7/26/2024
Sepinggan,Cabe/Lombok Rawit,kg,80000,7/29/2024
Sepinggan,Cabe/Lombok Rawit,kg,70000,7/30/2024
Sepinggan,Cabe/Lombok Rawit,kg,80000,7/31/2024
Sepinggan,Cabe/Lombok Rawit,kg,80000,8/5/2024
Sepinggan,Cabe/Lombok Rawit,kg,80000,8/6/2024
Sepinggan,Cabe/Lombok Rawit,kg,80000,8/7/2024
Sepinggan,Cabe/Lombok Rawit,kg,77500,8/8/2024
Sepinggan,Cabe/Lombok Rawit,kg,77500,8/9/2024
Sepinggan,Cabe/Lombok Rawit,kg,70000,8/12/2024
Sepinggan,Cabe/Lombok Rawit,kg,72500,8/13/2024
Sepinggan,Cabe/Lombok Rawit,kg,65000,8/14/2024
Sepinggan,Cabe/Lombok Rawit,kg,65000,8/15/2024
Sepinggan,Cabe/Lombok Rawit,kg,65000,8/16/2024
Sepinggan,Cabe/Lombok Rawit,kg,65000,8/19/2024
Sepinggan,Cabe/Lombok Rawit,kg,65000,8/20/2024
Sepinggan,Cabe/Lombok Rawit,kg,65000,8/21/2024
Sepinggan,Cabe/Lombok Rawit,kg,50000,8/22/2024
Sepinggan,Cabe/Lombok Rawit,kg,50000,8/23/2024
Sepinggan,Cabe/Lombok Rawit,kg,60000,8/26/2024
Sepinggan,Cabe/Lombok Rawit,kg,60000,8/27/2024
Sepinggan,Cabe/Lombok Rawit,kg,40000,8/28/2024
Sepinggan,Cabe/Lombok Rawit,kg,40000,8/29/2024
Sepinggan,Cabe/Lombok Rawit,kg,40000,8/30/2024
Sepinggan,Cabe/Lombok Rawit,kg,37500,9/1/2024
Sepinggan,Cabe/Lombok Rawit,kg,40000,9/2/2024
Sepinggan,Cabe/Lombok Rawit,kg,37500,9/2/2024
Sepinggan,Cabe/Lombok Rawit,kg,40000,9/3/2024
Sepinggan,Cabe/Lombok Rawit,kg,37500,9/3/2024
Sepinggan,Cabe/Lombok Rawit,kg,40000,9/4/2024
Sepinggan,Cabe/Lombok Rawit,kg,35000,9/4/2024
Sepinggan,Cabe/Lombok Rawit,kg,35000,9/5/2024
Sepinggan,Cabe/Lombok Rawit,kg,35000,9/6/2024
Sepinggan,Cabe/Lombok Rawit,kg,35000,9/9/2024
Sepinggan,Cabe/Lombok Rawit,kg,35000,9/10/2024
Sepinggan,Cabe/Lombok Rawit,kg,40000,9/11/2024
Sepinggan,Cabe/Lombok Rawit,kg,37500,9/12/2024
Sepinggan,Cabe/Lombok Rawit,kg,37500,9/13/2024
Sepinggan,Cabe/Lombok Rawit,kg,35000,9/17/2024
Sepinggan,Cabe/Lombok Rawit,kg,35000,9/18/2024
Sepinggan,Cabe/Lombok Rawit,kg,35000,9/19/2024
Sepinggan,Cabe/Lombok Rawit,kg,35000,9/20/2024
Sepinggan,Cabe/Lombok Rawit,kg,35000,9/23/2024
Sepinggan,Cabe/Lombok Rawit,kg,35000,9/24/2024
Sepinggan,Cabe/Lombok Rawit,kg,35000,9/25/2024
Sepinggan,Cabe/Lombok Rawit,kg,35000,9/26/2024
Sepinggan,Cabe/Lombok Rawit,kg,35000,9/27/2024
Sepinggan,Cabe/Lombok Rawit,kg,35000,9/30/2024
Sepinggan,Cabe/Lombok Rawit,kg,30000,10/1/2024
Sepinggan,Cabe/Lombok Rawit,kg,40000,10/7/2024
Sepinggan,Cabe/Lombok Rawit,kg,35000,10/8/2024
Sepinggan,Cabe/Lombok Rawit,kg,40000,10/9/2024
Sepinggan,Cabe/Lombok Rawit,kg,40000,10/10/2024
Sepinggan,Cabe/Lombok Rawit,kg,40000,10/11/2024
Sepinggan,Cabe/Lombok Rawit,kg,40000,10/14/2024
Sepinggan,Cabe/Lombok Rawit,kg,40000,10/15/2024
Sepinggan,Cabe/Lombok Rawit,kg,40000,10/16/2024
Sepinggan,Cabe/Lombok Rawit,kg,40000,10/17/2024
Sepinggan,Cabe/Lombok Rawit,kg,30000,10/18/2024
Sepinggan,Cabe/Lombok Rawit,kg,40000,10/21/2024
Sepinggan,Cabe/Lombok Rawit,kg,40000,10/22/2024
Sepinggan,Cabe/Lombok Rawit,kg,40000,10/23/2024
Sepinggan,Cabe/Lombok Rawit,kg,40000,10/24/2024
Sepinggan,Cabe/Lombok Rawit,kg,40000,10/25/2024
Sepinggan,Cabe/Lombok Rawit,kg,40000,10/28/2024
Sepinggan,Cabe/Lombok Rawit,kg,40000,10/29/2024
Sepinggan,Cabe/Lombok Rawit,kg,40000,10/30/2024
Sepinggan,Cabe/Lombok Rawit,kg,40000,10/31/2024
Sepinggan,Cabe/Lombok Rawit,kg,37500,11/4/2024
Sepinggan,Cabe/Lombok Rawit,kg,37500,11/5/2024
Sepinggan,Cabe/Lombok Rawit,kg,35000,11/6/2024
Sepinggan,Cabe/Lombok Rawit,kg,40000,11/7/2024
Sepinggan,Cabe/Lombok Rawit,kg,40000,11/8/2024
Sepinggan,Cabe/Lombok Rawit,kg,35000,11/11/2024
Sepinggan,Cabe/Lombok Rawit,kg,35000,11/12/2024
Sepinggan,Cabe/Lombok Rawit,kg,35000,11/13/2024
Sepinggan,Cabe/Lombok Rawit,kg,40000,11/14/2024
Sepinggan,Cabe/Lombok Rawit,kg,45000,11/15/2024
Sepinggan,Cabe/Lombok Rawit,kg,45000,11/18/2024
Sepinggan,Cabe/Lombok Rawit,kg,45000,11/19/2024
Sepinggan,Cabe/Lombok Rawit,kg,45000,11/20/2024
Sepinggan,Cabe/Lombok Rawit,kg,45000,11/21/2024
Sepinggan,Cabe/Lombok Rawit,kg,45000,11/22/2024
Sepinggan,Cabe/Lombok Rawit,kg,45000,11/25/2024
Sepinggan,Cabe/Lombok Rawit,kg,45000,11/26/2024
Sepinggan,Cabe/Lombok Rawit,kg,35000,11/28/2024
Sepinggan,Cabe/Lombok Rawit,kg,35000,11/29/2024
Sepinggan,Cabe/Lombok Rawit,kg,35000,12/2/2024
Sepinggan,Cabe/Lombok Rawit,kg,35000,12/3/2024
Sepinggan,Cabe/Lombok Rawit,kg,35000,12/4/2024
Sepinggan,Cabe/Lombok Rawit,kg,45000,12/5/2024
Sepinggan,Cabe/Lombok Rawit,kg,45000,12/6/2024
Sepinggan,Cabe/Lombok Rawit,kg,40000,12/9/2024
Sepinggan,Cabe/Lombok Rawit,kg,40000,12/10/2024
Sepinggan,Cabe/Lombok Rawit,kg,40000,12/11/2024
Sepinggan,Cabe/Lombok Rawit,kg,40000,12/12/2024
Sepinggan,Cabe/Lombok Rawit,kg,40000,12/13/2024
Sepinggan,Cabe/Lombok Rawit,kg,40000,12/16/2024
Sepinggan,Cabe/Lombok Rawit,kg,40000,12/17/2024
Sepinggan,Cabe/Lombok Rawit,kg,40000,12/18/2024
Sepinggan,Cabe/Lombok Rawit,kg,40000,12/19/2024
Sepinggan,Cabe/Lombok Rawit,kg,40000,12/20/2024
Sepinggan,Cabe/Lombok Rawit,kg,40000,12/23/2024
Sepinggan,Cabe/Lombok Rawit,kg,40000,12/24/2024
Sepinggan,Cabe/Lombok Rawit,kg,50000,12/27/2024
Sepinggan,Cabe/Lombok Rawit,kg,50000,12/30/2024
Sepinggan,Cabe/Lombok Rawit,kg,50000,12/31/2024
Sepinggan,Cabe/Lombok Rawit,kg,50000,1/2/2025
Sepinggan,Cabe/Lombok Rawit,kg,50000,1/3/2025
Sepinggan,Cabe/Lombok Rawit,kg,90000,1/3/2025
Sepinggan,Cabe/Lombok Rawit,kg,90000,1/4/2025
Sepinggan,Cabe/Lombok Rawit,kg,50000,1/6/2025
Sepinggan,Cabe/Lombok Rawit,kg,50000,1/7/2025
Sepinggan,Cabe/Lombok Rawit,kg,50000,1/8/2025
Sepinggan,Cabe/Lombok Rawit,kg,50000,1/9/2025
Sepinggan,Cabe/Lombok Rawit,kg,50000,1/10/2025
Sepinggan,Cabe/Lombok Rawit,kg,50000,1/13/2025
Sepinggan,Cabe/Lombok Rawit,kg,90000,1/14/2025
Sepinggan,Cabe/Lombok Rawit,kg,90000,1/15/2025
Sepinggan,Cabe/Lombok Rawit,kg,90000,1/16/2025
Sepinggan,Cabe/Lombok Rawit,kg,90000,1/20/2025
Sepinggan,Cabe/Lombok Rawit,kg,90000,1/21/2025
Sepinggan,Cabe/Lombok Rawit,kg,90000,1/22/2025
Sepinggan,Cabe/Lombok Rawit,kg,90000,1/23/2025
Sepinggan,Cabe/Lombok Rawit,kg,90000,1/24/2025
Sepinggan,Cabe/Lombok Rawit,kg,90000,1/30/2025
Sepinggan,Cabe/Lombok Rawit,kg,90000,1/31/2025
Sepinggan,Cabe/Lombok Rawit,kg,90000,2/3/2025
Sepinggan,Cabe/Lombok Rawit,kg,113000,2/4/2025
Sepinggan,Cabe/Lombok Rawit,kg,90000,2/5/2025
Sepinggan,Cabe/Lombok Rawit,kg,90000,2/6/2025
Sepinggan,Cabe/Lombok Rawit,kg,90000,2/7/2025
Sepinggan,Cabe/Lombok Rawit,kg,90000,2/10/2025
Sepinggan,Cabe/Lombok Rawit,kg,90000,2/11/2025
Sepinggan,Cabe/Lombok Rawit,kg,90000,2/12/2025
Sepinggan,Cabe/Lombok Rawit,kg,90000,2/13/2025
Sepinggan,Cabe/Lombok Rawit,kg,90000,2/14/2025
Sepinggan,Cabe/Lombok Rawit,kg,90000,2/17/2025
Sepinggan,Cabe/Lombok Rawit,kg,90000,2/18/2025
Sepinggan,Cabe/Lombok Rawit,kg,90000,2/19/2025
Sepinggan,Cabe/Lombok Rawit,kg,90000,2/20/2025
Sepinggan,Cabe/Lombok Rawit,kg,90000,2/21/2025
Sepinggan,Cabe/Lombok Rawit,kg,90000,2/24/2025
Sepinggan,Cabe/Lombok Rawit,kg,90000,2/25/2025
Sepinggan,Cabe/Lombok Rawit,kg,90000,2/26/2025
Sepinggan,Cabe/Lombok Rawit,kg,90000,2/27/2025
Sepinggan,Cabe/Lombok Rawit,kg,90000,2/28/2025
Sepinggan,Cabe/Lombok Rawit,kg,113000,3/5/2025
Sepinggan,Cabe/Lombok Rawit,kg,122500,3/6/2025
Sepinggan,Cabe/Lombok Rawit,kg,122500,3/7/2025
Sepinggan,Cabe/Lombok Rawit,kg,122500,3/10/2025
Sepinggan,Cabe/Lombok Rawit,kg,122500,3/11/2025
Sepinggan,Cabe/Lombok Rawit,kg,122500,3/12/2025
Sepinggan,Cabe/Lombok Rawit,kg,122500,3/13/2025
Sepinggan,Cabe/Lombok Rawit,kg,122500,3/14/2025
Sepinggan,Cabe/Lombok Rawit,kg,122500,3/17/2025
Sepinggan,Cabe/Lombok Rawit,kg,122500,3/18/2025
Sepinggan,Cabe/Lombok Rawit,kg,122500,3/19/2025
Sepinggan,Cabe/Lombok Rawit,kg,122500,3/20/2025
Sepinggan,Cabe/Lombok Rawit,kg,122500,3/21/2025
Sepinggan,Cabe/Lombok Rawit,kg,110000,3/24/2025
Sepinggan,Cabe/Lombok Rawit,kg,110000,3/25/2025
Sepinggan,Cabe/Lombok Rawit,kg,110000,3/26/2025
Sepinggan,Cabe/Lombok Rawit,kg,110000,3/27/2025
Sepinggan,Cabe/Lombok Rawit,kg,95000,4/2/2025
Sepinggan,Cabe/Lombok Rawit,kg,63000,4/5/2025
Sepinggan,Cabe/Lombok Rawit,kg,65000,4/6/2025
Sepinggan,Cabe/Lombok Rawit,kg,110000,4/8/2025
Sepinggan,Cabe/Lombok Rawit,kg,110000,4/9/2025
Sepinggan,Cabe/Lombok Rawit,kg,75000,4/10/2025
Sepinggan,Cabe/Lombok Rawit,kg,75000,4/11/2025
Sepinggan,Cabe/Lombok Rawit,kg,75000,4/14/2025
Sepinggan,Cabe/Lombok Rawit,kg,75000,4/15/2025
Sepinggan,Cabe/Lombok Rawit,kg,75000,4/16/2025
Sepinggan,Cabe/Lombok Rawit,kg,75000,4/17/2025
Sepinggan,Cabe/Lombok Rawit,kg,93000,4/21/2025
Sepinggan,Cabe/Lombok Rawit,kg,93000,4/22/2025
Sepinggan,Cabe/Lombok Rawit,kg,93000,4/23/2025
Sepinggan,Cabe/Lombok Rawit,kg,93000,4/24/2025
Sepinggan,Cabe/Lombok Rawit,kg,93000,4/25/2025
Sepinggan,Cabe/Lombok Rawit,kg,93000,4/28/2025
Sepinggan,Cabe/Lombok Rawit,kg,93000,4/29/2025
Sepinggan,Cabe/Lombok Rawit,kg,93000,4/30/2025
Sepinggan,Cabe/Lombok Rawit,kg,40000,5/2/2025
Sepinggan,Cabe/Lombok Rawit,kg,40000,5/3/2025
Sepinggan,Cabe/Lombok Rawit,kg,67500,5/7/2025
Sepinggan,Cabe/Lombok Rawit,kg,67500,5/8/2025
Sepinggan,Cabe/Lombok Rawit,kg,68000,5/9/2025
Sepinggan,Cabe/Lombok Rawit,kg,68000,5/14/2025
Sepinggan,Cabe/Lombok Rawit,kg,55000,5/15/2025
Sepinggan,Cabe/Lombok Rawit,kg,55000,5/16/2025
Sepinggan,Cabe/Lombok Rawit,kg,55000,5/19/2025
Sepinggan,Cabe/Lombok Rawit,kg,55000,5/20/2025
Sepinggan,Cabe/Lombok Rawit,kg,50000,5/21/2025
Sepinggan,Cabe/Lombok Rawit,kg,50000,5/22/2025
Sepinggan,Cabe/Lombok Rawit,kg,50000,5/23/2025
Sepinggan,Cabe/Lombok Rawit,kg,42500,5/26/2025
Sepinggan,Cabe/Lombok Rawit,kg,42500,5/27/2025
Sepinggan,Cabe/Lombok Rawit,kg,40000,5/28/2025
Sepinggan,Cabe/Lombok Rawit,kg,58000,6/1/2025
Sepinggan,Cabe/Lombok Rawit,kg,35000,6/4/2025
Sepinggan,Cabe/Lombok Rawit,kg,35000,6/5/2025
Sepinggan,Cabe/Lombok Rawit,kg,37500,6/10/2025
Sepinggan,Cabe/Lombok Rawit,kg,37500,6/11/2025
Sepinggan,Cabe/Lombok Rawit,kg,37500,6/12/2025
Sepinggan,Cabe/Lombok Rawit,kg,42500,6/13/2025
Sepinggan,Cabe/Lombok Rawit,kg,42500,6/16/2025
Sepinggan,Cabe/Lombok Rawit,kg,42500,6/17/2025
Sepinggan,Cabe/Lombok Rawit,kg,40000,6/18/2025
Sepinggan,Cabe/Lombok Rawit,kg,40000,6/19/2025
Sepinggan,Cabe/Lombok Rawit,kg,40000,6/20/2025
Sepinggan,Cabe/Lombok Rawit,kg,40000,6/23/2025
Sepinggan,Cabe/Lombok Rawit,kg,40000,6/24/2025
Sepinggan,Cabe/Lombok Rawit,kg,58000,6/25/2025
Sepinggan,Cabe/Lombok Rawit,kg,58000,6/26/2025
Sepinggan,Cabe/Lombok Rawit,kg,58000,6/30/2025
Sepinggan,Cabe/Lombok Rawit,kg,60000,7/1/2025
Sepinggan,Cabe/Lombok Rawit,kg,58000,7/2/2025
Sepinggan,Cabe/Lombok Rawit,kg,58000,7/3/2025
Sepinggan,Cabe/Lombok Rawit,kg,58000,7/4/2025
Sepinggan,Cabe/Lombok Rawit,kg,60000,7/4/2025
Sepinggan,Cabe/Lombok Rawit,kg,60000,7/5/2025
Sepinggan,Cabe/Lombok Rawit,kg,58000,7/7/2025
Sepinggan,Cabe/Lombok Rawit,kg,58000,7/8/2025
Sepinggan,Cabe/Lombok Rawit,kg,58000,7/9/2025
Sepinggan,Cabe/Lombok Rawit,kg,60000,7/10/2025
Sepinggan,Cabe/Lombok Rawit,kg,60000,7/11/2025
Sepinggan,Cabe/Lombok Rawit,kg,60000,7/14/2025
Sepinggan,Cabe/Lombok Rawit,kg,60000,7/15/2025
Sepinggan,Cabe/Lombok Rawit,kg,57000,7/16/2025
Sepinggan,Cabe/Lombok Rawit,kg,57000,7/17/2025
Sepinggan,Cabe/Lombok Rawit,kg,57000,7/18/2025
Sepinggan,Cabe/Lombok Rawit,kg,50000,7/21/2025
Sepinggan,Cabe/Lombok Rawit,kg,50000,7/22/2025
Sepinggan,Cabe/Lombok Rawit,kg,50000,7/23/2025
Sepinggan,Cabe/Lombok Rawit,kg,50000,7/24/2025
Sepinggan,Cabe/Lombok Rawit,kg,50000,7/25/2025
Sepinggan,Cabe/Lombok Rawit,kg,50000,7/28/2025
Sepinggan,Cabe/Lombok Rawit,kg,50000,7/29/2025
Sepinggan,Cabe/Lombok Rawit,kg,60000,7/30/2025
Sepinggan,Cabe/Lombok Rawit,kg,60000,7/31/2025
Sepinggan,Cabe/Lombok Rawit,kg,57500,8/1/2025
Sepinggan,Cabe/Lombok Rawit,kg,47000,8/2/2025
Sepinggan,Cabe/Lombok Rawit,kg,62000,8/6/2025
Sepinggan,Cabe/Lombok Rawit,kg,63000,8/7/2025
Sepinggan,Cabe/Lombok Rawit,kg,55000,8/8/2025
Sepinggan,Cabe/Lombok Rawit,kg,55000,8/11/2025
Sepinggan,Cabe/Lombok Rawit,kg,55000,8/12/2025
Sepinggan,Cabe/Lombok Rawit,kg,53000,8/13/2025
Sepinggan,Cabe/Lombok Rawit,kg,53000,8/14/2025
Sepinggan,Cabe/Lombok Rawit,kg,53000,8/15/2025
Sepinggan,Cabe/Lombok Rawit,kg,53000,8/19/2025
Sepinggan,Cabe/Lombok Rawit,kg,53000,8/20/2025
Sepinggan,Cabe/Lombok Rawit,kg,57500,8/21/2025
Sepinggan,Cabe/Lombok Rawit,kg,57500,8/22/2025
Sepinggan,Cabe/Lombok Rawit,kg,57500,8/25/2025
Sepinggan,Cabe/Lombok Rawit,kg,57500,8/26/2025
Sepinggan,Cabe/Lombok Rawit,kg,57500,8/27/2025
Sepinggan,Cabe/Lombok Rawit,kg,57500,8/28/2025
Sepinggan,Cabe/Lombok Rawit,kg,57500,8/29/2025
Sepinggan,Cabe/Lombok Rawit,kg,47000,9/3/2025
Sepinggan,Cabe/Lombok Rawit,kg,52000,9/4/2025
Sepinggan,Cabe/Lombok Rawit,kg,52000,9/8/2025
Sepinggan,Cabe/Lombok Rawit,kg,52000,9/9/2025
Sepinggan,Cabe/Lombok Rawit,kg,53000,9/10/2025
Sepinggan,Cabe/Lombok Rawit,kg,53000,9/11/2025
Sepinggan,Cabe/Lombok Rawit,kg,53000,9/12/2025
Sepinggan,Cabe/Lombok Rawit,kg,53000,9/15/2025
Sepinggan,Cabe/Lombok Rawit,kg,53000,9/16/2025
Sepinggan,Cabe/Lombok Rawit,kg,37000,9/17/2025
Sepinggan,Cabe/Lombok Rawit,kg,37000,9/18/2025
Sepinggan,Cabe/Lombok Rawit,kg,37000,9/19/2025
Sepinggan,Cabe/Lombok Rawit,kg,37000,9/22/2025
Sepinggan,Cabe/Lombok Rawit,kg,37000,9/23/2025
Sepinggan,Cabe/Lombok Rawit,kg,37000,9/24/2025
Sepinggan,Cabe/Lombok Rawit,kg,37000,9/25/2025
Sepinggan,Cabe/Lombok Rawit,kg,37000,9/26/2025
Sepinggan,Cabe/Lombok Rawit,kg,37000,9/29/2025
Sepinggan,Cabe/Lombok Rawit,kg,37000,9/30/2025
Sepinggan,Cabe/Lombok Rawit,kg,33000,10/1/2025
Sepinggan,Cabe/Lombok Rawit,kg,33000,10/2/2025
Sepinggan,Cabe/Lombok Rawit,kg,33000,10/3/2025
Sepinggan,Cabe/Lombok Rawit,kg,32500,10/3/2025
Sepinggan,Cabe/Lombok Rawit,kg,32500,10/4/2025
Sepinggan,Cabe/Lombok Rawit,kg,33000,10/6/2025
Sepinggan,Cabe/Lombok Rawit,kg,33000,10/7/2025
Sepinggan,Cabe/Lombok Rawit,kg,33000,10/8/2025
Sepinggan,Cabe/Lombok Rawit,kg,33000,10/9/2025
Sepinggan,Cabe/Lombok Rawit,kg,33000,10/10/2025
Sepinggan,Cabe/Lombok Rawit,kg,33000,10/13/2025
Sepinggan,Cabe/Lombok Rawit,kg,33000,10/14/2025
Sepinggan,Cabe/Lombok Rawit,kg,33000,10/15/2025
Sepinggan,Cabe/Lombok Rawit,kg,33000,10/16/2025
Sepinggan,Cabe/Lombok Rawit,kg,33000,10/17/2025
Sepinggan,Cabe/Lombok Rawit,kg,33000,10/20/2025
Sepinggan,Cabe/Lombok Rawit,kg,33000,10/22/2025
Sepinggan,Cabe/Lombok Rawit,kg,32500,10/23/2025
Sepinggan,Cabe/Lombok Rawit,kg,32500,10/24/2025
Sepinggan,Cabe/Lombok Rawit,kg,32500,10/27/2025
Sepinggan,Cabe/Lombok Rawit,kg,32500,10/28/2025
Sepinggan,Cabe/Lombok Rawit,kg,32500,10/29/2025
Sepinggan,Cabe/Lombok Rawit,kg,32500,10/30/2025
Sepinggan,Cabe/Lombok Rawit,kg,32500,10/31/2025
Sepinggan,Cabe/Lombok Rawit,kg,37000,11/1/2025
Sepinggan,Cabe/Lombok Rawit,kg,75000,11/2/2025
Sepinggan,Cabe/Lombok Rawit,kg,32500,11/5/2025
Sepinggan,Cabe/Lombok Rawit,kg,32500,11/6/2025
Sepinggan,Cabe/Lombok Rawit,kg,32500,11/7/2025
Sepinggan,Cabe/Lombok Rawit,kg,29000,11/10/2025
Sepinggan,Cabe/Lombok Rawit,kg,29000,11/11/2025
Sepinggan,Cabe/Lombok Rawit,kg,29000,11/12/2025
Sepinggan,Cabe/Lombok Rawit,kg,29000,11/13/2025
Sepinggan,Cabe/Lombok Rawit,kg,29000,11/14/2025
Sepinggan,Cabe/Lombok Rawit,kg,29000,11/17/2025
Sepinggan,Cabe/Lombok Rawit,kg,29000,11/18/2025
Sepinggan,Cabe/Lombok Rawit,kg,29000,11/19/2025
Sepinggan,Cabe/Lombok Rawit,kg,29000,11/20/2025
Sepinggan,Cabe/Lombok Rawit,kg,37000,11/21/2025
Sepinggan,Cabe/Lombok Rawit,kg,37000,11/24/2025
Sepinggan,Cabe/Lombok Rawit,kg,37000,11/25/2025
Sepinggan,Cabe/Lombok Rawit,kg,37000,11/26/2025
Sepinggan,Cabe/Lombok Rawit,kg,37000,11/27/2025
Sepinggan,Cabe/Lombok Rawit,kg,37000,11/28/2025
Sepinggan,Cabe/Lombok Rawit,kg,75000,12/3/2025
Sepinggan,Cabe/Lombok Rawit,kg,75000,12/4/2025
Sepinggan,Cabe/Lombok Rawit,kg,75000,12/5/2025
Sepinggan,Cabe/Lombok Rawit,kg,75000,12/8/2025
Sepinggan,Cabe/Lombok Rawit,kg,75000,12/9/2025
Sepinggan,Cabe/Lombok Rawit,kg,75000,12/10/2025
Sepinggan,Cabe/Lombok Rawit,kg,75000,12/11/2025
Sepinggan,Cabe/Lombok Rawit,kg,75000,12/12/2025
Sepinggan,Cabe/Lombok Rawit,kg,75000,12/15/2025
Sepinggan,Cabe/Lombok Rawit,kg,75000,12/16/2025
Sepinggan,Cabe/Lombok Rawit,kg,75000,12/17/2025
Sepinggan,Cabe/Lombok Rawit,kg,75000,12/18/2025
Sepinggan,Cabe/Lombok Rawit,kg,75000,12/19/2025
Sepinggan,Cabe/Lombok Rawit,kg,75000,12/22/2025
Sepinggan,Cabe/Lombok Rawit,kg,75000,12/23/2025
Sepinggan,Cabe/Lombok Rawit,kg,73000,12/24/2025
Sepinggan,Cabe/Lombok Rawit,kg,73000,12/29/2025
Sepinggan,Cabe/Lombok Rawit,kg,62000,12/30/2025
Sepinggan,Cabe/Lombok Rawit,kg,62000,12/31/2025
Sepinggan,Cabe/Lombok Rawit,kg,62000,1/2/2026
Sepinggan,Cabe/Lombok Rawit,kg,58000,1/2/2026
Sepinggan,Cabe/Lombok Rawit,kg,58000,1/3/2026
Sepinggan,Cabe/Lombok Rawit,kg,58000,1/4/2026
Sepinggan,Cabe/Lombok Rawit,kg,62000,1/5/2026
Sepinggan,Cabe/Lombok Rawit,kg,62000,1/6/2026
Sepinggan,Cabe/Lombok Rawit,kg,62000,1/7/2026
Sepinggan,Cabe/Lombok Rawit,kg,62000,1/8/2026
Sepinggan,Cabe/Lombok Rawit,kg,62000,1/9/2026
Sepinggan,Cabe/Lombok Rawit,kg,62000,1/12/2026
Sepinggan,Cabe/Lombok Rawit,kg,62000,1/13/2026
Sepinggan,Cabe/Lombok Rawit,kg,62000,1/14/2026
Sepinggan,Cabe/Lombok Rawit,kg,62000,1/15/2026
Sepinggan,Cabe/Lombok Rawit,kg,62000,1/19/2026
Sepinggan,Cabe/Lombok Rawit,kg,62000,1/20/2026
Sepinggan,Cabe/Lombok Rawit,kg,58000,1/21/2026
Sepinggan,Cabe/Lombok Rawit,kg,58000,1/22/2026
Sepinggan,Cabe/Lombok Rawit,kg,58000,1/23/2026
Sepinggan,Cabe/Lombok Rawit,kg,58000,1/26/2026
Sepinggan,Cabe/Lombok Rawit,kg,58000,1/27/2026
Sepinggan,Cabe/Lombok Rawit,kg,58000,1/28/2026
Sepinggan,Cabe/Lombok Rawit,kg,58000,1/29/2026
Sepinggan,Cabe/Lombok Rawit,kg,58000,1/30/2026
Sepinggan,Cabe/Lombok Rawit,kg,50000,2/2/2026
Sepinggan,Cabe/Lombok Rawit,kg,73000,2/3/2026
Sepinggan,Cabe/Lombok Rawit,kg,73000,2/4/2026
Sepinggan,Cabe/Lombok Rawit,kg,58000,2/5/2026
Sepinggan,Cabe/Lombok Rawit,kg,58000,2/6/2026
Sepinggan,Cabe/Lombok Rawit,kg,58000,2/9/2026
Sepinggan,Cabe/Lombok Rawit,kg,58000,2/10/2026
Sepinggan,Cabe/Lombok Rawit,kg,58000,2/11/2026
Sepinggan,Cabe/Lombok Rawit,kg,65000,2/12/2026
Sepinggan,Cabe/Lombok Rawit,kg,65000,2/13/2026
Sepinggan,Cabe/Lombok Rawit,kg,65000,2/18/2026
Sepinggan,Cabe/Lombok Rawit,kg,50000,2/19/2026
Sepinggan,Cabe/Lombok Rawit,kg,50000,2/20/2026
Sepinggan,Cabe/Lombok Rawit,kg,50000,2/23/2026
Sepinggan,Cabe/Lombok Rawit,kg,50000,2/24/2026
Sepinggan,Cabe/Lombok Rawit,kg,50000,2/25/2026
Sepinggan,Cabe/Lombok Rawit,kg,50000,2/26/2026
Sepinggan,Cabe/Lombok Rawit,kg,50000,2/27/2026
Sepinggan,Cabe/Lombok Rawit,kg,73000,3/1/2026
Sepinggan,Cabe/Lombok Rawit,kg,73000,3/5/2026
Sepinggan,Cabe/Lombok Rawit,kg,73000,3/6/2026
Sepinggan,Cabe/Lombok Rawit,kg,73000,3/9/2026
Sepinggan,Cabe/Lombok Rawit,kg,73000,3/10/2026
Sepinggan,Cabe/Lombok Rawit,kg,73000,3/11/2026
Sepinggan,Cabe/Lombok Rawit,kg,73000,3/12/2026
Sepinggan,Cabe/Lombok Rawit,kg,73000,3/13/2026
Sepinggan,Cabe/Lombok Rawit,kg,73000,3/17/2026
Sepinggan,Cabe/Lombok Rawit,kg,73000,3/25/2026
Sepinggan,Cabe/Lombok Rawit,kg,73000,3/26/2026
Sepinggan,Cabe/Lombok Rawit,kg,73000,3/27/2026
Sepinggan,Cabe/Lombok Rawit,kg,73000,3/30/2026
Sepinggan,Cabe/Lombok Rawit,kg,73000,3/31/2026
Sepinggan,Cabe/Lombok Rawit,kg,73000,4/2/2026
Sepinggan,Cabe/Lombok Rawit,kg,67000,4/4/2026
Sepinggan,Cabe/Lombok Rawit,kg,67000,4/5/2026
Sepinggan,Cabe/Lombok Rawit,kg,73000,4/6/2026
Sepinggan,Cabe/Lombok Rawit,kg,67000,4/6/2026
Sepinggan,Cabe/Lombok Rawit,kg,93000,4/7/2026
Sepinggan,Cabe/Lombok Rawit,kg,93000,4/8/2026
Sepinggan,Cabe/Lombok Rawit,kg,93000,4/9/2026
Sepinggan,Cabe/Lombok Rawit,kg,93000,4/10/2026
Sepinggan,Cabe/Lombok Rawit,kg,93000,4/13/2026
Sepinggan,Cabe/Lombok Rawit,kg,93000,4/14/2026
Sepinggan,Cabe/Lombok Rawit,kg,93000,4/15/2026
Sepinggan,Cabe/Lombok Rawit,kg,93000,4/16/2026
Sepinggan,Cabe/Lombok Rawit,kg,93000,4/17/2026
Sepinggan,Cabe/Lombok Rawit,kg,93000,4/20/2026
Sepinggan,Cabe/Lombok Rawit,kg,93000,4/21/2026
Sepinggan,Cabe/Lombok Rawit,kg,93000,4/22/2026
Sepinggan,Cabe/Lombok Rawit,kg,67000,4/23/2026
Sepinggan,Cabe/Lombok Rawit,kg,67000,4/24/2026
Sepinggan,Cabe/Lombok Rawit,kg,67000,4/27/2026
Sepinggan,Cabe/Lombok Rawit,kg,67000,4/28/2026
Sepinggan,Cabe/Lombok Rawit,kg,67000,4/29/2026
Sepinggan,Cabe/Lombok Rawit,kg,67000,4/30/2026
Sepinggan,Cabe/Lombok Rawit,kg,67000,5/7/2026
Sepinggan,Cabe/Lombok Rawit,kg,67000,5/8/2026
Sepinggan,Cabe/Lombok Rawit,kg,67000,5/11/2026
Sepinggan,Cabe/Lombok Rawit,kg,67000,5/12/2026
Sepinggan,Cabe/Lombok Rawit,kg,67000,5/13/2026
Sepinggan,Cabe/Lombok Rawit,kg,67000,5/18/2026
Sepinggan,Cabe/Lombok Rawit,kg,67000,5/19/2026
Sepinggan,Cabe/Lombok Rawit,kg,67000,5/20/2026
Sepinggan,Cabe/Lombok Rawit,kg,67000,5/21/2026
Sepinggan,Cabe/Lombok Rawit,kg,67000,5/22/2026
Sepinggan,Sayuran Bayam,ikat,7000,1/1/2024
Sepinggan,Sayuran Bayam,ikat,5000,1/2/2024
Sepinggan,Sayuran Bayam,ikat,10000,1/3/2024
Sepinggan,Sayuran Bayam,ikat,12000,1/4/2024
Sepinggan,Sayuran Bayam,ikat,12000,1/5/2024
Sepinggan,Sayuran Bayam,ikat,10000,1/8/2024
Sepinggan,Sayuran Bayam,ikat,6000,1/9/2024
Sepinggan,Sayuran Bayam,ikat,5000,1/10/2024
Sepinggan,Sayuran Bayam,ikat,10000,1/11/2024
Sepinggan,Sayuran Bayam,ikat,15000,1/12/2024
Sepinggan,Sayuran Bayam,ikat,12000,1/15/2024
Sepinggan,Sayuran Bayam,ikat,15000,1/16/2024
Sepinggan,Sayuran Bayam,ikat,15000,1/17/2024
Sepinggan,Sayuran Bayam,ikat,13000,1/18/2024
Sepinggan,Sayuran Bayam,ikat,13000,1/19/2024
Sepinggan,Sayuran Bayam,ikat,15000,1/22/2024
Sepinggan,Sayuran Bayam,ikat,12000,1/23/2024
Sepinggan,Sayuran Bayam,ikat,10000,1/24/2024
Sepinggan,Sayuran Bayam,ikat,10000,1/25/2024
Sepinggan,Sayuran Bayam,ikat,10000,1/26/2024
Sepinggan,Sayuran Bayam,ikat,8000,1/29/2024
Sepinggan,Sayuran Bayam,ikat,7000,1/30/2024
Sepinggan,Sayuran Bayam,ikat,7000,1/31/2024
Sepinggan,Sayuran Bayam,ikat,8000,2/1/2024
Sepinggan,Sayuran Bayam,ikat,5000,2/5/2024
Sepinggan,Sayuran Bayam,ikat,5000,2/6/2024
Sepinggan,Sayuran Bayam,ikat,5000,2/7/2024
Sepinggan,Sayuran Bayam,ikat,5000,2/12/2024
Sepinggan,Sayuran Bayam,ikat,3000,2/13/2024
Sepinggan,Sayuran Bayam,ikat,3000,2/15/2024
Sepinggan,Sayuran Bayam,ikat,5000,2/16/2024
Sepinggan,Sayuran Bayam,ikat,7000,2/19/2024
Sepinggan,Sayuran Bayam,ikat,7000,2/20/2024
Sepinggan,Sayuran Bayam,ikat,5000,2/21/2024
Sepinggan,Sayuran Bayam,ikat,5000,2/22/2024
Sepinggan,Sayuran Bayam,ikat,5000,2/23/2024
Sepinggan,Sayuran Bayam,ikat,8000,2/26/2024
Sepinggan,Sayuran Bayam,ikat,5000,2/27/2024
Sepinggan,Sayuran Bayam,ikat,6500,2/28/2024
Sepinggan,Sayuran Bayam,ikat,8000,2/29/2024
Sepinggan,Sayuran Bayam,ikat,8000,3/4/2024
Sepinggan,Sayuran Bayam,ikat,8000,3/5/2024
Sepinggan,Sayuran Bayam,ikat,7000,3/6/2024
Sepinggan,Sayuran Bayam,ikat,7000,3/7/2024
Sepinggan,Sayuran Bayam,ikat,7000,3/8/2024
Sepinggan,Sayuran Bayam,ikat,17000,3/13/2024
Sepinggan,Sayuran Bayam,ikat,17000,3/14/2024
Sepinggan,Sayuran Bayam,ikat,10000,3/15/2024
Sepinggan,Sayuran Bayam,ikat,6000,3/18/2024
Sepinggan,Sayuran Bayam,ikat,6000,3/19/2024
Sepinggan,Sayuran Bayam,ikat,8000,3/20/2024
Sepinggan,Sayuran Bayam,ikat,8000,3/21/2024
Sepinggan,Sayuran Bayam,ikat,7000,3/22/2024
Sepinggan,Sayuran Bayam,ikat,4000,3/25/2024
Sepinggan,Sayuran Bayam,ikat,5000,3/26/2024
Sepinggan,Sayuran Bayam,ikat,5000,3/27/2024
Sepinggan,Sayuran Bayam,ikat,5000,3/28/2024
Sepinggan,Sayuran Bayam,ikat,8000,4/1/2024
Sepinggan,Sayuran Bayam,ikat,5000,4/2/2024
Sepinggan,Sayuran Bayam,ikat,5000,4/2/2024
Sepinggan,Sayuran Bayam,ikat,5000,4/3/2024
Sepinggan,Sayuran Bayam,ikat,5000,4/3/2024
Sepinggan,Sayuran Bayam,ikat,5000,4/4/2024
Sepinggan,Sayuran Bayam,ikat,5000,4/5/2024
Sepinggan,Sayuran Bayam,ikat,8000,4/16/2024
Sepinggan,Sayuran Bayam,ikat,7000,4/17/2024
Sepinggan,Sayuran Bayam,ikat,7500,4/18/2024
Sepinggan,Sayuran Bayam,ikat,7500,4/19/2024
Sepinggan,Sayuran Bayam,ikat,9000,4/22/2024
Sepinggan,Sayuran Bayam,ikat,9000,4/23/2024
Sepinggan,Sayuran Bayam,ikat,9000,4/24/2024
Sepinggan,Sayuran Bayam,ikat,9000,4/25/2024
Sepinggan,Sayuran Bayam,ikat,9000,4/26/2024
Sepinggan,Sayuran Bayam,ikat,8000,4/29/2024
Sepinggan,Sayuran Bayam,ikat,8000,4/30/2024
Sepinggan,Sayuran Bayam,ikat,20000,5/6/2024
Sepinggan,Sayuran Bayam,ikat,20000,5/7/2024
Sepinggan,Sayuran Bayam,ikat,20000,5/8/2024
Sepinggan,Sayuran Bayam,ikat,20000,5/13/2024
Sepinggan,Sayuran Bayam,ikat,10000,5/14/2024
Sepinggan,Sayuran Bayam,ikat,10000,5/15/2024
Sepinggan,Sayuran Bayam,ikat,10000,5/16/2024
Sepinggan,Sayuran Bayam,ikat,10000,5/17/2024
Sepinggan,Sayuran Bayam,ikat,6000,5/20/2024
Sepinggan,Sayuran Bayam,ikat,6000,5/21/2024
Sepinggan,Sayuran Bayam,ikat,7000,5/22/2024
Sepinggan,Sayuran Bayam,ikat,7000,5/27/2024
Sepinggan,Sayuran Bayam,ikat,10000,5/28/2024
Sepinggan,Sayuran Bayam,ikat,15000,5/30/2024
Sepinggan,Sayuran Bayam,ikat,15000,5/31/2024
Sepinggan,Sayuran Bayam,ikat,20000,6/3/2024
Sepinggan,Sayuran Bayam,ikat,17500,6/4/2024
Sepinggan,Sayuran Bayam,ikat,15000,6/5/2024
Sepinggan,Sayuran Bayam,ikat,15000,6/6/2024
Sepinggan,Sayuran Bayam,ikat,15000,6/7/2024
Sepinggan,Sayuran Bayam,ikat,15000,6/10/2024
Sepinggan,Sayuran Bayam,ikat,20000,6/11/2024
Sepinggan,Sayuran Bayam,ikat,20000,6/12/2024
Sepinggan,Sayuran Bayam,ikat,20000,6/13/2024
Sepinggan,Sayuran Bayam,ikat,20000,6/14/2024
Sepinggan,Sayuran Bayam,ikat,15000,6/19/2024
Sepinggan,Sayuran Bayam,ikat,15000,6/20/2024
Sepinggan,Sayuran Bayam,ikat,15000,6/21/2024
Sepinggan,Sayuran Bayam,ikat,15000,6/24/2024
Sepinggan,Sayuran Bayam,ikat,15000,6/25/2024
Sepinggan,Sayuran Bayam,ikat,10000,6/26/2024
Sepinggan,Sayuran Bayam,ikat,10000,6/27/2024
Sepinggan,Sayuran Bayam,ikat,11000,6/28/2024
Sepinggan,Sayuran Bayam,ikat,12000,7/1/2024
Sepinggan,Sayuran Bayam,ikat,7000,7/1/2024
Sepinggan,Sayuran Bayam,ikat,6000,7/2/2024
Sepinggan,Sayuran Bayam,ikat,7000,7/2/2024
Sepinggan,Sayuran Bayam,ikat,6000,7/3/2024
Sepinggan,Sayuran Bayam,ikat,6000,7/4/2024
Sepinggan,Sayuran Bayam,ikat,6000,7/5/2024
Sepinggan,Sayuran Bayam,ikat,20000,7/8/2024
Sepinggan,Sayuran Bayam,ikat,14000,7/9/2024
Sepinggan,Sayuran Bayam,ikat,20000,7/10/2024
Sepinggan,Sayuran Bayam,ikat,22500,7/11/2024
Sepinggan,Sayuran Bayam,ikat,22500,7/12/2024
Sepinggan,Sayuran Bayam,ikat,25000,7/15/2024
Sepinggan,Sayuran Bayam,ikat,24000,7/16/2024
Sepinggan,Sayuran Bayam,ikat,24000,7/17/2024
Sepinggan,Sayuran Bayam,ikat,20000,7/18/2024
Sepinggan,Sayuran Bayam,ikat,20000,7/19/2024
Sepinggan,Sayuran Bayam,ikat,20000,7/22/2024
Sepinggan,Sayuran Bayam,ikat,20000,7/23/2024
Sepinggan,Sayuran Bayam,ikat,20000,7/24/2024
Sepinggan,Sayuran Bayam,ikat,20000,7/25/2024
Sepinggan,Sayuran Bayam,ikat,20000,7/26/2024
Sepinggan,Sayuran Bayam,ikat,10000,7/29/2024
Sepinggan,Sayuran Bayam,ikat,10000,7/30/2024
Sepinggan,Sayuran Bayam,ikat,8000,7/31/2024
Sepinggan,Sayuran Bayam,ikat,7000,8/5/2024
Sepinggan,Sayuran Bayam,ikat,7000,8/6/2024
Sepinggan,Sayuran Bayam,ikat,7000,8/7/2024
Sepinggan,Sayuran Bayam,ikat,4000,8/8/2024
Sepinggan,Sayuran Bayam,ikat,4000,8/9/2024
Sepinggan,Sayuran Bayam,ikat,8000,8/12/2024
Sepinggan,Sayuran Bayam,ikat,8000,8/13/2024
Sepinggan,Sayuran Bayam,ikat,5000,8/14/2024
Sepinggan,Sayuran Bayam,ikat,5000,8/15/2024
Sepinggan,Sayuran Bayam,ikat,5000,8/16/2024
Sepinggan,Sayuran Bayam,ikat,5000,8/19/2024
Sepinggan,Sayuran Bayam,ikat,5000,8/20/2024
Sepinggan,Sayuran Bayam,ikat,5000,8/21/2024
Sepinggan,Sayuran Bayam,ikat,12000,8/22/2024
Sepinggan,Sayuran Bayam,ikat,12000,8/23/2024
Sepinggan,Sayuran Bayam,ikat,18500,8/26/2024
Sepinggan,Sayuran Bayam,ikat,18500,8/27/2024
Sepinggan,Sayuran Bayam,ikat,15000,8/28/2024
Sepinggan,Sayuran Bayam,ikat,25000,8/29/2024
Sepinggan,Sayuran Bayam,ikat,25000,8/30/2024
Sepinggan,Sayuran Bayam,ikat,3500,9/1/2024
Sepinggan,Sayuran Bayam,ikat,30000,9/2/2024
Sepinggan,Sayuran Bayam,ikat,5000,9/2/2024
Sepinggan,Sayuran Bayam,ikat,30000,9/3/2024
Sepinggan,Sayuran Bayam,ikat,5000,9/3/2024
Sepinggan,Sayuran Bayam,ikat,25000,9/4/2024
Sepinggan,Sayuran Bayam,ikat,4000,9/4/2024
Sepinggan,Sayuran Bayam,ikat,26000,9/5/2024
Sepinggan,Sayuran Bayam,ikat,20000,9/6/2024
Sepinggan,Sayuran Bayam,ikat,12000,9/9/2024
Sepinggan,Sayuran Bayam,ikat,12000,9/10/2024
Sepinggan,Sayuran Bayam,ikat,12000,9/11/2024
Sepinggan,Sayuran Bayam,ikat,11000,9/12/2024
Sepinggan,Sayuran Bayam,ikat,11000,9/13/2024
Sepinggan,Sayuran Bayam,ikat,8000,9/17/2024
Sepinggan,Sayuran Bayam,ikat,7000,9/18/2024
Sepinggan,Sayuran Bayam,ikat,7000,9/19/2024
Sepinggan,Sayuran Bayam,ikat,7000,9/20/2024
Sepinggan,Sayuran Bayam,ikat,5000,9/23/2024
Sepinggan,Sayuran Bayam,ikat,5000,9/24/2024
Sepinggan,Sayuran Bayam,ikat,5000,9/25/2024
Sepinggan,Sayuran Bayam,ikat,5000,9/26/2024
Sepinggan,Sayuran Bayam,ikat,4000,9/27/2024
Sepinggan,Sayuran Bayam,ikat,3000,9/30/2024
Sepinggan,Sayuran Bayam,ikat,5000,10/1/2024
Sepinggan,Sayuran Bayam,ikat,4000,10/7/2024
Sepinggan,Sayuran Bayam,ikat,6000,10/8/2024
Sepinggan,Sayuran Bayam,ikat,5000,10/9/2024
Sepinggan,Sayuran Bayam,ikat,5000,10/10/2024
Sepinggan,Sayuran Bayam,ikat,7000,10/11/2024
Sepinggan,Sayuran Bayam,ikat,5000,10/14/2024
Sepinggan,Sayuran Bayam,ikat,5000,10/15/2024
Sepinggan,Sayuran Bayam,ikat,5000,10/16/2024
Sepinggan,Sayuran Bayam,ikat,5000,10/17/2024
Sepinggan,Sayuran Bayam,ikat,10000,10/18/2024
Sepinggan,Sayuran Bayam,ikat,14000,10/21/2024
Sepinggan,Sayuran Bayam,ikat,14000,10/22/2024
Sepinggan,Sayuran Bayam,ikat,12500,10/23/2024
Sepinggan,Sayuran Bayam,ikat,12500,10/24/2024
Sepinggan,Sayuran Bayam,ikat,12500,10/25/2024
Sepinggan,Sayuran Bayam,ikat,5000,10/28/2024
Sepinggan,Sayuran Bayam,ikat,5000,10/29/2024
Sepinggan,Sayuran Bayam,ikat,5000,10/30/2024
Sepinggan,Sayuran Bayam,ikat,5000,10/31/2024
Sepinggan,Sayuran Bayam,ikat,5000,11/4/2024
Sepinggan,Sayuran Bayam,ikat,5000,11/5/2024
Sepinggan,Sayuran Bayam,ikat,3000,11/6/2024
Sepinggan,Sayuran Bayam,ikat,5000,11/7/2024
Sepinggan,Sayuran Bayam,ikat,5000,11/8/2024
Sepinggan,Sayuran Bayam,ikat,5000,11/11/2024
Sepinggan,Sayuran Bayam,ikat,4500,11/12/2024
Sepinggan,Sayuran Bayam,ikat,4500,11/13/2024
Sepinggan,Sayuran Bayam,ikat,4500,11/14/2024
Sepinggan,Sayuran Bayam,ikat,6000,11/15/2024
Sepinggan,Sayuran Bayam,ikat,6000,11/18/2024
Sepinggan,Sayuran Bayam,ikat,7000,11/19/2024
Sepinggan,Sayuran Bayam,ikat,7000,11/20/2024
Sepinggan,Sayuran Bayam,ikat,7000,11/21/2024
Sepinggan,Sayuran Bayam,ikat,5000,11/22/2024
Sepinggan,Sayuran Bayam,ikat,6000,11/25/2024
Sepinggan,Sayuran Bayam,ikat,6000,11/26/2024
Sepinggan,Sayuran Bayam,ikat,10000,11/28/2024
Sepinggan,Sayuran Bayam,ikat,10000,11/29/2024
Sepinggan,Sayuran Bayam,ikat,10000,12/2/2024
Sepinggan,Sayuran Bayam,ikat,10000,12/3/2024
Sepinggan,Sayuran Bayam,ikat,10000,12/4/2024
Sepinggan,Sayuran Bayam,ikat,15000,12/5/2024
Sepinggan,Sayuran Bayam,ikat,15000,12/6/2024
Sepinggan,Sayuran Bayam,ikat,10000,12/9/2024
Sepinggan,Sayuran Bayam,ikat,10000,12/10/2024
Sepinggan,Sayuran Bayam,ikat,8000,12/11/2024
Sepinggan,Sayuran Bayam,ikat,8000,12/12/2024
Sepinggan,Sayuran Bayam,ikat,8000,12/13/2024
Sepinggan,Sayuran Bayam,ikat,8000,12/16/2024
Sepinggan,Sayuran Bayam,ikat,8000,12/17/2024
Sepinggan,Sayuran Bayam,ikat,8000,12/18/2024
Sepinggan,Sayuran Bayam,ikat,8000,12/19/2024
Sepinggan,Sayuran Bayam,ikat,8000,12/20/2024
Sepinggan,Sayuran Bayam,ikat,8000,12/23/2024
Sepinggan,Sayuran Bayam,ikat,8000,12/24/2024
Sepinggan,Sayuran Bayam,ikat,8000,12/27/2024
Sepinggan,Sayuran Bayam,ikat,8000,12/30/2024
Sepinggan,Sayuran Bayam,ikat,8000,12/31/2024
Sepinggan,Sayuran Bayam,ikat,8000,1/2/2025
Sepinggan,Sayuran Bayam,ikat,8000,1/3/2025
Sepinggan,Sayuran Bayam,ikat,10500,1/3/2025
Sepinggan,Sayuran Bayam,ikat,10500,1/4/2025
Sepinggan,Sayuran Bayam,ikat,8000,1/6/2025
Sepinggan,Sayuran Bayam,ikat,8000,1/7/2025
Sepinggan,Sayuran Bayam,ikat,8000,1/8/2025
Sepinggan,Sayuran Bayam,ikat,8000,1/9/2025
Sepinggan,Sayuran Bayam,ikat,8000,1/10/2025
Sepinggan,Sayuran Bayam,ikat,8000,1/13/2025
Sepinggan,Sayuran Bayam,ikat,8000,1/14/2025
Sepinggan,Sayuran Bayam,ikat,8000,1/15/2025
Sepinggan,Sayuran Bayam,ikat,8000,1/16/2025
Sepinggan,Sayuran Bayam,ikat,8000,1/20/2025
Sepinggan,Sayuran Bayam,ikat,10500,1/21/2025
Sepinggan,Sayuran Bayam,ikat,10500,1/22/2025
Sepinggan,Sayuran Bayam,ikat,10500,1/23/2025
Sepinggan,Sayuran Bayam,ikat,10500,1/24/2025
Sepinggan,Sayuran Bayam,ikat,10500,1/30/2025
Sepinggan,Sayuran Bayam,ikat,10500,1/31/2025
Sepinggan,Sayuran Bayam,ikat,11000,2/3/2025
Sepinggan,Sayuran Bayam,ikat,11000,2/4/2025
Sepinggan,Sayuran Bayam,ikat,10500,2/5/2025
Sepinggan,Sayuran Bayam,ikat,11000,2/6/2025
Sepinggan,Sayuran Bayam,ikat,11000,2/7/2025
Sepinggan,Sayuran Bayam,ikat,11000,2/10/2025
Sepinggan,Sayuran Bayam,ikat,11000,2/11/2025
Sepinggan,Sayuran Bayam,ikat,11000,2/12/2025
Sepinggan,Sayuran Bayam,ikat,11000,2/13/2025
Sepinggan,Sayuran Bayam,ikat,11000,2/14/2025
Sepinggan,Sayuran Bayam,ikat,11000,2/17/2025
Sepinggan,Sayuran Bayam,ikat,11000,2/18/2025
Sepinggan,Sayuran Bayam,ikat,11000,2/19/2025
Sepinggan,Sayuran Bayam,ikat,11000,2/20/2025
Sepinggan,Sayuran Bayam,ikat,11000,2/21/2025
Sepinggan,Sayuran Bayam,ikat,11000,2/24/2025
Sepinggan,Sayuran Bayam,ikat,11000,2/25/2025
Sepinggan,Sayuran Bayam,ikat,11000,2/26/2025
Sepinggan,Sayuran Bayam,ikat,11000,2/27/2025
Sepinggan,Sayuran Bayam,ikat,11000,2/28/2025
Sepinggan,Sayuran Bayam,ikat,11000,3/5/2025
Sepinggan,Sayuran Bayam,ikat,10000,3/6/2025
Sepinggan,Sayuran Bayam,ikat,10000,3/7/2025
Sepinggan,Sayuran Bayam,ikat,10000,3/10/2025
Sepinggan,Sayuran Bayam,ikat,10000,3/11/2025
Sepinggan,Sayuran Bayam,ikat,10000,3/12/2025
Sepinggan,Sayuran Bayam,ikat,10000,3/13/2025
Sepinggan,Sayuran Bayam,ikat,10000,3/14/2025
Sepinggan,Sayuran Bayam,ikat,10000,3/17/2025
Sepinggan,Sayuran Bayam,ikat,10000,3/18/2025
Sepinggan,Sayuran Bayam,ikat,10000,3/19/2025
Sepinggan,Sayuran Bayam,ikat,10000,3/20/2025
Sepinggan,Sayuran Bayam,ikat,10000,3/21/2025
Sepinggan,Sayuran Bayam,ikat,7000,3/24/2025
Sepinggan,Sayuran Bayam,ikat,7000,3/25/2025
Sepinggan,Sayuran Bayam,ikat,7000,3/26/2025
Sepinggan,Sayuran Bayam,ikat,7000,3/27/2025
Sepinggan,Sayuran Bayam,ikat,8000,4/2/2025
Sepinggan,Sayuran Bayam,ikat,8000,4/5/2025
Sepinggan,Sayuran Bayam,ikat,8000,4/6/2025
Sepinggan,Sayuran Bayam,ikat,7000,4/8/2025
Sepinggan,Sayuran Bayam,ikat,7000,4/9/2025
Sepinggan,Sayuran Bayam,ikat,7000,4/10/2025
Sepinggan,Sayuran Bayam,ikat,7000,4/11/2025
Sepinggan,Sayuran Bayam,ikat,7000,4/14/2025
Sepinggan,Sayuran Bayam,ikat,7000,4/15/2025
Sepinggan,Sayuran Bayam,ikat,7000,4/16/2025
Sepinggan,Sayuran Bayam,ikat,7000,4/17/2025
Sepinggan,Sayuran Bayam,ikat,8000,4/21/2025
Sepinggan,Sayuran Bayam,ikat,8000,4/22/2025
Sepinggan,Sayuran Bayam,ikat,8000,4/23/2025
Sepinggan,Sayuran Bayam,ikat,8000,4/24/2025
Sepinggan,Sayuran Bayam,ikat,8000,4/25/2025
Sepinggan,Sayuran Bayam,ikat,8000,4/28/2025
Sepinggan,Sayuran Bayam,ikat,8000,4/29/2025
Sepinggan,Sayuran Bayam,ikat,8000,4/30/2025
Sepinggan,Sayuran Bayam,ikat,8000,5/2/2025
Sepinggan,Sayuran Bayam,ikat,8000,5/3/2025
Sepinggan,Sayuran Bayam,ikat,8000,5/7/2025
Sepinggan,Sayuran Bayam,ikat,8000,5/8/2025
Sepinggan,Sayuran Bayam,ikat,8000,5/9/2025
Sepinggan,Sayuran Bayam,ikat,8000,5/14/2025
Sepinggan,Sayuran Bayam,ikat,8000,5/15/2025
Sepinggan,Sayuran Bayam,ikat,8000,5/16/2025
Sepinggan,Sayuran Bayam,ikat,8000,5/19/2025
Sepinggan,Sayuran Bayam,ikat,8000,5/20/2025
Sepinggan,Sayuran Bayam,ikat,8000,5/21/2025
Sepinggan,Sayuran Bayam,ikat,8000,5/22/2025
Sepinggan,Sayuran Bayam,ikat,8000,5/23/2025
Sepinggan,Sayuran Bayam,ikat,8000,5/26/2025
Sepinggan,Sayuran Bayam,ikat,8000,5/27/2025
Sepinggan,Sayuran Bayam,ikat,8000,5/28/2025
Sepinggan,Sayuran Bayam,ikat,9000,6/1/2025
Sepinggan,Sayuran Bayam,ikat,8000,6/4/2025
Sepinggan,Sayuran Bayam,ikat,8000,6/5/2025
Sepinggan,Sayuran Bayam,ikat,8000,6/10/2025
Sepinggan,Sayuran Bayam,ikat,8000,6/11/2025
Sepinggan,Sayuran Bayam,ikat,8000,6/12/2025
Sepinggan,Sayuran Bayam,ikat,9000,6/13/2025
Sepinggan,Sayuran Bayam,ikat,9000,6/16/2025
Sepinggan,Sayuran Bayam,ikat,9000,6/17/2025
Sepinggan,Sayuran Bayam,ikat,9000,6/18/2025
Sepinggan,Sayuran Bayam,ikat,9000,6/19/2025
Sepinggan,Sayuran Bayam,ikat,9000,6/20/2025
Sepinggan,Sayuran Bayam,ikat,9000,6/23/2025
Sepinggan,Sayuran Bayam,ikat,9000,6/24/2025
Sepinggan,Sayuran Bayam,ikat,9000,6/25/2025
Sepinggan,Sayuran Bayam,ikat,9000,6/26/2025
Sepinggan,Sayuran Bayam,ikat,9000,6/30/2025
Sepinggan,Sayuran Bayam,ikat,9000,7/1/2025
Sepinggan,Sayuran Bayam,ikat,9000,7/2/2025
Sepinggan,Sayuran Bayam,ikat,9000,7/3/2025
Sepinggan,Sayuran Bayam,ikat,9000,7/4/2025
Sepinggan,Sayuran Bayam,ikat,9000,7/4/2025
Sepinggan,Sayuran Bayam,ikat,9000,7/5/2025
Sepinggan,Sayuran Bayam,ikat,9000,7/7/2025
Sepinggan,Sayuran Bayam,ikat,9000,7/8/2025
Sepinggan,Sayuran Bayam,ikat,9000,7/9/2025
Sepinggan,Sayuran Bayam,ikat,9000,7/10/2025
Sepinggan,Sayuran Bayam,ikat,9000,7/11/2025
Sepinggan,Sayuran Bayam,ikat,9000,7/14/2025
Sepinggan,Sayuran Bayam,ikat,9000,7/15/2025
Sepinggan,Sayuran Bayam,ikat,9000,7/16/2025
Sepinggan,Sayuran Bayam,ikat,9000,7/17/2025
Sepinggan,Sayuran Bayam,ikat,9000,7/18/2025
Sepinggan,Sayuran Bayam,ikat,9000,7/21/2025
Sepinggan,Sayuran Bayam,ikat,9000,7/22/2025
Sepinggan,Sayuran Bayam,ikat,9000,7/23/2025
Sepinggan,Sayuran Bayam,ikat,9000,7/24/2025
Sepinggan,Sayuran Bayam,ikat,9000,7/25/2025
Sepinggan,Sayuran Bayam,ikat,9000,7/28/2025
Sepinggan,Sayuran Bayam,ikat,9000,7/29/2025
Sepinggan,Sayuran Bayam,ikat,9000,7/30/2025
Sepinggan,Sayuran Bayam,ikat,9000,7/31/2025
Sepinggan,Sayuran Bayam,ikat,7000,8/1/2025
Sepinggan,Sayuran Bayam,ikat,7000,8/2/2025
Sepinggan,Sayuran Bayam,ikat,11000,8/6/2025
Sepinggan,Sayuran Bayam,ikat,11000,8/7/2025
Sepinggan,Sayuran Bayam,ikat,11000,8/8/2025
Sepinggan,Sayuran Bayam,ikat,11000,8/11/2025
Sepinggan,Sayuran Bayam,ikat,11000,8/12/2025
Sepinggan,Sayuran Bayam,ikat,7000,8/13/2025
Sepinggan,Sayuran Bayam,ikat,7000,8/14/2025
Sepinggan,Sayuran Bayam,ikat,7000,8/15/2025
Sepinggan,Sayuran Bayam,ikat,7000,8/19/2025
Sepinggan,Sayuran Bayam,ikat,7000,8/20/2025
Sepinggan,Sayuran Bayam,ikat,7000,8/21/2025
Sepinggan,Sayuran Bayam,ikat,7000,8/22/2025
Sepinggan,Sayuran Bayam,ikat,7000,8/25/2025
Sepinggan,Sayuran Bayam,ikat,7000,8/26/2025
Sepinggan,Sayuran Bayam,ikat,7000,8/27/2025
Sepinggan,Sayuran Bayam,ikat,7000,8/28/2025
Sepinggan,Sayuran Bayam,ikat,7000,8/29/2025
Sepinggan,Sayuran Bayam,ikat,7000,9/3/2025
Sepinggan,Sayuran Bayam,ikat,7000,9/4/2025
Sepinggan,Sayuran Bayam,ikat,7000,9/8/2025
Sepinggan,Sayuran Bayam,ikat,7000,9/9/2025
Sepinggan,Sayuran Bayam,ikat,7000,9/10/2025
Sepinggan,Sayuran Bayam,ikat,7000,9/11/2025
Sepinggan,Sayuran Bayam,ikat,7000,9/12/2025
Sepinggan,Sayuran Bayam,ikat,7000,9/15/2025
Sepinggan,Sayuran Bayam,ikat,7000,9/16/2025
Sepinggan,Sayuran Bayam,ikat,7000,9/17/2025
Sepinggan,Sayuran Bayam,ikat,7000,9/18/2025
Sepinggan,Sayuran Bayam,ikat,7000,9/19/2025
Sepinggan,Sayuran Bayam,ikat,7000,9/22/2025
Sepinggan,Sayuran Bayam,ikat,7000,9/23/2025
Sepinggan,Sayuran Bayam,ikat,7000,9/24/2025
Sepinggan,Sayuran Bayam,ikat,7000,9/25/2025
Sepinggan,Sayuran Bayam,ikat,7000,9/26/2025
Sepinggan,Sayuran Bayam,ikat,7000,9/29/2025
Sepinggan,Sayuran Bayam,ikat,7000,9/30/2025
Sepinggan,Sayuran Bayam,ikat,7000,10/1/2025
Sepinggan,Sayuran Bayam,ikat,7000,10/2/2025
Sepinggan,Sayuran Bayam,ikat,7000,10/3/2025
Sepinggan,Sayuran Bayam,ikat,7000,10/3/2025
Sepinggan,Sayuran Bayam,ikat,7000,10/4/2025
Sepinggan,Sayuran Bayam,ikat,7000,10/6/2025
Sepinggan,Sayuran Bayam,ikat,7000,10/7/2025
Sepinggan,Sayuran Bayam,ikat,7000,10/8/2025
Sepinggan,Sayuran Bayam,ikat,7000,10/9/2025
Sepinggan,Sayuran Bayam,ikat,7000,10/10/2025
Sepinggan,Sayuran Bayam,ikat,7000,10/13/2025
Sepinggan,Sayuran Bayam,ikat,7000,10/14/2025
Sepinggan,Sayuran Bayam,ikat,7000,10/15/2025
Sepinggan,Sayuran Bayam,ikat,7000,10/16/2025
Sepinggan,Sayuran Bayam,ikat,7000,10/17/2025
Sepinggan,Sayuran Bayam,ikat,7000,10/20/2025
Sepinggan,Sayuran Bayam,ikat,7000,10/22/2025
Sepinggan,Sayuran Bayam,ikat,7000,10/23/2025
Sepinggan,Sayuran Bayam,ikat,7000,10/24/2025
Sepinggan,Sayuran Bayam,ikat,7000,10/27/2025
Sepinggan,Sayuran Bayam,ikat,7000,10/28/2025
Sepinggan,Sayuran Bayam,ikat,7000,10/29/2025
Sepinggan,Sayuran Bayam,ikat,7000,10/30/2025
Sepinggan,Sayuran Bayam,ikat,7000,10/31/2025
Sepinggan,Sayuran Bayam,ikat,11000,11/1/2025
Sepinggan,Sayuran Bayam,ikat,8000,11/2/2025
Sepinggan,Sayuran Bayam,ikat,7000,11/5/2025
Sepinggan,Sayuran Bayam,ikat,7000,11/6/2025
Sepinggan,Sayuran Bayam,ikat,7000,11/7/2025
Sepinggan,Sayuran Bayam,ikat,11000,11/10/2025
Sepinggan,Sayuran Bayam,ikat,11000,11/11/2025
Sepinggan,Sayuran Bayam,ikat,11000,11/12/2025
Sepinggan,Sayuran Bayam,ikat,11000,11/13/2025
Sepinggan,Sayuran Bayam,ikat,11000,11/14/2025
Sepinggan,Sayuran Bayam,ikat,11000,11/17/2025
Sepinggan,Sayuran Bayam,ikat,11000,11/18/2025
Sepinggan,Sayuran Bayam,ikat,11000,11/19/2025
Sepinggan,Sayuran Bayam,ikat,11000,11/20/2025
Sepinggan,Sayuran Bayam,ikat,11000,11/21/2025
Sepinggan,Sayuran Bayam,ikat,11000,11/24/2025
Sepinggan,Sayuran Bayam,ikat,11000,11/25/2025
Sepinggan,Sayuran Bayam,ikat,11000,11/26/2025
Sepinggan,Sayuran Bayam,ikat,11000,11/27/2025
Sepinggan,Sayuran Bayam,ikat,11000,11/28/2025
Sepinggan,Sayuran Bayam,ikat,8000,12/3/2025
Sepinggan,Sayuran Bayam,ikat,8000,12/4/2025
Sepinggan,Sayuran Bayam,ikat,8000,12/5/2025
Sepinggan,Sayuran Bayam,ikat,8000,12/8/2025
Sepinggan,Sayuran Bayam,ikat,8000,12/9/2025
Sepinggan,Sayuran Bayam,ikat,8000,12/10/2025
Sepinggan,Sayuran Bayam,ikat,8000,12/11/2025
Sepinggan,Sayuran Bayam,ikat,8000,12/12/2025
Sepinggan,Sayuran Bayam,ikat,8000,12/15/2025
Sepinggan,Sayuran Bayam,ikat,8000,12/16/2025
Sepinggan,Sayuran Bayam,ikat,8000,12/17/2025
Sepinggan,Sayuran Bayam,ikat,8000,12/18/2025
Sepinggan,Sayuran Bayam,ikat,8000,12/19/2025
Sepinggan,Sayuran Bayam,ikat,8000,12/22/2025
Sepinggan,Sayuran Bayam,ikat,8000,12/23/2025
Sepinggan,Sayuran Bayam,ikat,11000,12/24/2025
Sepinggan,Sayuran Bayam,ikat,11000,12/29/2025
Sepinggan,Sayuran Bayam,ikat,11000,12/30/2025
Sepinggan,Sayuran Bayam,ikat,11000,12/31/2025
Sepinggan,Sayuran Bayam,ikat,11000,1/2/2026
Sepinggan,Sayuran Bayam,ikat,11000,1/2/2026
Sepinggan,Sayuran Bayam,ikat,11000,1/3/2026
Sepinggan,Sayuran Bayam,ikat,11000,1/4/2026
Sepinggan,Sayuran Bayam,ikat,11000,1/5/2026
Sepinggan,Sayuran Bayam,ikat,11000,1/6/2026
Sepinggan,Sayuran Bayam,ikat,11000,1/7/2026
Sepinggan,Sayuran Bayam,ikat,11000,1/8/2026
Sepinggan,Sayuran Bayam,ikat,11000,1/9/2026
Sepinggan,Sayuran Bayam,ikat,11000,1/12/2026
Sepinggan,Sayuran Bayam,ikat,11000,1/13/2026
Sepinggan,Sayuran Bayam,ikat,11000,1/14/2026
Sepinggan,Sayuran Bayam,ikat,11000,1/15/2026
Sepinggan,Sayuran Bayam,ikat,11000,1/19/2026
Sepinggan,Sayuran Bayam,ikat,11000,1/20/2026
Sepinggan,Sayuran Bayam,ikat,11000,1/21/2026
Sepinggan,Sayuran Bayam,ikat,11000,1/22/2026
Sepinggan,Sayuran Bayam,ikat,11000,1/23/2026
Sepinggan,Sayuran Bayam,ikat,11000,1/26/2026
Sepinggan,Sayuran Bayam,ikat,11000,1/27/2026
Sepinggan,Sayuran Bayam,ikat,11000,1/28/2026
Sepinggan,Sayuran Bayam,ikat,11000,1/29/2026
Sepinggan,Sayuran Bayam,ikat,11000,1/30/2026
Sepinggan,Sayuran Bayam,ikat,11000,2/2/2026
Sepinggan,Sayuran Bayam,ikat,11000,2/3/2026
Sepinggan,Sayuran Bayam,ikat,11000,2/4/2026
Sepinggan,Sayuran Bayam,ikat,11000,2/5/2026
Sepinggan,Sayuran Bayam,ikat,11000,2/6/2026
Sepinggan,Sayuran Bayam,ikat,11000,2/9/2026
Sepinggan,Sayuran Bayam,ikat,11000,2/10/2026
Sepinggan,Sayuran Bayam,ikat,11000,2/11/2026
Sepinggan,Sayuran Bayam,ikat,11000,2/12/2026
Sepinggan,Sayuran Bayam,ikat,11000,2/13/2026
Sepinggan,Sayuran Bayam,ikat,11000,2/18/2026
Sepinggan,Sayuran Bayam,ikat,11000,2/19/2026
Sepinggan,Sayuran Bayam,ikat,11000,2/20/2026
Sepinggan,Sayuran Bayam,ikat,11000,2/23/2026
Sepinggan,Sayuran Bayam,ikat,11000,2/24/2026
Sepinggan,Sayuran Bayam,ikat,11000,2/25/2026
Sepinggan,Sayuran Bayam,ikat,11000,2/26/2026
Sepinggan,Sayuran Bayam,ikat,11000,2/27/2026
Sepinggan,Sayuran Bayam,ikat,11000,3/1/2026
Sepinggan,Sayuran Bayam,ikat,11000,3/5/2026
Sepinggan,Sayuran Bayam,ikat,11000,3/6/2026
Sepinggan,Sayuran Bayam,ikat,11000,3/9/2026
Sepinggan,Sayuran Bayam,ikat,11000,3/10/2026
Sepinggan,Sayuran Bayam,ikat,11000,3/11/2026
Sepinggan,Sayuran Bayam,ikat,11000,3/12/2026
Sepinggan,Sayuran Bayam,ikat,11000,3/13/2026
Sepinggan,Sayuran Bayam,ikat,11000,3/17/2026
Sepinggan,Sayuran Bayam,ikat,11000,3/25/2026
Sepinggan,Sayuran Bayam,ikat,11000,3/26/2026
Sepinggan,Sayuran Bayam,ikat,11000,3/27/2026
Sepinggan,Sayuran Bayam,ikat,11000,3/30/2026
Sepinggan,Sayuran Bayam,ikat,11000,3/31/2026
Sepinggan,Sayuran Bayam,ikat,11000,4/2/2026
Sepinggan,Sayuran Bayam,ikat,11000,4/4/2026
Sepinggan,Sayuran Bayam,ikat,11000,4/5/2026
Sepinggan,Sayuran Bayam,ikat,11000,4/6/2026
Sepinggan,Sayuran Bayam,ikat,11000,4/6/2026
Sepinggan,Sayuran Bayam,ikat,11000,4/7/2026
Sepinggan,Sayuran Bayam,ikat,11000,4/8/2026
Sepinggan,Sayuran Bayam,ikat,11000,4/9/2026
Sepinggan,Sayuran Bayam,ikat,11000,4/10/2026
Sepinggan,Sayuran Bayam,ikat,11000,4/13/2026
Sepinggan,Sayuran Bayam,ikat,11000,4/14/2026
Sepinggan,Sayuran Bayam,ikat,11000,4/15/2026
Sepinggan,Sayuran Bayam,ikat,11000,4/16/2026
Sepinggan,Sayuran Bayam,ikat,11000,4/17/2026
Sepinggan,Sayuran Bayam,ikat,11000,4/20/2026
Sepinggan,Sayuran Bayam,ikat,11000,4/21/2026
Sepinggan,Sayuran Bayam,ikat,11000,4/22/2026
Sepinggan,Sayuran Bayam,ikat,11000,4/23/2026
Sepinggan,Sayuran Bayam,ikat,11000,4/24/2026
Sepinggan,Sayuran Bayam,ikat,11000,4/27/2026
Sepinggan,Sayuran Bayam,ikat,11000,4/28/2026
Sepinggan,Sayuran Bayam,ikat,11000,4/29/2026
Sepinggan,Sayuran Bayam,ikat,11000,4/30/2026
Sepinggan,Sayuran Bayam,ikat,11000,5/7/2026
Sepinggan,Sayuran Bayam,ikat,11000,5/8/2026
Sepinggan,Sayuran Bayam,ikat,11000,5/11/2026
Sepinggan,Sayuran Bayam,ikat,11000,5/12/2026
Sepinggan,Sayuran Bayam,ikat,11000,5/13/2026
Sepinggan,Sayuran Bayam,ikat,11000,5/18/2026
Sepinggan,Sayuran Bayam,ikat,11000,5/19/2026
Sepinggan,Sayuran Bayam,ikat,11000,5/20/2026
Sepinggan,Sayuran Bayam,ikat,11000,5/21/2026
Sepinggan,Sayuran Bayam,ikat,11000,5/22/2026
Sepinggan,Sayuran Kacang Panjang,ikat,13000,1/1/2024
Sepinggan,Sayuran Kacang Panjang,ikat,8000,1/2/2024
Sepinggan,Sayuran Kacang Panjang,ikat,6000,1/3/2024
Sepinggan,Sayuran Kacang Panjang,ikat,8000,1/4/2024
Sepinggan,Sayuran Kacang Panjang,ikat,8000,1/5/2024
Sepinggan,Sayuran Kacang Panjang,ikat,10000,1/8/2024
Sepinggan,Sayuran Kacang Panjang,ikat,10000,1/9/2024
Sepinggan,Sayuran Kacang Panjang,ikat,8000,1/10/2024
Sepinggan,Sayuran Kacang Panjang,ikat,10000,1/11/2024
Sepinggan,Sayuran Kacang Panjang,ikat,12000,1/12/2024
Sepinggan,Sayuran Kacang Panjang,ikat,13000,1/15/2024
Sepinggan,Sayuran Kacang Panjang,ikat,10000,1/16/2024
Sepinggan,Sayuran Kacang Panjang,ikat,10000,1/17/2024
Sepinggan,Sayuran Kacang Panjang,ikat,12000,1/18/2024
Sepinggan,Sayuran Kacang Panjang,ikat,12000,1/19/2024
Sepinggan,Sayuran Kacang Panjang,ikat,10000,1/22/2024
Sepinggan,Sayuran Kacang Panjang,ikat,12000,1/23/2024
Sepinggan,Sayuran Kacang Panjang,ikat,12000,1/24/2024
Sepinggan,Sayuran Kacang Panjang,ikat,12000,1/25/2024
Sepinggan,Sayuran Kacang Panjang,ikat,12000,1/26/2024
Sepinggan,Sayuran Kacang Panjang,ikat,15000,1/29/2024
Sepinggan,Sayuran Kacang Panjang,ikat,15000,1/30/2024
Sepinggan,Sayuran Kacang Panjang,ikat,13000,1/31/2024
Sepinggan,Sayuran Kacang Panjang,ikat,15000,2/1/2024
Sepinggan,Sayuran Kacang Panjang,ikat,8000,2/5/2024
Sepinggan,Sayuran Kacang Panjang,ikat,12000,2/6/2024
Sepinggan,Sayuran Kacang Panjang,ikat,12000,2/7/2024
Sepinggan,Sayuran Kacang Panjang,ikat,12000,2/12/2024
Sepinggan,Sayuran Kacang Panjang,ikat,8000,2/13/2024
Sepinggan,Sayuran Kacang Panjang,ikat,8000,2/15/2024
Sepinggan,Sayuran Kacang Panjang,ikat,15000,2/16/2024
Sepinggan,Sayuran Kacang Panjang,ikat,10000,2/19/2024
Sepinggan,Sayuran Kacang Panjang,ikat,10000,2/20/2024
Sepinggan,Sayuran Kacang Panjang,ikat,11000,2/21/2024
Sepinggan,Sayuran Kacang Panjang,ikat,11000,2/22/2024
Sepinggan,Sayuran Kacang Panjang,ikat,11000,2/23/2024
Sepinggan,Sayuran Kacang Panjang,ikat,12000,2/26/2024
Sepinggan,Sayuran Kacang Panjang,ikat,15000,2/27/2024
Sepinggan,Sayuran Kacang Panjang,ikat,15000,2/28/2024
Sepinggan,Sayuran Kacang Panjang,ikat,15000,2/29/2024
Sepinggan,Sayuran Kacang Panjang,ikat,25000,3/4/2024
Sepinggan,Sayuran Kacang Panjang,ikat,25000,3/5/2024
Sepinggan,Sayuran Kacang Panjang,ikat,20000,3/6/2024
Sepinggan,Sayuran Kacang Panjang,ikat,20000,3/7/2024
Sepinggan,Sayuran Kacang Panjang,ikat,20000,3/8/2024
Sepinggan,Sayuran Kacang Panjang,ikat,20000,3/13/2024
Sepinggan,Sayuran Kacang Panjang,ikat,20000,3/14/2024
Sepinggan,Sayuran Kacang Panjang,ikat,10000,3/15/2024
Sepinggan,Sayuran Kacang Panjang,ikat,12000,3/18/2024
Sepinggan,Sayuran Kacang Panjang,ikat,12000,3/19/2024
Sepinggan,Sayuran Kacang Panjang,ikat,12000,3/20/2024
Sepinggan,Sayuran Kacang Panjang,ikat,12000,3/21/2024
Sepinggan,Sayuran Kacang Panjang,ikat,12000,3/22/2024
Sepinggan,Sayuran Kacang Panjang,ikat,10000,3/25/2024
Sepinggan,Sayuran Kacang Panjang,ikat,19000,3/26/2024
Sepinggan,Sayuran Kacang Panjang,ikat,19000,3/27/2024
Sepinggan,Sayuran Kacang Panjang,ikat,19000,3/28/2024
Sepinggan,Sayuran Kacang Panjang,ikat,10000,4/1/2024
Sepinggan,Sayuran Kacang Panjang,ikat,15000,4/2/2024
Sepinggan,Sayuran Kacang Panjang,ikat,10000,4/2/2024
Sepinggan,Sayuran Kacang Panjang,ikat,15000,4/3/2024
Sepinggan,Sayuran Kacang Panjang,ikat,10000,4/3/2024
Sepinggan,Sayuran Kacang Panjang,ikat,15000,4/4/2024
Sepinggan,Sayuran Kacang Panjang,ikat,15000,4/5/2024
Sepinggan,Sayuran Kacang Panjang,ikat,12000,4/16/2024
Sepinggan,Sayuran Kacang Panjang,ikat,12500,4/17/2024
Sepinggan,Sayuran Kacang Panjang,ikat,12000,4/18/2024
Sepinggan,Sayuran Kacang Panjang,ikat,12000,4/19/2024
Sepinggan,Sayuran Kacang Panjang,ikat,12000,4/22/2024
Sepinggan,Sayuran Kacang Panjang,ikat,12000,4/23/2024
Sepinggan,Sayuran Kacang Panjang,ikat,12000,4/24/2024
Sepinggan,Sayuran Kacang Panjang,ikat,12000,4/25/2024
Sepinggan,Sayuran Kacang Panjang,ikat,12000,4/26/2024
Sepinggan,Sayuran Kacang Panjang,ikat,10000,4/29/2024
Sepinggan,Sayuran Kacang Panjang,ikat,10000,4/30/2024
Sepinggan,Sayuran Kacang Panjang,ikat,15000,5/6/2024
Sepinggan,Sayuran Kacang Panjang,ikat,15000,5/7/2024
Sepinggan,Sayuran Kacang Panjang,ikat,20000,5/8/2024
Sepinggan,Sayuran Kacang Panjang,ikat,20000,5/13/2024
Sepinggan,Sayuran Kacang Panjang,ikat,12000,5/14/2024
Sepinggan,Sayuran Kacang Panjang,ikat,10000,5/15/2024
Sepinggan,Sayuran Kacang Panjang,ikat,10000,5/16/2024
Sepinggan,Sayuran Kacang Panjang,ikat,10000,5/17/2024
Sepinggan,Sayuran Kacang Panjang,ikat,10000,5/20/2024
Sepinggan,Sayuran Kacang Panjang,ikat,10000,5/21/2024
Sepinggan,Sayuran Kacang Panjang,ikat,12000,5/22/2024
Sepinggan,Sayuran Kacang Panjang,ikat,12000,5/27/2024
Sepinggan,Sayuran Kacang Panjang,ikat,15000,5/28/2024
Sepinggan,Sayuran Kacang Panjang,ikat,20000,5/30/2024
Sepinggan,Sayuran Kacang Panjang,ikat,20000,5/31/2024
Sepinggan,Sayuran Kacang Panjang,ikat,20000,6/3/2024
Sepinggan,Sayuran Kacang Panjang,ikat,20000,6/4/2024
Sepinggan,Sayuran Kacang Panjang,ikat,20000,6/5/2024
Sepinggan,Sayuran Kacang Panjang,ikat,20000,6/6/2024
Sepinggan,Sayuran Kacang Panjang,ikat,20000,6/7/2024
Sepinggan,Sayuran Kacang Panjang,ikat,20000,6/10/2024
Sepinggan,Sayuran Kacang Panjang,ikat,12000,6/11/2024
Sepinggan,Sayuran Kacang Panjang,ikat,12000,6/12/2024
Sepinggan,Sayuran Kacang Panjang,ikat,12000,6/13/2024
Sepinggan,Sayuran Kacang Panjang,ikat,12000,6/14/2024
Sepinggan,Sayuran Kacang Panjang,ikat,5000,6/19/2024
Sepinggan,Sayuran Kacang Panjang,ikat,5000,6/20/2024
Sepinggan,Sayuran Kacang Panjang,ikat,5000,6/21/2024
Sepinggan,Sayuran Kacang Panjang,ikat,5000,6/24/2024
Sepinggan,Sayuran Kacang Panjang,ikat,5000,6/25/2024
Sepinggan,Sayuran Kacang Panjang,ikat,8000,6/26/2024
Sepinggan,Sayuran Kacang Panjang,ikat,8000,6/27/2024
Sepinggan,Sayuran Kacang Panjang,ikat,7000,6/28/2024
Sepinggan,Sayuran Kacang Panjang,ikat,6000,7/1/2024
Sepinggan,Sayuran Kacang Panjang,ikat,11000,7/1/2024
Sepinggan,Sayuran Kacang Panjang,ikat,5000,7/2/2024
Sepinggan,Sayuran Kacang Panjang,ikat,11000,7/2/2024
Sepinggan,Sayuran Kacang Panjang,ikat,5000,7/3/2024
Sepinggan,Sayuran Kacang Panjang,ikat,10000,7/4/2024
Sepinggan,Sayuran Kacang Panjang,ikat,10000,7/5/2024
Sepinggan,Sayuran Kacang Panjang,ikat,6000,7/8/2024
Sepinggan,Sayuran Kacang Panjang,ikat,12000,7/9/2024
Sepinggan,Sayuran Kacang Panjang,ikat,15000,7/10/2024
Sepinggan,Sayuran Kacang Panjang,ikat,14000,7/11/2024
Sepinggan,Sayuran Kacang Panjang,ikat,14000,7/12/2024
Sepinggan,Sayuran Kacang Panjang,ikat,17000,7/15/2024
Sepinggan,Sayuran Kacang Panjang,ikat,17000,7/16/2024
Sepinggan,Sayuran Kacang Panjang,ikat,17000,7/17/2024
Sepinggan,Sayuran Kacang Panjang,ikat,10000,7/18/2024
Sepinggan,Sayuran Kacang Panjang,ikat,10000,7/19/2024
Sepinggan,Sayuran Kacang Panjang,ikat,10000,7/22/2024
Sepinggan,Sayuran Kacang Panjang,ikat,10000,7/23/2024
Sepinggan,Sayuran Kacang Panjang,ikat,10000,7/24/2024
Sepinggan,Sayuran Kacang Panjang,ikat,10000,7/25/2024
Sepinggan,Sayuran Kacang Panjang,ikat,10000,7/26/2024
Sepinggan,Sayuran Kacang Panjang,ikat,8000,7/29/2024
Sepinggan,Sayuran Kacang Panjang,ikat,10000,7/30/2024
Sepinggan,Sayuran Kacang Panjang,ikat,9000,7/31/2024
Sepinggan,Sayuran Kacang Panjang,ikat,11000,8/5/2024
Sepinggan,Sayuran Kacang Panjang,ikat,11000,8/6/2024
Sepinggan,Sayuran Kacang Panjang,ikat,11000,8/7/2024
Sepinggan,Sayuran Kacang Panjang,ikat,12500,8/8/2024
Sepinggan,Sayuran Kacang Panjang,ikat,12500,8/9/2024
Sepinggan,Sayuran Kacang Panjang,ikat,20000,8/12/2024
Sepinggan,Sayuran Kacang Panjang,ikat,20000,8/13/2024
Sepinggan,Sayuran Kacang Panjang,ikat,20000,8/14/2024
Sepinggan,Sayuran Kacang Panjang,ikat,20000,8/15/2024
Sepinggan,Sayuran Kacang Panjang,ikat,20000,8/16/2024
Sepinggan,Sayuran Kacang Panjang,ikat,20000,8/19/2024
Sepinggan,Sayuran Kacang Panjang,ikat,20000,8/20/2024
Sepinggan,Sayuran Kacang Panjang,ikat,20000,8/21/2024
Sepinggan,Sayuran Kacang Panjang,ikat,12000,8/22/2024
Sepinggan,Sayuran Kacang Panjang,ikat,12000,8/23/2024
Sepinggan,Sayuran Kacang Panjang,ikat,22500,8/26/2024
Sepinggan,Sayuran Kacang Panjang,ikat,22500,8/27/2024
Sepinggan,Sayuran Kacang Panjang,ikat,17000,8/28/2024
Sepinggan,Sayuran Kacang Panjang,ikat,17000,8/29/2024
Sepinggan,Sayuran Kacang Panjang,ikat,25000,8/30/2024
Sepinggan,Sayuran Kacang Panjang,ikat,12000,9/1/2024
Sepinggan,Sayuran Kacang Panjang,ikat,20000,9/2/2024
Sepinggan,Sayuran Kacang Panjang,ikat,10000,9/2/2024
Sepinggan,Sayuran Kacang Panjang,ikat,20000,9/3/2024
Sepinggan,Sayuran Kacang Panjang,ikat,10000,9/3/2024
Sepinggan,Sayuran Kacang Panjang,ikat,15000,9/4/2024
Sepinggan,Sayuran Kacang Panjang,ikat,10000,9/4/2024
Sepinggan,Sayuran Kacang Panjang,ikat,20000,9/5/2024
Sepinggan,Sayuran Kacang Panjang,ikat,12000,9/6/2024
Sepinggan,Sayuran Kacang Panjang,ikat,15000,9/9/2024
Sepinggan,Sayuran Kacang Panjang,ikat,15000,9/10/2024
Sepinggan,Sayuran Kacang Panjang,ikat,12000,9/11/2024
Sepinggan,Sayuran Kacang Panjang,ikat,12000,9/12/2024
Sepinggan,Sayuran Kacang Panjang,ikat,12000,9/13/2024
Sepinggan,Sayuran Kacang Panjang,ikat,18000,9/17/2024
Sepinggan,Sayuran Kacang Panjang,ikat,19000,9/18/2024
Sepinggan,Sayuran Kacang Panjang,ikat,19000,9/19/2024
Sepinggan,Sayuran Kacang Panjang,ikat,19000,9/20/2024
Sepinggan,Sayuran Kacang Panjang,ikat,10000,9/23/2024
Sepinggan,Sayuran Kacang Panjang,ikat,10000,9/24/2024
Sepinggan,Sayuran Kacang Panjang,ikat,10000,9/25/2024
Sepinggan,Sayuran Kacang Panjang,ikat,10000,9/26/2024
Sepinggan,Sayuran Kacang Panjang,ikat,8000,9/27/2024
Sepinggan,Sayuran Kacang Panjang,ikat,10000,9/30/2024
Sepinggan,Sayuran Kacang Panjang,ikat,10000,10/1/2024
Sepinggan,Sayuran Kacang Panjang,ikat,19000,10/7/2024
Sepinggan,Sayuran Kacang Panjang,ikat,19000,10/8/2024
Sepinggan,Sayuran Kacang Panjang,ikat,19000,10/9/2024
Sepinggan,Sayuran Kacang Panjang,ikat,19000,10/10/2024
Sepinggan,Sayuran Kacang Panjang,ikat,19000,10/11/2024
Sepinggan,Sayuran Kacang Panjang,ikat,10000,10/14/2024
Sepinggan,Sayuran Kacang Panjang,ikat,10000,10/15/2024
Sepinggan,Sayuran Kacang Panjang,ikat,10000,10/16/2024
Sepinggan,Sayuran Kacang Panjang,ikat,10000,10/17/2024
Sepinggan,Sayuran Kacang Panjang,ikat,12000,10/18/2024
Sepinggan,Sayuran Kacang Panjang,ikat,13000,10/21/2024
Sepinggan,Sayuran Kacang Panjang,ikat,13000,10/22/2024
Sepinggan,Sayuran Kacang Panjang,ikat,13500,10/23/2024
Sepinggan,Sayuran Kacang Panjang,ikat,13500,10/24/2024
Sepinggan,Sayuran Kacang Panjang,ikat,13500,10/25/2024
Sepinggan,Sayuran Kacang Panjang,ikat,13500,10/28/2024
Sepinggan,Sayuran Kacang Panjang,ikat,13500,10/29/2024
Sepinggan,Sayuran Kacang Panjang,ikat,13500,10/30/2024
Sepinggan,Sayuran Kacang Panjang,ikat,13500,10/31/2024
Sepinggan,Sayuran Kacang Panjang,ikat,10000,11/4/2024
Sepinggan,Sayuran Kacang Panjang,ikat,10000,11/5/2024
Sepinggan,Sayuran Kacang Panjang,ikat,12000,11/6/2024
Sepinggan,Sayuran Kacang Panjang,ikat,10000,11/7/2024
Sepinggan,Sayuran Kacang Panjang,ikat,10000,11/8/2024
Sepinggan,Sayuran Kacang Panjang,ikat,10000,11/11/2024
Sepinggan,Sayuran Kacang Panjang,ikat,10000,11/12/2024
Sepinggan,Sayuran Kacang Panjang,ikat,10000,11/13/2024
Sepinggan,Sayuran Kacang Panjang,ikat,10000,11/14/2024
Sepinggan,Sayuran Kacang Panjang,ikat,10000,11/15/2024
Sepinggan,Sayuran Kacang Panjang,ikat,10000,11/18/2024
Sepinggan,Sayuran Kacang Panjang,ikat,10000,11/19/2024
Sepinggan,Sayuran Kacang Panjang,ikat,10000,11/20/2024
Sepinggan,Sayuran Kacang Panjang,ikat,10000,11/21/2024
Sepinggan,Sayuran Kacang Panjang,ikat,6000,11/22/2024
Sepinggan,Sayuran Kacang Panjang,ikat,7000,11/25/2024
Sepinggan,Sayuran Kacang Panjang,ikat,7000,11/26/2024
Sepinggan,Sayuran Kacang Panjang,ikat,7000,11/28/2024
Sepinggan,Sayuran Kacang Panjang,ikat,7000,11/29/2024
Sepinggan,Sayuran Kacang Panjang,ikat,7000,12/2/2024
Sepinggan,Sayuran Kacang Panjang,ikat,7000,12/3/2024
Sepinggan,Sayuran Kacang Panjang,ikat,7000,12/4/2024
Sepinggan,Sayuran Kacang Panjang,ikat,10000,12/5/2024
Sepinggan,Sayuran Kacang Panjang,ikat,10000,12/6/2024
Sepinggan,Sayuran Kacang Panjang,ikat,12000,12/9/2024
Sepinggan,Sayuran Kacang Panjang,ikat,12000,12/10/2024
Sepinggan,Sayuran Kacang Panjang,ikat,10000,12/11/2024
Sepinggan,Sayuran Kacang Panjang,ikat,10000,12/12/2024
Sepinggan,Sayuran Kacang Panjang,ikat,10000,12/13/2024
Sepinggan,Sayuran Kacang Panjang,ikat,10000,12/16/2024
Sepinggan,Sayuran Kacang Panjang,ikat,10000,12/17/2024
Sepinggan,Sayuran Kacang Panjang,ikat,10000,12/18/2024
Sepinggan,Sayuran Kacang Panjang,ikat,10000,12/19/2024
Sepinggan,Sayuran Kacang Panjang,ikat,10000,12/20/2024
Sepinggan,Sayuran Kacang Panjang,ikat,10000,12/23/2024
Sepinggan,Sayuran Kacang Panjang,ikat,10000,12/24/2024
Sepinggan,Sayuran Kacang Panjang,ikat,10000,12/27/2024
Sepinggan,Sayuran Kacang Panjang,ikat,10000,12/30/2024
Sepinggan,Sayuran Kacang Panjang,ikat,10000,12/31/2024
Sepinggan,Sayuran Kacang Panjang,ikat,10000,1/2/2025
Sepinggan,Sayuran Kacang Panjang,ikat,10000,1/3/2025
Sepinggan,Sayuran Kacang Panjang,ikat,9500,1/3/2025
Sepinggan,Sayuran Kacang Panjang,ikat,9500,1/4/2025
Sepinggan,Sayuran Kacang Panjang,ikat,10000,1/6/2025
Sepinggan,Sayuran Kacang Panjang,ikat,10000,1/7/2025
Sepinggan,Sayuran Kacang Panjang,ikat,10000,1/8/2025
Sepinggan,Sayuran Kacang Panjang,ikat,10000,1/9/2025
Sepinggan,Sayuran Kacang Panjang,ikat,10000,1/10/2025
Sepinggan,Sayuran Kacang Panjang,ikat,10000,1/13/2025
Sepinggan,Sayuran Kacang Panjang,ikat,10000,1/14/2025
Sepinggan,Sayuran Kacang Panjang,ikat,10000,1/15/2025
Sepinggan,Sayuran Kacang Panjang,ikat,10000,1/16/2025
Sepinggan,Sayuran Kacang Panjang,ikat,10000,1/20/2025
Sepinggan,Sayuran Kacang Panjang,ikat,9500,1/21/2025
Sepinggan,Sayuran Kacang Panjang,ikat,9500,1/22/2025
Sepinggan,Sayuran Kacang Panjang,ikat,9500,1/23/2025
Sepinggan,Sayuran Kacang Panjang,ikat,9500,1/24/2025
Sepinggan,Sayuran Kacang Panjang,ikat,9500,1/30/2025
Sepinggan,Sayuran Kacang Panjang,ikat,9500,1/31/2025
Sepinggan,Sayuran Kacang Panjang,ikat,14000,2/3/2025
Sepinggan,Sayuran Kacang Panjang,ikat,5000,2/4/2025
Sepinggan,Sayuran Kacang Panjang,ikat,9500,2/5/2025
Sepinggan,Sayuran Kacang Panjang,ikat,7000,2/6/2025
Sepinggan,Sayuran Kacang Panjang,ikat,7000,2/7/2025
Sepinggan,Sayuran Kacang Panjang,ikat,7000,2/10/2025
Sepinggan,Sayuran Kacang Panjang,ikat,7000,2/11/2025
Sepinggan,Sayuran Kacang Panjang,ikat,7000,2/12/2025
Sepinggan,Sayuran Kacang Panjang,ikat,7000,2/13/2025
Sepinggan,Sayuran Kacang Panjang,ikat,7000,2/14/2025
Sepinggan,Sayuran Kacang Panjang,ikat,7000,2/17/2025
Sepinggan,Sayuran Kacang Panjang,ikat,7000,2/18/2025
Sepinggan,Sayuran Kacang Panjang,ikat,7000,2/19/2025
Sepinggan,Sayuran Kacang Panjang,ikat,7000,2/20/2025
Sepinggan,Sayuran Kacang Panjang,ikat,7000,2/21/2025
Sepinggan,Sayuran Kacang Panjang,ikat,7000,2/24/2025
Sepinggan,Sayuran Kacang Panjang,ikat,14000,2/25/2025
Sepinggan,Sayuran Kacang Panjang,ikat,14000,2/26/2025
Sepinggan,Sayuran Kacang Panjang,ikat,14000,2/27/2025
Sepinggan,Sayuran Kacang Panjang,ikat,14000,2/28/2025
Sepinggan,Sayuran Kacang Panjang,ikat,5000,3/5/2025
Sepinggan,Sayuran Kacang Panjang,ikat,5000,3/6/2025
Sepinggan,Sayuran Kacang Panjang,ikat,5000,3/7/2025
Sepinggan,Sayuran Kacang Panjang,ikat,5000,3/10/2025
Sepinggan,Sayuran Kacang Panjang,ikat,5000,3/11/2025
Sepinggan,Sayuran Kacang Panjang,ikat,5000,3/12/2025
Sepinggan,Sayuran Kacang Panjang,ikat,5000,3/13/2025
Sepinggan,Sayuran Kacang Panjang,ikat,5000,3/14/2025
Sepinggan,Sayuran Kacang Panjang,ikat,5000,3/17/2025
Sepinggan,Sayuran Kacang Panjang,ikat,5000,3/18/2025
Sepinggan,Sayuran Kacang Panjang,ikat,5000,3/19/2025
Sepinggan,Sayuran Kacang Panjang,ikat,5000,3/20/2025
Sepinggan,Sayuran Kacang Panjang,ikat,5000,3/21/2025
Sepinggan,Sayuran Kacang Panjang,ikat,5000,3/24/2025
Sepinggan,Sayuran Kacang Panjang,ikat,5000,3/25/2025
Sepinggan,Sayuran Kacang Panjang,ikat,5000,3/26/2025
Sepinggan,Sayuran Kacang Panjang,ikat,5000,3/27/2025
Sepinggan,Sayuran Kacang Panjang,ikat,7000,4/2/2025
Sepinggan,Sayuran Kacang Panjang,ikat,8500,4/5/2025
Sepinggan,Sayuran Kacang Panjang,ikat,8500,4/6/2025
Sepinggan,Sayuran Kacang Panjang,ikat,5000,4/8/2025
Sepinggan,Sayuran Kacang Panjang,ikat,5000,4/9/2025
Sepinggan,Sayuran Kacang Panjang,ikat,5000,4/10/2025
Sepinggan,Sayuran Kacang Panjang,ikat,5000,4/11/2025
Sepinggan,Sayuran Kacang Panjang,ikat,5000,4/14/2025
Sepinggan,Sayuran Kacang Panjang,ikat,5000,4/15/2025
Sepinggan,Sayuran Kacang Panjang,ikat,5000,4/16/2025
Sepinggan,Sayuran Kacang Panjang,ikat,5000,4/17/2025
Sepinggan,Sayuran Kacang Panjang,ikat,7000,4/21/2025
Sepinggan,Sayuran Kacang Panjang,ikat,7000,4/22/2025
Sepinggan,Sayuran Kacang Panjang,ikat,7000,4/23/2025
Sepinggan,Sayuran Kacang Panjang,ikat,7000,4/24/2025
Sepinggan,Sayuran Kacang Panjang,ikat,7000,4/25/2025
Sepinggan,Sayuran Kacang Panjang,ikat,7000,4/28/2025
Sepinggan,Sayuran Kacang Panjang,ikat,7000,4/29/2025
Sepinggan,Sayuran Kacang Panjang,ikat,7000,4/30/2025
Sepinggan,Sayuran Kacang Panjang,ikat,9000,5/2/2025
Sepinggan,Sayuran Kacang Panjang,ikat,9000,5/3/2025
Sepinggan,Sayuran Kacang Panjang,ikat,8500,5/7/2025
Sepinggan,Sayuran Kacang Panjang,ikat,8500,5/8/2025
Sepinggan,Sayuran Kacang Panjang,ikat,8500,5/9/2025
Sepinggan,Sayuran Kacang Panjang,ikat,8500,5/14/2025
Sepinggan,Sayuran Kacang Panjang,ikat,8500,5/15/2025
Sepinggan,Sayuran Kacang Panjang,ikat,8500,5/16/2025
Sepinggan,Sayuran Kacang Panjang,ikat,8500,5/19/2025
Sepinggan,Sayuran Kacang Panjang,ikat,8500,5/20/2025
Sepinggan,Sayuran Kacang Panjang,ikat,8500,5/21/2025
Sepinggan,Sayuran Kacang Panjang,ikat,8500,5/22/2025
Sepinggan,Sayuran Kacang Panjang,ikat,8500,5/23/2025
Sepinggan,Sayuran Kacang Panjang,ikat,8500,5/26/2025
Sepinggan,Sayuran Kacang Panjang,ikat,8500,5/27/2025
Sepinggan,Sayuran Kacang Panjang,ikat,9000,5/28/2025
Sepinggan,Sayuran Kacang Panjang,ikat,12000,6/1/2025
Sepinggan,Sayuran Kacang Panjang,ikat,8500,6/4/2025
Sepinggan,Sayuran Kacang Panjang,ikat,8500,6/5/2025
Sepinggan,Sayuran Kacang Panjang,ikat,10000,6/10/2025
Sepinggan,Sayuran Kacang Panjang,ikat,10000,6/11/2025
Sepinggan,Sayuran Kacang Panjang,ikat,10000,6/12/2025
Sepinggan,Sayuran Kacang Panjang,ikat,10000,6/13/2025
Sepinggan,Sayuran Kacang Panjang,ikat,10000,6/16/2025
Sepinggan,Sayuran Kacang Panjang,ikat,10000,6/17/2025
Sepinggan,Sayuran Kacang Panjang,ikat,10000,6/18/2025
Sepinggan,Sayuran Kacang Panjang,ikat,10000,6/19/2025
Sepinggan,Sayuran Kacang Panjang,ikat,10000,6/20/2025
Sepinggan,Sayuran Kacang Panjang,ikat,10000,6/23/2025
Sepinggan,Sayuran Kacang Panjang,ikat,10000,6/24/2025
Sepinggan,Sayuran Kacang Panjang,ikat,12000,6/25/2025
Sepinggan,Sayuran Kacang Panjang,ikat,12000,6/26/2025
Sepinggan,Sayuran Kacang Panjang,ikat,12000,6/30/2025
Sepinggan,Sayuran Kacang Panjang,ikat,8500,7/1/2025
Sepinggan,Sayuran Kacang Panjang,ikat,12000,7/2/2025
Sepinggan,Sayuran Kacang Panjang,ikat,12000,7/3/2025
Sepinggan,Sayuran Kacang Panjang,ikat,12000,7/4/2025
Sepinggan,Sayuran Kacang Panjang,ikat,8500,7/4/2025
Sepinggan,Sayuran Kacang Panjang,ikat,8500,7/5/2025
Sepinggan,Sayuran Kacang Panjang,ikat,12000,7/7/2025
Sepinggan,Sayuran Kacang Panjang,ikat,12000,7/8/2025
Sepinggan,Sayuran Kacang Panjang,ikat,12000,7/9/2025
Sepinggan,Sayuran Kacang Panjang,ikat,12000,7/10/2025
Sepinggan,Sayuran Kacang Panjang,ikat,12000,7/11/2025
Sepinggan,Sayuran Kacang Panjang,ikat,12000,7/14/2025
Sepinggan,Sayuran Kacang Panjang,ikat,12000,7/15/2025
Sepinggan,Sayuran Kacang Panjang,ikat,12000,7/16/2025
Sepinggan,Sayuran Kacang Panjang,ikat,12000,7/17/2025
Sepinggan,Sayuran Kacang Panjang,ikat,12000,7/18/2025
Sepinggan,Sayuran Kacang Panjang,ikat,12000,7/21/2025
Sepinggan,Sayuran Kacang Panjang,ikat,12000,7/22/2025
Sepinggan,Sayuran Kacang Panjang,ikat,12000,7/23/2025
Sepinggan,Sayuran Kacang Panjang,ikat,12000,7/24/2025
Sepinggan,Sayuran Kacang Panjang,ikat,12000,7/25/2025
Sepinggan,Sayuran Kacang Panjang,ikat,12000,7/28/2025
Sepinggan,Sayuran Kacang Panjang,ikat,12000,7/29/2025
Sepinggan,Sayuran Kacang Panjang,ikat,8500,7/30/2025
Sepinggan,Sayuran Kacang Panjang,ikat,8500,7/31/2025
Sepinggan,Sayuran Kacang Panjang,ikat,12000,8/1/2025
Sepinggan,Sayuran Kacang Panjang,ikat,12000,8/2/2025
Sepinggan,Sayuran Kacang Panjang,ikat,8500,8/6/2025
Sepinggan,Sayuran Kacang Panjang,ikat,8500,8/7/2025
Sepinggan,Sayuran Kacang Panjang,ikat,8500,8/8/2025
Sepinggan,Sayuran Kacang Panjang,ikat,8500,8/11/2025
Sepinggan,Sayuran Kacang Panjang,ikat,8500,8/12/2025
Sepinggan,Sayuran Kacang Panjang,ikat,12000,8/13/2025
Sepinggan,Sayuran Kacang Panjang,ikat,12000,8/14/2025
Sepinggan,Sayuran Kacang Panjang,ikat,12000,8/15/2025
Sepinggan,Sayuran Kacang Panjang,ikat,12000,8/19/2025
Sepinggan,Sayuran Kacang Panjang,ikat,12000,8/20/2025
Sepinggan,Sayuran Kacang Panjang,ikat,12000,8/21/2025
Sepinggan,Sayuran Kacang Panjang,ikat,12000,8/22/2025
Sepinggan,Sayuran Kacang Panjang,ikat,12000,8/25/2025
Sepinggan,Sayuran Kacang Panjang,ikat,12000,8/26/2025
Sepinggan,Sayuran Kacang Panjang,ikat,12000,8/27/2025
Sepinggan,Sayuran Kacang Panjang,ikat,12000,8/28/2025
Sepinggan,Sayuran Kacang Panjang,ikat,12000,8/29/2025
Sepinggan,Sayuran Kacang Panjang,ikat,12000,9/3/2025
Sepinggan,Sayuran Kacang Panjang,ikat,8500,9/4/2025
Sepinggan,Sayuran Kacang Panjang,ikat,8500,9/8/2025
Sepinggan,Sayuran Kacang Panjang,ikat,8500,9/9/2025
Sepinggan,Sayuran Kacang Panjang,ikat,9000,9/10/2025
Sepinggan,Sayuran Kacang Panjang,ikat,9000,9/11/2025
Sepinggan,Sayuran Kacang Panjang,ikat,9000,9/12/2025
Sepinggan,Sayuran Kacang Panjang,ikat,9000,9/15/2025
Sepinggan,Sayuran Kacang Panjang,ikat,9000,9/16/2025
Sepinggan,Sayuran Kacang Panjang,ikat,10000,9/17/2025
Sepinggan,Sayuran Kacang Panjang,ikat,10000,9/18/2025
Sepinggan,Sayuran Kacang Panjang,ikat,10000,9/19/2025
Sepinggan,Sayuran Kacang Panjang,ikat,10000,9/22/2025
Sepinggan,Sayuran Kacang Panjang,ikat,10000,9/23/2025
Sepinggan,Sayuran Kacang Panjang,ikat,10000,9/24/2025
Sepinggan,Sayuran Kacang Panjang,ikat,10000,9/25/2025
Sepinggan,Sayuran Kacang Panjang,ikat,10000,9/26/2025
Sepinggan,Sayuran Kacang Panjang,ikat,10000,9/29/2025
Sepinggan,Sayuran Kacang Panjang,ikat,10000,9/30/2025
Sepinggan,Sayuran Kacang Panjang,ikat,10000,10/1/2025
Sepinggan,Sayuran Kacang Panjang,ikat,10000,10/2/2025
Sepinggan,Sayuran Kacang Panjang,ikat,10000,10/3/2025
Sepinggan,Sayuran Kacang Panjang,ikat,10000,10/3/2025
Sepinggan,Sayuran Kacang Panjang,ikat,10000,10/4/2025
Sepinggan,Sayuran Kacang Panjang,ikat,10000,10/6/2025
Sepinggan,Sayuran Kacang Panjang,ikat,10000,10/7/2025
Sepinggan,Sayuran Kacang Panjang,ikat,10000,10/8/2025
Sepinggan,Sayuran Kacang Panjang,ikat,10000,10/9/2025
Sepinggan,Sayuran Kacang Panjang,ikat,10000,10/10/2025
Sepinggan,Sayuran Kacang Panjang,ikat,10000,10/13/2025
Sepinggan,Sayuran Kacang Panjang,ikat,10000,10/14/2025
Sepinggan,Sayuran Kacang Panjang,ikat,10000,10/15/2025
Sepinggan,Sayuran Kacang Panjang,ikat,10000,10/16/2025
Sepinggan,Sayuran Kacang Panjang,ikat,10000,10/17/2025
Sepinggan,Sayuran Kacang Panjang,ikat,10000,10/20/2025
Sepinggan,Sayuran Kacang Panjang,ikat,10000,10/22/2025
Sepinggan,Sayuran Kacang Panjang,ikat,10000,10/23/2025
Sepinggan,Sayuran Kacang Panjang,ikat,10000,10/24/2025
Sepinggan,Sayuran Kacang Panjang,ikat,10000,10/27/2025
Sepinggan,Sayuran Kacang Panjang,ikat,10000,10/28/2025
Sepinggan,Sayuran Kacang Panjang,ikat,10000,10/29/2025
Sepinggan,Sayuran Kacang Panjang,ikat,10000,10/30/2025
Sepinggan,Sayuran Kacang Panjang,ikat,10000,10/31/2025
Sepinggan,Sayuran Kacang Panjang,ikat,10000,11/1/2025
Sepinggan,Sayuran Kacang Panjang,ikat,10000,11/2/2025
Sepinggan,Sayuran Kacang Panjang,ikat,10000,11/5/2025
Sepinggan,Sayuran Kacang Panjang,ikat,10000,11/6/2025
Sepinggan,Sayuran Kacang Panjang,ikat,10000,11/7/2025
Sepinggan,Sayuran Kacang Panjang,ikat,10000,11/10/2025
Sepinggan,Sayuran Kacang Panjang,ikat,10000,11/11/2025
Sepinggan,Sayuran Kacang Panjang,ikat,10000,11/12/2025
Sepinggan,Sayuran Kacang Panjang,ikat,10000,11/13/2025
Sepinggan,Sayuran Kacang Panjang,ikat,10000,11/14/2025
Sepinggan,Sayuran Kacang Panjang,ikat,10000,11/17/2025
Sepinggan,Sayuran Kacang Panjang,ikat,10000,11/18/2025
Sepinggan,Sayuran Kacang Panjang,ikat,10000,11/19/2025
Sepinggan,Sayuran Kacang Panjang,ikat,10000,11/20/2025
Sepinggan,Sayuran Kacang Panjang,ikat,10000,11/21/2025
Sepinggan,Sayuran Kacang Panjang,ikat,10000,11/24/2025
Sepinggan,Sayuran Kacang Panjang,ikat,10000,11/25/2025
Sepinggan,Sayuran Kacang Panjang,ikat,10000,11/26/2025
Sepinggan,Sayuran Kacang Panjang,ikat,10000,11/27/2025
Sepinggan,Sayuran Kacang Panjang,ikat,10000,11/28/2025
Sepinggan,Sayuran Kacang Panjang,ikat,10000,12/3/2025
Sepinggan,Sayuran Kacang Panjang,ikat,10000,12/4/2025
Sepinggan,Sayuran Kacang Panjang,ikat,10000,12/5/2025
Sepinggan,Sayuran Kacang Panjang,ikat,10000,12/8/2025
Sepinggan,Sayuran Kacang Panjang,ikat,10000,12/9/2025
Sepinggan,Sayuran Kacang Panjang,ikat,10000,12/10/2025
Sepinggan,Sayuran Kacang Panjang,ikat,10000,12/11/2025
Sepinggan,Sayuran Kacang Panjang,ikat,10000,12/12/2025
Sepinggan,Sayuran Kacang Panjang,ikat,10000,12/15/2025
Sepinggan,Sayuran Kacang Panjang,ikat,10000,12/16/2025
Sepinggan,Sayuran Kacang Panjang,ikat,10000,12/17/2025
Sepinggan,Sayuran Kacang Panjang,ikat,10000,12/18/2025
Sepinggan,Sayuran Kacang Panjang,ikat,10000,12/19/2025
Sepinggan,Sayuran Kacang Panjang,ikat,10000,12/22/2025
Sepinggan,Sayuran Kacang Panjang,ikat,10000,12/23/2025
Sepinggan,Sayuran Kacang Panjang,ikat,10000,12/24/2025
Sepinggan,Sayuran Kacang Panjang,ikat,10000,12/29/2025
Sepinggan,Sayuran Kacang Panjang,ikat,10000,12/30/2025
Sepinggan,Sayuran Kacang Panjang,ikat,10000,12/31/2025
Sepinggan,Sayuran Kacang Panjang,ikat,10000,1/2/2026
Sepinggan,Sayuran Kacang Panjang,ikat,10000,1/2/2026
Sepinggan,Sayuran Kacang Panjang,ikat,10000,1/3/2026
Sepinggan,Sayuran Kacang Panjang,ikat,10000,1/4/2026
Sepinggan,Sayuran Kacang Panjang,ikat,10000,1/5/2026
Sepinggan,Sayuran Kacang Panjang,ikat,10000,1/6/2026
Sepinggan,Sayuran Kacang Panjang,ikat,10000,1/7/2026
Sepinggan,Sayuran Kacang Panjang,ikat,10000,1/8/2026
Sepinggan,Sayuran Kacang Panjang,ikat,10000,1/9/2026
Sepinggan,Sayuran Kacang Panjang,ikat,10000,1/12/2026
Sepinggan,Sayuran Kacang Panjang,ikat,10000,1/13/2026
Sepinggan,Sayuran Kacang Panjang,ikat,10000,1/14/2026
Sepinggan,Sayuran Kacang Panjang,ikat,10000,1/15/2026
Sepinggan,Sayuran Kacang Panjang,ikat,10000,1/19/2026
Sepinggan,Sayuran Kacang Panjang,ikat,10000,1/20/2026
Sepinggan,Sayuran Kacang Panjang,ikat,10000,1/21/2026
Sepinggan,Sayuran Kacang Panjang,ikat,10000,1/22/2026
Sepinggan,Sayuran Kacang Panjang,ikat,10000,1/23/2026
Sepinggan,Sayuran Kacang Panjang,ikat,10000,1/26/2026
Sepinggan,Sayuran Kacang Panjang,ikat,10000,1/27/2026
Sepinggan,Sayuran Kacang Panjang,ikat,10000,1/28/2026
Sepinggan,Sayuran Kacang Panjang,ikat,10000,1/29/2026
Sepinggan,Sayuran Kacang Panjang,ikat,10000,1/30/2026
Sepinggan,Sayuran Kacang Panjang,ikat,10000,2/2/2026
Sepinggan,Sayuran Kacang Panjang,ikat,10000,2/3/2026
Sepinggan,Sayuran Kacang Panjang,ikat,10000,2/4/2026
Sepinggan,Sayuran Kacang Panjang,ikat,10000,2/5/2026
Sepinggan,Sayuran Kacang Panjang,ikat,10000,2/6/2026
Sepinggan,Sayuran Kacang Panjang,ikat,10000,2/9/2026
Sepinggan,Sayuran Kacang Panjang,ikat,10000,2/10/2026
Sepinggan,Sayuran Kacang Panjang,ikat,10000,2/11/2026
Sepinggan,Sayuran Kacang Panjang,ikat,10000,2/12/2026
Sepinggan,Sayuran Kacang Panjang,ikat,10000,2/13/2026
Sepinggan,Sayuran Kacang Panjang,ikat,10000,2/18/2026
Sepinggan,Sayuran Kacang Panjang,ikat,10000,2/19/2026
Sepinggan,Sayuran Kacang Panjang,ikat,10000,2/20/2026
Sepinggan,Sayuran Kacang Panjang,ikat,10000,2/23/2026
Sepinggan,Sayuran Kacang Panjang,ikat,10000,2/24/2026
Sepinggan,Sayuran Kacang Panjang,ikat,10000,2/25/2026
Sepinggan,Sayuran Kacang Panjang,ikat,10000,2/26/2026
Sepinggan,Sayuran Kacang Panjang,ikat,10000,2/27/2026
Sepinggan,Sayuran Kacang Panjang,ikat,10000,3/1/2026
Sepinggan,Sayuran Kacang Panjang,ikat,10000,3/5/2026
Sepinggan,Sayuran Kacang Panjang,ikat,10000,3/6/2026
Sepinggan,Sayuran Kacang Panjang,ikat,10000,3/9/2026
Sepinggan,Sayuran Kacang Panjang,ikat,10000,3/10/2026
Sepinggan,Sayuran Kacang Panjang,ikat,10000,3/11/2026
Sepinggan,Sayuran Kacang Panjang,ikat,10000,3/12/2026
Sepinggan,Sayuran Kacang Panjang,ikat,10000,3/13/2026
Sepinggan,Sayuran Kacang Panjang,ikat,10000,3/17/2026
Sepinggan,Sayuran Kacang Panjang,ikat,10000,3/25/2026
Sepinggan,Sayuran Kacang Panjang,ikat,10000,3/26/2026
Sepinggan,Sayuran Kacang Panjang,ikat,10000,3/27/2026
Sepinggan,Sayuran Kacang Panjang,ikat,10000,3/30/2026
Sepinggan,Sayuran Kacang Panjang,ikat,10000,3/31/2026
Sepinggan,Sayuran Kacang Panjang,ikat,10000,4/2/2026
Sepinggan,Sayuran Kacang Panjang,ikat,10000,4/4/2026
Sepinggan,Sayuran Kacang Panjang,ikat,10000,4/5/2026
Sepinggan,Sayuran Kacang Panjang,ikat,10000,4/6/2026
Sepinggan,Sayuran Kacang Panjang,ikat,10000,4/6/2026
Sepinggan,Sayuran Kacang Panjang,ikat,10000,4/7/2026
Sepinggan,Sayuran Kacang Panjang,ikat,10000,4/8/2026
Sepinggan,Sayuran Kacang Panjang,ikat,10000,4/9/2026
Sepinggan,Sayuran Kacang Panjang,ikat,10000,4/10/2026
Sepinggan,Sayuran Kacang Panjang,ikat,10000,4/13/2026
Sepinggan,Sayuran Kacang Panjang,ikat,10000,4/14/2026
Sepinggan,Sayuran Kacang Panjang,ikat,10000,4/15/2026
Sepinggan,Sayuran Kacang Panjang,ikat,10000,4/16/2026
Sepinggan,Sayuran Kacang Panjang,ikat,10000,4/17/2026
Sepinggan,Sayuran Kacang Panjang,ikat,10000,4/20/2026
Sepinggan,Sayuran Kacang Panjang,ikat,10000,4/21/2026
Sepinggan,Sayuran Kacang Panjang,ikat,10000,4/22/2026
Sepinggan,Sayuran Kacang Panjang,ikat,10000,4/23/2026
Sepinggan,Sayuran Kacang Panjang,ikat,10000,4/24/2026
Sepinggan,Sayuran Kacang Panjang,ikat,10000,4/27/2026
Sepinggan,Sayuran Kacang Panjang,ikat,10000,4/28/2026
Sepinggan,Sayuran Kacang Panjang,ikat,10000,4/29/2026
Sepinggan,Sayuran Kacang Panjang,ikat,10000,4/30/2026
Sepinggan,Sayuran Kacang Panjang,ikat,10000,5/7/2026
Sepinggan,Sayuran Kacang Panjang,ikat,10000,5/8/2026
Sepinggan,Sayuran Kacang Panjang,ikat,10000,5/11/2026
Sepinggan,Sayuran Kacang Panjang,ikat,10000,5/12/2026
Sepinggan,Sayuran Kacang Panjang,ikat,10000,5/13/2026
Sepinggan,Sayuran Kacang Panjang,ikat,10000,5/18/2026
Sepinggan,Sayuran Kacang Panjang,ikat,10000,5/19/2026
Sepinggan,Sayuran Kacang Panjang,ikat,10000,5/20/2026
Sepinggan,Sayuran Kacang Panjang,ikat,10000,5/21/2026
Sepinggan,Sayuran Kacang Panjang,ikat,10000,5/22/2026
Sepinggan,Sayuran Kangkung,ikat,7000,1/1/2024
Sepinggan,Sayuran Kangkung,ikat,6000,1/2/2024
Sepinggan,Sayuran Kangkung,ikat,4000,1/3/2024
Sepinggan,Sayuran Kangkung,ikat,5000,1/4/2024
Sepinggan,Sayuran Kangkung,ikat,5000,1/5/2024
Sepinggan,Sayuran Kangkung,ikat,5000,1/8/2024
Sepinggan,Sayuran Kangkung,ikat,5000,1/9/2024
Sepinggan,Sayuran Kangkung,ikat,5000,1/10/2024
Sepinggan,Sayuran Kangkung,ikat,6000,1/11/2024
Sepinggan,Sayuran Kangkung,ikat,6000,1/12/2024
Sepinggan,Sayuran Kangkung,ikat,6000,1/15/2024
Sepinggan,Sayuran Kangkung,ikat,6000,1/16/2024
Sepinggan,Sayuran Kangkung,ikat,6000,1/17/2024
Sepinggan,Sayuran Kangkung,ikat,6000,1/18/2024
Sepinggan,Sayuran Kangkung,ikat,6000,1/19/2024
Sepinggan,Sayuran Kangkung,ikat,8000,1/22/2024
Sepinggan,Sayuran Kangkung,ikat,7000,1/23/2024
Sepinggan,Sayuran Kangkung,ikat,6000,1/24/2024
Sepinggan,Sayuran Kangkung,ikat,6000,1/25/2024
Sepinggan,Sayuran Kangkung,ikat,6000,1/26/2024
Sepinggan,Sayuran Kangkung,ikat,7000,1/29/2024
Sepinggan,Sayuran Kangkung,ikat,7000,1/30/2024
Sepinggan,Sayuran Kangkung,ikat,7000,1/31/2024
Sepinggan,Sayuran Kangkung,ikat,6000,2/1/2024
Sepinggan,Sayuran Kangkung,ikat,6000,2/5/2024
Sepinggan,Sayuran Kangkung,ikat,7000,2/6/2024
Sepinggan,Sayuran Kangkung,ikat,7000,2/7/2024
Sepinggan,Sayuran Kangkung,ikat,7000,2/12/2024
Sepinggan,Sayuran Kangkung,ikat,5000,2/13/2024
Sepinggan,Sayuran Kangkung,ikat,5000,2/15/2024
Sepinggan,Sayuran Kangkung,ikat,5000,2/16/2024
Sepinggan,Sayuran Kangkung,ikat,6000,2/19/2024
Sepinggan,Sayuran Kangkung,ikat,6000,2/20/2024
Sepinggan,Sayuran Kangkung,ikat,5000,2/21/2024
Sepinggan,Sayuran Kangkung,ikat,5000,2/22/2024
Sepinggan,Sayuran Kangkung,ikat,5000,2/23/2024
Sepinggan,Sayuran Kangkung,ikat,7000,2/26/2024
Sepinggan,Sayuran Kangkung,ikat,5000,2/27/2024
Sepinggan,Sayuran Kangkung,ikat,6000,2/28/2024
Sepinggan,Sayuran Kangkung,ikat,6000,2/29/2024
Sepinggan,Sayuran Kangkung,ikat,5000,3/4/2024
Sepinggan,Sayuran Kangkung,ikat,5000,3/5/2024
Sepinggan,Sayuran Kangkung,ikat,5000,3/6/2024
Sepinggan,Sayuran Kangkung,ikat,5000,3/7/2024
Sepinggan,Sayuran Kangkung,ikat,5000,3/8/2024
Sepinggan,Sayuran Kangkung,ikat,6000,3/13/2024
Sepinggan,Sayuran Kangkung,ikat,6000,3/14/2024
Sepinggan,Sayuran Kangkung,ikat,6000,3/15/2024
Sepinggan,Sayuran Kangkung,ikat,5000,3/18/2024
Sepinggan,Sayuran Kangkung,ikat,5000,3/19/2024
Sepinggan,Sayuran Kangkung,ikat,5000,3/20/2024
Sepinggan,Sayuran Kangkung,ikat,5000,3/21/2024
Sepinggan,Sayuran Kangkung,ikat,6000,3/22/2024
Sepinggan,Sayuran Kangkung,ikat,4000,3/25/2024
Sepinggan,Sayuran Kangkung,ikat,5000,3/26/2024
Sepinggan,Sayuran Kangkung,ikat,5000,3/27/2024
Sepinggan,Sayuran Kangkung,ikat,5000,3/28/2024
Sepinggan,Sayuran Kangkung,ikat,5000,4/1/2024
Sepinggan,Sayuran Kangkung,ikat,3000,4/2/2024
Sepinggan,Sayuran Kangkung,ikat,5000,4/2/2024
Sepinggan,Sayuran Kangkung,ikat,3000,4/3/2024
Sepinggan,Sayuran Kangkung,ikat,5000,4/3/2024
Sepinggan,Sayuran Kangkung,ikat,5000,4/4/2024
Sepinggan,Sayuran Kangkung,ikat,5000,4/5/2024
Sepinggan,Sayuran Kangkung,ikat,6000,4/16/2024
Sepinggan,Sayuran Kangkung,ikat,6000,4/17/2024
Sepinggan,Sayuran Kangkung,ikat,6500,4/18/2024
Sepinggan,Sayuran Kangkung,ikat,6500,4/19/2024
Sepinggan,Sayuran Kangkung,ikat,6500,4/22/2024
Sepinggan,Sayuran Kangkung,ikat,6500,4/23/2024
Sepinggan,Sayuran Kangkung,ikat,6500,4/24/2024
Sepinggan,Sayuran Kangkung,ikat,6500,4/25/2024
Sepinggan,Sayuran Kangkung,ikat,6500,4/26/2024
Sepinggan,Sayuran Kangkung,ikat,6000,4/29/2024
Sepinggan,Sayuran Kangkung,ikat,6000,4/30/2024
Sepinggan,Sayuran Kangkung,ikat,9000,5/6/2024
Sepinggan,Sayuran Kangkung,ikat,9000,5/7/2024
Sepinggan,Sayuran Kangkung,ikat,9500,5/8/2024
Sepinggan,Sayuran Kangkung,ikat,9500,5/13/2024
Sepinggan,Sayuran Kangkung,ikat,6000,5/14/2024
Sepinggan,Sayuran Kangkung,ikat,6000,5/15/2024
Sepinggan,Sayuran Kangkung,ikat,6000,5/16/2024
Sepinggan,Sayuran Kangkung,ikat,5000,5/17/2024
Sepinggan,Sayuran Kangkung,ikat,7000,5/20/2024
Sepinggan,Sayuran Kangkung,ikat,7000,5/21/2024
Sepinggan,Sayuran Kangkung,ikat,7000,5/22/2024
Sepinggan,Sayuran Kangkung,ikat,7000,5/27/2024
Sepinggan,Sayuran Kangkung,ikat,5000,5/28/2024
Sepinggan,Sayuran Kangkung,ikat,5000,5/30/2024
Sepinggan,Sayuran Kangkung,ikat,5000,5/31/2024
Sepinggan,Sayuran Kangkung,ikat,8000,6/3/2024
Sepinggan,Sayuran Kangkung,ikat,7500,6/4/2024
Sepinggan,Sayuran Kangkung,ikat,7000,6/5/2024
Sepinggan,Sayuran Kangkung,ikat,7000,6/6/2024
Sepinggan,Sayuran Kangkung,ikat,7000,6/7/2024
Sepinggan,Sayuran Kangkung,ikat,7000,6/10/2024
Sepinggan,Sayuran Kangkung,ikat,8000,6/11/2024
Sepinggan,Sayuran Kangkung,ikat,8000,6/12/2024
Sepinggan,Sayuran Kangkung,ikat,8000,6/13/2024
Sepinggan,Sayuran Kangkung,ikat,8000,6/14/2024
Sepinggan,Sayuran Kangkung,ikat,7000,6/19/2024
Sepinggan,Sayuran Kangkung,ikat,7000,6/20/2024
Sepinggan,Sayuran Kangkung,ikat,7000,6/21/2024
Sepinggan,Sayuran Kangkung,ikat,7000,6/24/2024
Sepinggan,Sayuran Kangkung,ikat,7000,6/25/2024
Sepinggan,Sayuran Kangkung,ikat,8000,6/26/2024
Sepinggan,Sayuran Kangkung,ikat,8000,6/27/2024
Sepinggan,Sayuran Kangkung,ikat,7500,6/28/2024
Sepinggan,Sayuran Kangkung,ikat,8000,7/1/2024
Sepinggan,Sayuran Kangkung,ikat,7500,7/1/2024
Sepinggan,Sayuran Kangkung,ikat,6000,7/2/2024
Sepinggan,Sayuran Kangkung,ikat,7500,7/2/2024
Sepinggan,Sayuran Kangkung,ikat,6000,7/3/2024
Sepinggan,Sayuran Kangkung,ikat,5000,7/4/2024
Sepinggan,Sayuran Kangkung,ikat,5000,7/5/2024
Sepinggan,Sayuran Kangkung,ikat,8000,7/8/2024
Sepinggan,Sayuran Kangkung,ikat,7000,7/9/2024
Sepinggan,Sayuran Kangkung,ikat,10000,7/10/2024
Sepinggan,Sayuran Kangkung,ikat,10500,7/11/2024
Sepinggan,Sayuran Kangkung,ikat,10500,7/12/2024
Sepinggan,Sayuran Kangkung,ikat,10500,7/15/2024
Sepinggan,Sayuran Kangkung,ikat,10500,7/16/2024
Sepinggan,Sayuran Kangkung,ikat,10500,7/17/2024
Sepinggan,Sayuran Kangkung,ikat,10500,7/18/2024
Sepinggan,Sayuran Kangkung,ikat,12000,7/19/2024
Sepinggan,Sayuran Kangkung,ikat,12000,7/22/2024
Sepinggan,Sayuran Kangkung,ikat,12000,7/23/2024
Sepinggan,Sayuran Kangkung,ikat,12000,7/24/2024
Sepinggan,Sayuran Kangkung,ikat,12000,7/25/2024
Sepinggan,Sayuran Kangkung,ikat,12000,7/26/2024
Sepinggan,Sayuran Kangkung,ikat,12000,7/29/2024
Sepinggan,Sayuran Kangkung,ikat,9000,7/30/2024
Sepinggan,Sayuran Kangkung,ikat,8000,7/31/2024
Sepinggan,Sayuran Kangkung,ikat,7500,8/5/2024
Sepinggan,Sayuran Kangkung,ikat,7500,8/6/2024
Sepinggan,Sayuran Kangkung,ikat,7500,8/7/2024
Sepinggan,Sayuran Kangkung,ikat,6500,8/8/2024
Sepinggan,Sayuran Kangkung,ikat,6500,8/9/2024
Sepinggan,Sayuran Kangkung,ikat,6000,8/12/2024
Sepinggan,Sayuran Kangkung,ikat,6000,8/13/2024
Sepinggan,Sayuran Kangkung,ikat,5000,8/14/2024
Sepinggan,Sayuran Kangkung,ikat,5000,8/15/2024
Sepinggan,Sayuran Kangkung,ikat,5000,8/16/2024
Sepinggan,Sayuran Kangkung,ikat,5000,8/19/2024
Sepinggan,Sayuran Kangkung,ikat,5000,8/20/2024
Sepinggan,Sayuran Kangkung,ikat,5000,8/21/2024
Sepinggan,Sayuran Kangkung,ikat,5000,8/22/2024
Sepinggan,Sayuran Kangkung,ikat,5000,8/23/2024
Sepinggan,Sayuran Kangkung,ikat,8000,8/26/2024
Sepinggan,Sayuran Kangkung,ikat,8000,8/27/2024
Sepinggan,Sayuran Kangkung,ikat,5000,8/28/2024
Sepinggan,Sayuran Kangkung,ikat,7000,8/29/2024
Sepinggan,Sayuran Kangkung,ikat,8000,8/30/2024
Sepinggan,Sayuran Kangkung,ikat,4000,9/1/2024
Sepinggan,Sayuran Kangkung,ikat,10000,9/2/2024
Sepinggan,Sayuran Kangkung,ikat,4000,9/2/2024
Sepinggan,Sayuran Kangkung,ikat,10000,9/3/2024
Sepinggan,Sayuran Kangkung,ikat,4000,9/3/2024
Sepinggan,Sayuran Kangkung,ikat,10000,9/4/2024
Sepinggan,Sayuran Kangkung,ikat,4000,9/4/2024
Sepinggan,Sayuran Kangkung,ikat,11000,9/5/2024
Sepinggan,Sayuran Kangkung,ikat,10000,9/6/2024
Sepinggan,Sayuran Kangkung,ikat,8000,9/9/2024
Sepinggan,Sayuran Kangkung,ikat,8000,9/10/2024
Sepinggan,Sayuran Kangkung,ikat,5000,9/11/2024
Sepinggan,Sayuran Kangkung,ikat,5500,9/12/2024
Sepinggan,Sayuran Kangkung,ikat,5500,9/13/2024
Sepinggan,Sayuran Kangkung,ikat,7000,9/17/2024
Sepinggan,Sayuran Kangkung,ikat,7000,9/18/2024
Sepinggan,Sayuran Kangkung,ikat,7000,9/19/2024
Sepinggan,Sayuran Kangkung,ikat,7000,9/20/2024
Sepinggan,Sayuran Kangkung,ikat,5000,9/23/2024
Sepinggan,Sayuran Kangkung,ikat,5000,9/24/2024
Sepinggan,Sayuran Kangkung,ikat,5000,9/25/2024
Sepinggan,Sayuran Kangkung,ikat,5000,9/26/2024
Sepinggan,Sayuran Kangkung,ikat,5000,9/27/2024
Sepinggan,Sayuran Kangkung,ikat,3000,9/30/2024
Sepinggan,Sayuran Kangkung,ikat,6000,10/1/2024
Sepinggan,Sayuran Kangkung,ikat,4000,10/7/2024
Sepinggan,Sayuran Kangkung,ikat,5000,10/8/2024
Sepinggan,Sayuran Kangkung,ikat,5000,10/9/2024
Sepinggan,Sayuran Kangkung,ikat,5000,10/10/2024
Sepinggan,Sayuran Kangkung,ikat,5000,10/11/2024
Sepinggan,Sayuran Kangkung,ikat,4000,10/14/2024
Sepinggan,Sayuran Kangkung,ikat,4000,10/15/2024
Sepinggan,Sayuran Kangkung,ikat,3000,10/16/2024
Sepinggan,Sayuran Kangkung,ikat,3000,10/17/2024
Sepinggan,Sayuran Kangkung,ikat,5000,10/18/2024
Sepinggan,Sayuran Kangkung,ikat,6000,10/21/2024
Sepinggan,Sayuran Kangkung,ikat,6000,10/22/2024
Sepinggan,Sayuran Kangkung,ikat,5500,10/23/2024
Sepinggan,Sayuran Kangkung,ikat,5500,10/24/2024
Sepinggan,Sayuran Kangkung,ikat,5500,10/25/2024
Sepinggan,Sayuran Kangkung,ikat,5000,10/28/2024
Sepinggan,Sayuran Kangkung,ikat,5000,10/29/2024
Sepinggan,Sayuran Kangkung,ikat,5000,10/30/2024
Sepinggan,Sayuran Kangkung,ikat,5000,10/31/2024
Sepinggan,Sayuran Kangkung,ikat,5000,11/4/2024
Sepinggan,Sayuran Kangkung,ikat,5000,11/5/2024
Sepinggan,Sayuran Kangkung,ikat,7000,11/6/2024
Sepinggan,Sayuran Kangkung,ikat,5000,11/7/2024
Sepinggan,Sayuran Kangkung,ikat,5000,11/8/2024
Sepinggan,Sayuran Kangkung,ikat,4500,11/11/2024
Sepinggan,Sayuran Kangkung,ikat,5500,11/12/2024
Sepinggan,Sayuran Kangkung,ikat,5500,11/13/2024
Sepinggan,Sayuran Kangkung,ikat,5000,11/14/2024
Sepinggan,Sayuran Kangkung,ikat,3000,11/15/2024
Sepinggan,Sayuran Kangkung,ikat,3000,11/18/2024
Sepinggan,Sayuran Kangkung,ikat,5000,11/19/2024
Sepinggan,Sayuran Kangkung,ikat,5000,11/20/2024
Sepinggan,Sayuran Kangkung,ikat,5000,11/21/2024
Sepinggan,Sayuran Kangkung,ikat,5000,11/22/2024
Sepinggan,Sayuran Kangkung,ikat,3000,11/25/2024
Sepinggan,Sayuran Kangkung,ikat,3000,11/26/2024
Sepinggan,Sayuran Kangkung,ikat,4000,11/28/2024
Sepinggan,Sayuran Kangkung,ikat,4000,11/29/2024
Sepinggan,Sayuran Kangkung,ikat,5000,12/2/2024
Sepinggan,Sayuran Kangkung,ikat,5000,12/3/2024
Sepinggan,Sayuran Kangkung,ikat,5000,12/4/2024
Sepinggan,Sayuran Kangkung,ikat,6000,12/5/2024
Sepinggan,Sayuran Kangkung,ikat,6000,12/6/2024
Sepinggan,Sayuran Kangkung,ikat,6000,12/9/2024
Sepinggan,Sayuran Kangkung,ikat,6000,12/10/2024
Sepinggan,Sayuran Kangkung,ikat,8000,12/11/2024
Sepinggan,Sayuran Kangkung,ikat,8000,12/12/2024
Sepinggan,Sayuran Kangkung,ikat,8000,12/13/2024
Sepinggan,Sayuran Kangkung,ikat,8000,12/16/2024
Sepinggan,Sayuran Kangkung,ikat,8000,12/17/2024
Sepinggan,Sayuran Kangkung,ikat,8000,12/18/2024
Sepinggan,Sayuran Kangkung,ikat,8000,12/19/2024
Sepinggan,Sayuran Kangkung,ikat,8000,12/20/2024
Sepinggan,Sayuran Kangkung,ikat,8000,12/23/2024
Sepinggan,Sayuran Kangkung,ikat,8000,12/24/2024
Sepinggan,Sayuran Kangkung,ikat,8000,12/27/2024
Sepinggan,Sayuran Kangkung,ikat,8000,12/30/2024
Sepinggan,Sayuran Kangkung,ikat,8000,12/31/2024
Sepinggan,Sayuran Kangkung,ikat,8000,1/2/2025
Sepinggan,Sayuran Kangkung,ikat,8000,1/3/2025
Sepinggan,Sayuran Kangkung,ikat,11000,1/3/2025
Sepinggan,Sayuran Kangkung,ikat,11000,1/4/2025
Sepinggan,Sayuran Kangkung,ikat,8000,1/6/2025
Sepinggan,Sayuran Kangkung,ikat,8000,1/7/2025
Sepinggan,Sayuran Kangkung,ikat,8000,1/8/2025
Sepinggan,Sayuran Kangkung,ikat,8000,1/9/2025
Sepinggan,Sayuran Kangkung,ikat,8000,1/10/2025
Sepinggan,Sayuran Kangkung,ikat,8000,1/13/2025
Sepinggan,Sayuran Kangkung,ikat,8000,1/14/2025
Sepinggan,Sayuran Kangkung,ikat,8000,1/15/2025
Sepinggan,Sayuran Kangkung,ikat,8000,1/16/2025
Sepinggan,Sayuran Kangkung,ikat,8000,1/20/2025
Sepinggan,Sayuran Kangkung,ikat,11000,1/21/2025
Sepinggan,Sayuran Kangkung,ikat,11000,1/22/2025
Sepinggan,Sayuran Kangkung,ikat,11000,1/23/2025
Sepinggan,Sayuran Kangkung,ikat,11000,1/24/2025
Sepinggan,Sayuran Kangkung,ikat,11000,1/30/2025
Sepinggan,Sayuran Kangkung,ikat,11000,1/31/2025
Sepinggan,Sayuran Kangkung,ikat,10000,2/3/2025
Sepinggan,Sayuran Kangkung,ikat,10000,2/4/2025
Sepinggan,Sayuran Kangkung,ikat,11000,2/5/2025
Sepinggan,Sayuran Kangkung,ikat,11000,2/6/2025
Sepinggan,Sayuran Kangkung,ikat,11000,2/7/2025
Sepinggan,Sayuran Kangkung,ikat,11000,2/10/2025
Sepinggan,Sayuran Kangkung,ikat,11000,2/11/2025
Sepinggan,Sayuran Kangkung,ikat,11000,2/12/2025
Sepinggan,Sayuran Kangkung,ikat,11000,2/13/2025
Sepinggan,Sayuran Kangkung,ikat,11000,2/14/2025
Sepinggan,Sayuran Kangkung,ikat,11000,2/17/2025
Sepinggan,Sayuran Kangkung,ikat,11000,2/18/2025
Sepinggan,Sayuran Kangkung,ikat,11000,2/19/2025
Sepinggan,Sayuran Kangkung,ikat,11000,2/20/2025
Sepinggan,Sayuran Kangkung,ikat,11000,2/21/2025
Sepinggan,Sayuran Kangkung,ikat,11000,2/24/2025
Sepinggan,Sayuran Kangkung,ikat,10000,2/25/2025
Sepinggan,Sayuran Kangkung,ikat,10000,2/26/2025
Sepinggan,Sayuran Kangkung,ikat,10000,2/27/2025
Sepinggan,Sayuran Kangkung,ikat,10000,2/28/2025
Sepinggan,Sayuran Kangkung,ikat,10000,3/5/2025
Sepinggan,Sayuran Kangkung,ikat,10000,3/6/2025
Sepinggan,Sayuran Kangkung,ikat,10000,3/7/2025
Sepinggan,Sayuran Kangkung,ikat,10000,3/10/2025
Sepinggan,Sayuran Kangkung,ikat,10000,3/11/2025
Sepinggan,Sayuran Kangkung,ikat,10000,3/12/2025
Sepinggan,Sayuran Kangkung,ikat,10000,3/13/2025
Sepinggan,Sayuran Kangkung,ikat,10000,3/14/2025
Sepinggan,Sayuran Kangkung,ikat,10000,3/17/2025
Sepinggan,Sayuran Kangkung,ikat,10000,3/18/2025
Sepinggan,Sayuran Kangkung,ikat,10000,3/19/2025
Sepinggan,Sayuran Kangkung,ikat,10000,3/20/2025
Sepinggan,Sayuran Kangkung,ikat,10000,3/21/2025
Sepinggan,Sayuran Kangkung,ikat,10000,3/24/2025
Sepinggan,Sayuran Kangkung,ikat,10000,3/25/2025
Sepinggan,Sayuran Kangkung,ikat,10000,3/26/2025
Sepinggan,Sayuran Kangkung,ikat,10000,3/27/2025
Sepinggan,Sayuran Kangkung,ikat,10000,4/2/2025
Sepinggan,Sayuran Kangkung,ikat,10500,4/5/2025
Sepinggan,Sayuran Kangkung,ikat,10500,4/6/2025
Sepinggan,Sayuran Kangkung,ikat,10000,4/8/2025
Sepinggan,Sayuran Kangkung,ikat,10000,4/9/2025
Sepinggan,Sayuran Kangkung,ikat,10000,4/10/2025
Sepinggan,Sayuran Kangkung,ikat,10000,4/11/2025
Sepinggan,Sayuran Kangkung,ikat,10000,4/14/2025
Sepinggan,Sayuran Kangkung,ikat,10000,4/15/2025
Sepinggan,Sayuran Kangkung,ikat,10000,4/16/2025
Sepinggan,Sayuran Kangkung,ikat,10000,4/17/2025
Sepinggan,Sayuran Kangkung,ikat,10000,4/21/2025
Sepinggan,Sayuran Kangkung,ikat,10000,4/22/2025
Sepinggan,Sayuran Kangkung,ikat,10000,4/23/2025
Sepinggan,Sayuran Kangkung,ikat,10000,4/24/2025
Sepinggan,Sayuran Kangkung,ikat,10000,4/25/2025
Sepinggan,Sayuran Kangkung,ikat,10000,4/28/2025
Sepinggan,Sayuran Kangkung,ikat,10000,4/29/2025
Sepinggan,Sayuran Kangkung,ikat,10000,4/30/2025
Sepinggan,Sayuran Kangkung,ikat,10500,5/2/2025
Sepinggan,Sayuran Kangkung,ikat,10500,5/3/2025
Sepinggan,Sayuran Kangkung,ikat,10500,5/7/2025
Sepinggan,Sayuran Kangkung,ikat,10500,5/8/2025
Sepinggan,Sayuran Kangkung,ikat,10500,5/9/2025
Sepinggan,Sayuran Kangkung,ikat,10500,5/14/2025
Sepinggan,Sayuran Kangkung,ikat,10500,5/15/2025
Sepinggan,Sayuran Kangkung,ikat,10500,5/16/2025
Sepinggan,Sayuran Kangkung,ikat,10500,5/19/2025
Sepinggan,Sayuran Kangkung,ikat,10500,5/20/2025
Sepinggan,Sayuran Kangkung,ikat,10500,5/21/2025
Sepinggan,Sayuran Kangkung,ikat,10500,5/22/2025
Sepinggan,Sayuran Kangkung,ikat,10500,5/23/2025
Sepinggan,Sayuran Kangkung,ikat,10500,5/26/2025
Sepinggan,Sayuran Kangkung,ikat,10500,5/27/2025
Sepinggan,Sayuran Kangkung,ikat,10500,5/28/2025
Sepinggan,Sayuran Kangkung,ikat,10500,6/1/2025
Sepinggan,Sayuran Kangkung,ikat,10500,6/4/2025
Sepinggan,Sayuran Kangkung,ikat,10500,6/5/2025
Sepinggan,Sayuran Kangkung,ikat,10500,6/10/2025
Sepinggan,Sayuran Kangkung,ikat,10500,6/11/2025
Sepinggan,Sayuran Kangkung,ikat,10500,6/12/2025
Sepinggan,Sayuran Kangkung,ikat,10500,6/13/2025
Sepinggan,Sayuran Kangkung,ikat,10500,6/16/2025
Sepinggan,Sayuran Kangkung,ikat,10500,6/17/2025
Sepinggan,Sayuran Kangkung,ikat,10500,6/18/2025
Sepinggan,Sayuran Kangkung,ikat,10500,6/19/2025
Sepinggan,Sayuran Kangkung,ikat,10500,6/20/2025
Sepinggan,Sayuran Kangkung,ikat,10500,6/23/2025
Sepinggan,Sayuran Kangkung,ikat,10500,6/24/2025
Sepinggan,Sayuran Kangkung,ikat,10500,6/25/2025
Sepinggan,Sayuran Kangkung,ikat,10500,6/26/2025
Sepinggan,Sayuran Kangkung,ikat,10500,6/30/2025
Sepinggan,Sayuran Kangkung,ikat,8000,7/1/2025
Sepinggan,Sayuran Kangkung,ikat,10500,7/2/2025
Sepinggan,Sayuran Kangkung,ikat,10500,7/3/2025
Sepinggan,Sayuran Kangkung,ikat,10500,7/4/2025
Sepinggan,Sayuran Kangkung,ikat,8000,7/4/2025
Sepinggan,Sayuran Kangkung,ikat,8000,7/5/2025
Sepinggan,Sayuran Kangkung,ikat,10500,7/7/2025
Sepinggan,Sayuran Kangkung,ikat,10500,7/8/2025
Sepinggan,Sayuran Kangkung,ikat,10500,7/9/2025
Sepinggan,Sayuran Kangkung,ikat,10500,7/10/2025
Sepinggan,Sayuran Kangkung,ikat,10500,7/11/2025
Sepinggan,Sayuran Kangkung,ikat,10500,7/14/2025
Sepinggan,Sayuran Kangkung,ikat,10500,7/15/2025
Sepinggan,Sayuran Kangkung,ikat,8000,7/16/2025
Sepinggan,Sayuran Kangkung,ikat,8000,7/17/2025
Sepinggan,Sayuran Kangkung,ikat,8000,7/18/2025
Sepinggan,Sayuran Kangkung,ikat,8000,7/21/2025
Sepinggan,Sayuran Kangkung,ikat,8000,7/22/2025
Sepinggan,Sayuran Kangkung,ikat,8000,7/23/2025
Sepinggan,Sayuran Kangkung,ikat,8000,7/24/2025
Sepinggan,Sayuran Kangkung,ikat,8000,7/25/2025
Sepinggan,Sayuran Kangkung,ikat,8000,7/28/2025
Sepinggan,Sayuran Kangkung,ikat,8000,7/29/2025
Sepinggan,Sayuran Kangkung,ikat,8000,7/30/2025
Sepinggan,Sayuran Kangkung,ikat,8000,7/31/2025
Sepinggan,Sayuran Kangkung,ikat,10000,8/1/2025
Sepinggan,Sayuran Kangkung,ikat,10000,8/2/2025
Sepinggan,Sayuran Kangkung,ikat,10000,8/6/2025
Sepinggan,Sayuran Kangkung,ikat,10000,8/7/2025
Sepinggan,Sayuran Kangkung,ikat,10000,8/8/2025
Sepinggan,Sayuran Kangkung,ikat,10000,8/11/2025
Sepinggan,Sayuran Kangkung,ikat,10000,8/12/2025
Sepinggan,Sayuran Kangkung,ikat,10000,8/13/2025
Sepinggan,Sayuran Kangkung,ikat,10000,8/14/2025
Sepinggan,Sayuran Kangkung,ikat,10000,8/15/2025
Sepinggan,Sayuran Kangkung,ikat,10000,8/19/2025
Sepinggan,Sayuran Kangkung,ikat,10000,8/20/2025
Sepinggan,Sayuran Kangkung,ikat,10000,8/21/2025
Sepinggan,Sayuran Kangkung,ikat,10000,8/22/2025
Sepinggan,Sayuran Kangkung,ikat,10000,8/25/2025
Sepinggan,Sayuran Kangkung,ikat,10000,8/26/2025
Sepinggan,Sayuran Kangkung,ikat,10000,8/27/2025
Sepinggan,Sayuran Kangkung,ikat,10000,8/28/2025
Sepinggan,Sayuran Kangkung,ikat,10000,8/29/2025
Sepinggan,Sayuran Kangkung,ikat,10000,9/3/2025
Sepinggan,Sayuran Kangkung,ikat,10000,9/4/2025
Sepinggan,Sayuran Kangkung,ikat,10000,9/8/2025
Sepinggan,Sayuran Kangkung,ikat,10000,9/9/2025
Sepinggan,Sayuran Kangkung,ikat,10000,9/10/2025
Sepinggan,Sayuran Kangkung,ikat,10000,9/11/2025
Sepinggan,Sayuran Kangkung,ikat,10000,9/12/2025
Sepinggan,Sayuran Kangkung,ikat,10000,9/15/2025
Sepinggan,Sayuran Kangkung,ikat,10000,9/16/2025
Sepinggan,Sayuran Kangkung,ikat,10000,9/17/2025
Sepinggan,Sayuran Kangkung,ikat,10000,9/18/2025
Sepinggan,Sayuran Kangkung,ikat,10000,9/19/2025
Sepinggan,Sayuran Kangkung,ikat,10000,9/22/2025
Sepinggan,Sayuran Kangkung,ikat,10000,9/23/2025
Sepinggan,Sayuran Kangkung,ikat,10000,9/24/2025
Sepinggan,Sayuran Kangkung,ikat,10000,9/25/2025
Sepinggan,Sayuran Kangkung,ikat,10000,9/26/2025
Sepinggan,Sayuran Kangkung,ikat,10000,9/29/2025
Sepinggan,Sayuran Kangkung,ikat,10000,9/30/2025
Sepinggan,Sayuran Kangkung,ikat,10000,10/1/2025
Sepinggan,Sayuran Kangkung,ikat,10000,10/2/2025
Sepinggan,Sayuran Kangkung,ikat,10000,10/3/2025
Sepinggan,Sayuran Kangkung,ikat,10000,10/3/2025
Sepinggan,Sayuran Kangkung,ikat,10000,10/4/2025
Sepinggan,Sayuran Kangkung,ikat,10000,10/6/2025
Sepinggan,Sayuran Kangkung,ikat,10000,10/7/2025
Sepinggan,Sayuran Kangkung,ikat,10000,10/8/2025
Sepinggan,Sayuran Kangkung,ikat,10000,10/9/2025
Sepinggan,Sayuran Kangkung,ikat,10000,10/10/2025
Sepinggan,Sayuran Kangkung,ikat,10000,10/13/2025
Sepinggan,Sayuran Kangkung,ikat,10000,10/14/2025
Sepinggan,Sayuran Kangkung,ikat,10000,10/15/2025
Sepinggan,Sayuran Kangkung,ikat,10000,10/16/2025
Sepinggan,Sayuran Kangkung,ikat,10000,10/17/2025
Sepinggan,Sayuran Kangkung,ikat,10000,10/20/2025
Sepinggan,Sayuran Kangkung,ikat,10000,10/22/2025
Sepinggan,Sayuran Kangkung,ikat,10000,10/23/2025
Sepinggan,Sayuran Kangkung,ikat,10000,10/24/2025
Sepinggan,Sayuran Kangkung,ikat,10000,10/27/2025
Sepinggan,Sayuran Kangkung,ikat,10000,10/28/2025
Sepinggan,Sayuran Kangkung,ikat,10000,10/29/2025
Sepinggan,Sayuran Kangkung,ikat,10000,10/30/2025
Sepinggan,Sayuran Kangkung,ikat,10000,10/31/2025
Sepinggan,Sayuran Kangkung,ikat,10000,11/1/2025
Sepinggan,Sayuran Kangkung,ikat,7000,11/2/2025
Sepinggan,Sayuran Kangkung,ikat,10000,11/5/2025
Sepinggan,Sayuran Kangkung,ikat,10000,11/6/2025
Sepinggan,Sayuran Kangkung,ikat,10000,11/7/2025
Sepinggan,Sayuran Kangkung,ikat,10000,11/10/2025
Sepinggan,Sayuran Kangkung,ikat,10000,11/11/2025
Sepinggan,Sayuran Kangkung,ikat,10000,11/12/2025
Sepinggan,Sayuran Kangkung,ikat,10000,11/13/2025
Sepinggan,Sayuran Kangkung,ikat,10000,11/14/2025
Sepinggan,Sayuran Kangkung,ikat,10000,11/17/2025
Sepinggan,Sayuran Kangkung,ikat,10000,11/18/2025
Sepinggan,Sayuran Kangkung,ikat,10000,11/19/2025
Sepinggan,Sayuran Kangkung,ikat,10000,11/20/2025
Sepinggan,Sayuran Kangkung,ikat,10000,11/21/2025
Sepinggan,Sayuran Kangkung,ikat,10000,11/24/2025
Sepinggan,Sayuran Kangkung,ikat,10000,11/25/2025
Sepinggan,Sayuran Kangkung,ikat,10000,11/26/2025
Sepinggan,Sayuran Kangkung,ikat,10000,11/27/2025
Sepinggan,Sayuran Kangkung,ikat,10000,11/28/2025
Sepinggan,Sayuran Kangkung,ikat,7000,12/3/2025
Sepinggan,Sayuran Kangkung,ikat,7000,12/4/2025
Sepinggan,Sayuran Kangkung,ikat,7000,12/5/2025
Sepinggan,Sayuran Kangkung,ikat,7000,12/8/2025
Sepinggan,Sayuran Kangkung,ikat,7000,12/9/2025
Sepinggan,Sayuran Kangkung,ikat,7000,12/10/2025
Sepinggan,Sayuran Kangkung,ikat,7000,12/11/2025
Sepinggan,Sayuran Kangkung,ikat,7000,12/12/2025
Sepinggan,Sayuran Kangkung,ikat,7000,12/15/2025
Sepinggan,Sayuran Kangkung,ikat,7000,12/16/2025
Sepinggan,Sayuran Kangkung,ikat,7000,12/17/2025
Sepinggan,Sayuran Kangkung,ikat,7000,12/18/2025
Sepinggan,Sayuran Kangkung,ikat,7000,12/19/2025
Sepinggan,Sayuran Kangkung,ikat,7000,12/22/2025
Sepinggan,Sayuran Kangkung,ikat,7000,12/23/2025
Sepinggan,Sayuran Kangkung,ikat,9000,12/24/2025
Sepinggan,Sayuran Kangkung,ikat,9000,12/29/2025
Sepinggan,Sayuran Kangkung,ikat,9000,12/30/2025
Sepinggan,Sayuran Kangkung,ikat,9000,12/31/2025
Sepinggan,Sayuran Kangkung,ikat,9000,1/2/2026
Sepinggan,Sayuran Kangkung,ikat,9000,1/2/2026
Sepinggan,Sayuran Kangkung,ikat,9000,1/3/2026
Sepinggan,Sayuran Kangkung,ikat,9000,1/4/2026
Sepinggan,Sayuran Kangkung,ikat,9000,1/5/2026
Sepinggan,Sayuran Kangkung,ikat,9000,1/6/2026
Sepinggan,Sayuran Kangkung,ikat,9000,1/7/2026
Sepinggan,Sayuran Kangkung,ikat,9000,1/8/2026
Sepinggan,Sayuran Kangkung,ikat,9000,1/9/2026
Sepinggan,Sayuran Kangkung,ikat,9000,1/12/2026
Sepinggan,Sayuran Kangkung,ikat,9000,1/13/2026
Sepinggan,Sayuran Kangkung,ikat,9000,1/14/2026
Sepinggan,Sayuran Kangkung,ikat,9000,1/15/2026
Sepinggan,Sayuran Kangkung,ikat,9000,1/19/2026
Sepinggan,Sayuran Kangkung,ikat,9000,1/20/2026
Sepinggan,Sayuran Kangkung,ikat,9000,1/21/2026
Sepinggan,Sayuran Kangkung,ikat,9000,1/22/2026
Sepinggan,Sayuran Kangkung,ikat,9000,1/23/2026
Sepinggan,Sayuran Kangkung,ikat,9000,1/26/2026
Sepinggan,Sayuran Kangkung,ikat,9000,1/27/2026
Sepinggan,Sayuran Kangkung,ikat,9000,1/28/2026
Sepinggan,Sayuran Kangkung,ikat,9000,1/29/2026
Sepinggan,Sayuran Kangkung,ikat,9000,1/30/2026
Sepinggan,Sayuran Kangkung,ikat,9000,2/2/2026
Sepinggan,Sayuran Kangkung,ikat,9000,2/3/2026
Sepinggan,Sayuran Kangkung,ikat,9000,2/4/2026
Sepinggan,Sayuran Kangkung,ikat,9000,2/5/2026
Sepinggan,Sayuran Kangkung,ikat,9000,2/6/2026
Sepinggan,Sayuran Kangkung,ikat,9000,2/9/2026
Sepinggan,Sayuran Kangkung,ikat,9000,2/10/2026
Sepinggan,Sayuran Kangkung,ikat,9000,2/11/2026
Sepinggan,Sayuran Kangkung,ikat,9000,2/12/2026
Sepinggan,Sayuran Kangkung,ikat,9000,2/13/2026
Sepinggan,Sayuran Kangkung,ikat,9000,2/18/2026
Sepinggan,Sayuran Kangkung,ikat,9000,2/19/2026
Sepinggan,Sayuran Kangkung,ikat,9000,2/20/2026
Sepinggan,Sayuran Kangkung,ikat,9000,2/23/2026
Sepinggan,Sayuran Kangkung,ikat,9000,2/24/2026
Sepinggan,Sayuran Kangkung,ikat,9000,2/25/2026
Sepinggan,Sayuran Kangkung,ikat,9000,2/26/2026
Sepinggan,Sayuran Kangkung,ikat,9000,2/27/2026
Sepinggan,Sayuran Kangkung,ikat,9000,3/1/2026
Sepinggan,Sayuran Kangkung,ikat,9000,3/5/2026
Sepinggan,Sayuran Kangkung,ikat,9000,3/6/2026
Sepinggan,Sayuran Kangkung,ikat,9000,3/9/2026
Sepinggan,Sayuran Kangkung,ikat,9000,3/10/2026
Sepinggan,Sayuran Kangkung,ikat,9000,3/11/2026
Sepinggan,Sayuran Kangkung,ikat,9000,3/12/2026
Sepinggan,Sayuran Kangkung,ikat,9000,3/13/2026
Sepinggan,Sayuran Kangkung,ikat,9000,3/17/2026
Sepinggan,Sayuran Kangkung,ikat,9000,3/25/2026
Sepinggan,Sayuran Kangkung,ikat,9000,3/26/2026
Sepinggan,Sayuran Kangkung,ikat,9000,3/27/2026
Sepinggan,Sayuran Kangkung,ikat,9000,3/30/2026
Sepinggan,Sayuran Kangkung,ikat,9000,3/31/2026
Sepinggan,Sayuran Kangkung,ikat,9000,4/2/2026
Sepinggan,Sayuran Kangkung,ikat,9000,4/4/2026
Sepinggan,Sayuran Kangkung,ikat,9000,4/5/2026
Sepinggan,Sayuran Kangkung,ikat,9000,4/6/2026
Sepinggan,Sayuran Kangkung,ikat,9000,4/6/2026
Sepinggan,Sayuran Kangkung,ikat,9000,4/7/2026
Sepinggan,Sayuran Kangkung,ikat,9000,4/8/2026
Sepinggan,Sayuran Kangkung,ikat,9000,4/9/2026
Sepinggan,Sayuran Kangkung,ikat,9000,4/10/2026
Sepinggan,Sayuran Kangkung,ikat,9000,4/13/2026
Sepinggan,Sayuran Kangkung,ikat,9000,4/14/2026
Sepinggan,Sayuran Kangkung,ikat,9000,4/15/2026
Sepinggan,Sayuran Kangkung,ikat,9000,4/16/2026
Sepinggan,Sayuran Kangkung,ikat,9000,4/17/2026
Sepinggan,Sayuran Kangkung,ikat,9000,4/20/2026
Sepinggan,Sayuran Kangkung,ikat,9000,4/21/2026
Sepinggan,Sayuran Kangkung,ikat,9000,4/22/2026
Sepinggan,Sayuran Kangkung,ikat,9000,4/23/2026
Sepinggan,Sayuran Kangkung,ikat,9000,4/24/2026
Sepinggan,Sayuran Kangkung,ikat,9000,4/27/2026
Sepinggan,Sayuran Kangkung,ikat,9000,4/28/2026
Sepinggan,Sayuran Kangkung,ikat,9000,4/29/2026
Sepinggan,Sayuran Kangkung,ikat,9000,4/30/2026
Sepinggan,Sayuran Kangkung,ikat,9000,5/7/2026
Sepinggan,Sayuran Kangkung,ikat,9000,5/8/2026
Sepinggan,Sayuran Kangkung,ikat,9000,5/11/2026
Sepinggan,Sayuran Kangkung,ikat,9000,5/12/2026
Sepinggan,Sayuran Kangkung,ikat,9000,5/13/2026
Sepinggan,Sayuran Kangkung,ikat,9000,5/18/2026
Sepinggan,Sayuran Kangkung,ikat,9000,5/19/2026
Sepinggan,Sayuran Kangkung,ikat,9000,5/20/2026
Sepinggan,Sayuran Kangkung,ikat,9000,5/21/2026
Sepinggan,Sayuran Kangkung,ikat,9000,5/22/2026
Sepinggan,Sayuran Sawi,ikat,12000,1/1/2024
Sepinggan,Sayuran Sawi,ikat,10000,1/2/2024
Sepinggan,Sayuran Sawi,ikat,7000,1/3/2024
Sepinggan,Sayuran Sawi,ikat,8000,1/4/2024
Sepinggan,Sayuran Sawi,ikat,8000,1/5/2024
Sepinggan,Sayuran Sawi,ikat,10000,1/8/2024
Sepinggan,Sayuran Sawi,ikat,15000,1/9/2024
Sepinggan,Sayuran Sawi,ikat,8000,1/10/2024
Sepinggan,Sayuran Sawi,ikat,10000,1/11/2024
Sepinggan,Sayuran Sawi,ikat,15000,1/12/2024
Sepinggan,Sayuran Sawi,ikat,13000,1/15/2024
Sepinggan,Sayuran Sawi,ikat,12000,1/16/2024
Sepinggan,Sayuran Sawi,ikat,12000,1/17/2024
Sepinggan,Sayuran Sawi,ikat,15000,1/18/2024
Sepinggan,Sayuran Sawi,ikat,15000,1/19/2024
Sepinggan,Sayuran Sawi,ikat,15000,1/22/2024
Sepinggan,Sayuran Sawi,ikat,16000,1/23/2024
Sepinggan,Sayuran Sawi,ikat,15000,1/24/2024
Sepinggan,Sayuran Sawi,ikat,10000,1/25/2024
Sepinggan,Sayuran Sawi,ikat,10000,1/26/2024
Sepinggan,Sayuran Sawi,ikat,15000,1/29/2024
Sepinggan,Sayuran Sawi,ikat,12000,1/30/2024
Sepinggan,Sayuran Sawi,ikat,12000,1/31/2024
Sepinggan,Sayuran Sawi,ikat,7000,2/1/2024
Sepinggan,Sayuran Sawi,ikat,10000,2/5/2024
Sepinggan,Sayuran Sawi,ikat,12000,2/6/2024
Sepinggan,Sayuran Sawi,ikat,12000,2/7/2024
Sepinggan,Sayuran Sawi,ikat,12000,2/12/2024
Sepinggan,Sayuran Sawi,ikat,12000,2/13/2024
Sepinggan,Sayuran Sawi,ikat,12000,2/15/2024
Sepinggan,Sayuran Sawi,ikat,20000,2/16/2024
Sepinggan,Sayuran Sawi,ikat,10000,2/19/2024
Sepinggan,Sayuran Sawi,ikat,10000,2/20/2024
Sepinggan,Sayuran Sawi,ikat,11000,2/21/2024
Sepinggan,Sayuran Sawi,ikat,11000,2/22/2024
Sepinggan,Sayuran Sawi,ikat,11000,2/23/2024
Sepinggan,Sayuran Sawi,ikat,12000,2/26/2024
Sepinggan,Sayuran Sawi,ikat,8000,2/27/2024
Sepinggan,Sayuran Sawi,ikat,7000,2/28/2024
Sepinggan,Sayuran Sawi,ikat,7000,2/29/2024
Sepinggan,Sayuran Sawi,ikat,8000,3/4/2024
Sepinggan,Sayuran Sawi,ikat,8000,3/5/2024
Sepinggan,Sayuran Sawi,ikat,6000,3/6/2024
Sepinggan,Sayuran Sawi,ikat,6000,3/7/2024
Sepinggan,Sayuran Sawi,ikat,6000,3/8/2024
Sepinggan,Sayuran Sawi,ikat,8000,3/13/2024
Sepinggan,Sayuran Sawi,ikat,8000,3/14/2024
Sepinggan,Sayuran Sawi,ikat,10000,3/15/2024
Sepinggan,Sayuran Sawi,ikat,6000,3/18/2024
Sepinggan,Sayuran Sawi,ikat,6000,3/19/2024
Sepinggan,Sayuran Sawi,ikat,8000,3/20/2024
Sepinggan,Sayuran Sawi,ikat,8000,3/21/2024
Sepinggan,Sayuran Sawi,ikat,7000,3/22/2024
Sepinggan,Sayuran Sawi,ikat,7000,3/25/2024
Sepinggan,Sayuran Sawi,ikat,5000,3/26/2024
Sepinggan,Sayuran Sawi,ikat,6000,3/27/2024
Sepinggan,Sayuran Sawi,ikat,6000,3/28/2024
Sepinggan,Sayuran Sawi,ikat,8000,4/1/2024
Sepinggan,Sayuran Sawi,ikat,5000,4/2/2024
Sepinggan,Sayuran Sawi,ikat,17000,4/2/2024
Sepinggan,Sayuran Sawi,ikat,5000,4/3/2024
Sepinggan,Sayuran Sawi,ikat,17000,4/3/2024
Sepinggan,Sayuran Sawi,ikat,5000,4/4/2024
Sepinggan,Sayuran Sawi,ikat,5000,4/5/2024
Sepinggan,Sayuran Sawi,ikat,10000,4/16/2024
Sepinggan,Sayuran Sawi,ikat,10000,4/17/2024
Sepinggan,Sayuran Sawi,ikat,9000,4/18/2024
Sepinggan,Sayuran Sawi,ikat,9000,4/19/2024
Sepinggan,Sayuran Sawi,ikat,10000,4/22/2024
Sepinggan,Sayuran Sawi,ikat,10000,4/23/2024
Sepinggan,Sayuran Sawi,ikat,10000,4/24/2024
Sepinggan,Sayuran Sawi,ikat,10000,4/25/2024
Sepinggan,Sayuran Sawi,ikat,10000,4/26/2024
Sepinggan,Sayuran Sawi,ikat,15000,4/29/2024
Sepinggan,Sayuran Sawi,ikat,15000,4/30/2024
Sepinggan,Sayuran Sawi,ikat,25000,5/6/2024
Sepinggan,Sayuran Sawi,ikat,25000,5/7/2024
Sepinggan,Sayuran Sawi,ikat,26000,5/8/2024
Sepinggan,Sayuran Sawi,ikat,26000,5/13/2024
Sepinggan,Sayuran Sawi,ikat,20000,5/14/2024
Sepinggan,Sayuran Sawi,ikat,13000,5/15/2024
Sepinggan,Sayuran Sawi,ikat,13000,5/16/2024
Sepinggan,Sayuran Sawi,ikat,20000,5/17/2024
Sepinggan,Sayuran Sawi,ikat,11000,5/20/2024
Sepinggan,Sayuran Sawi,ikat,11000,5/21/2024
Sepinggan,Sayuran Sawi,ikat,22000,5/22/2024
Sepinggan,Sayuran Sawi,ikat,22000,5/27/2024
Sepinggan,Sayuran Sawi,ikat,25000,5/28/2024
Sepinggan,Sayuran Sawi,ikat,25000,5/30/2024
Sepinggan,Sayuran Sawi,ikat,25000,5/31/2024
Sepinggan,Sayuran Sawi,ikat,17000,6/3/2024
Sepinggan,Sayuran Sawi,ikat,21500,6/4/2024
Sepinggan,Sayuran Sawi,ikat,26000,6/5/2024
Sepinggan,Sayuran Sawi,ikat,26000,6/6/2024
Sepinggan,Sayuran Sawi,ikat,26000,6/7/2024
Sepinggan,Sayuran Sawi,ikat,26000,6/10/2024
Sepinggan,Sayuran Sawi,ikat,20000,6/11/2024
Sepinggan,Sayuran Sawi,ikat,20000,6/12/2024
Sepinggan,Sayuran Sawi,ikat,20000,6/13/2024
Sepinggan,Sayuran Sawi,ikat,20000,6/14/2024
Sepinggan,Sayuran Sawi,ikat,15000,6/19/2024
Sepinggan,Sayuran Sawi,ikat,15000,6/20/2024
Sepinggan,Sayuran Sawi,ikat,15000,6/21/2024
Sepinggan,Sayuran Sawi,ikat,15000,6/24/2024
Sepinggan,Sayuran Sawi,ikat,15000,6/25/2024
Sepinggan,Sayuran Sawi,ikat,10000,6/26/2024
Sepinggan,Sayuran Sawi,ikat,10000,6/27/2024
Sepinggan,Sayuran Sawi,ikat,10000,6/28/2024
Sepinggan,Sayuran Sawi,ikat,12000,7/1/2024
Sepinggan,Sayuran Sawi,ikat,9000,7/1/2024
Sepinggan,Sayuran Sawi,ikat,10000,7/2/2024
Sepinggan,Sayuran Sawi,ikat,9000,7/2/2024
Sepinggan,Sayuran Sawi,ikat,10000,7/3/2024
Sepinggan,Sayuran Sawi,ikat,10000,7/4/2024
Sepinggan,Sayuran Sawi,ikat,10000,7/5/2024
Sepinggan,Sayuran Sawi,ikat,12000,7/8/2024
Sepinggan,Sayuran Sawi,ikat,10000,7/9/2024
Sepinggan,Sayuran Sawi,ikat,15000,7/10/2024
Sepinggan,Sayuran Sawi,ikat,15000,7/11/2024
Sepinggan,Sayuran Sawi,ikat,15000,7/12/2024
Sepinggan,Sayuran Sawi,ikat,17500,7/15/2024
Sepinggan,Sayuran Sawi,ikat,17500,7/16/2024
Sepinggan,Sayuran Sawi,ikat,17500,7/17/2024
Sepinggan,Sayuran Sawi,ikat,15000,7/18/2024
Sepinggan,Sayuran Sawi,ikat,15000,7/19/2024
Sepinggan,Sayuran Sawi,ikat,15000,7/22/2024
Sepinggan,Sayuran Sawi,ikat,15000,7/23/2024
Sepinggan,Sayuran Sawi,ikat,15000,7/24/2024
Sepinggan,Sayuran Sawi,ikat,15000,7/25/2024
Sepinggan,Sayuran Sawi,ikat,15000,7/26/2024
Sepinggan,Sayuran Sawi,ikat,10000,7/29/2024
Sepinggan,Sayuran Sawi,ikat,12000,7/30/2024
Sepinggan,Sayuran Sawi,ikat,9000,7/31/2024
Sepinggan,Sayuran Sawi,ikat,9000,8/5/2024
Sepinggan,Sayuran Sawi,ikat,9000,8/6/2024
Sepinggan,Sayuran Sawi,ikat,9000,8/7/2024
Sepinggan,Sayuran Sawi,ikat,9000,8/8/2024
Sepinggan,Sayuran Sawi,ikat,9000,8/9/2024
Sepinggan,Sayuran Sawi,ikat,12000,8/12/2024
Sepinggan,Sayuran Sawi,ikat,12000,8/13/2024
Sepinggan,Sayuran Sawi,ikat,20000,8/14/2024
Sepinggan,Sayuran Sawi,ikat,20000,8/15/2024
Sepinggan,Sayuran Sawi,ikat,20000,8/16/2024
Sepinggan,Sayuran Sawi,ikat,20000,8/19/2024
Sepinggan,Sayuran Sawi,ikat,20000,8/20/2024
Sepinggan,Sayuran Sawi,ikat,20000,8/21/2024
Sepinggan,Sayuran Sawi,ikat,10000,8/22/2024
Sepinggan,Sayuran Sawi,ikat,10000,8/23/2024
Sepinggan,Sayuran Sawi,ikat,14000,8/26/2024
Sepinggan,Sayuran Sawi,ikat,14000,8/27/2024
Sepinggan,Sayuran Sawi,ikat,12000,8/28/2024
Sepinggan,Sayuran Sawi,ikat,12000,8/29/2024
Sepinggan,Sayuran Sawi,ikat,15000,8/30/2024
Sepinggan,Sayuran Sawi,ikat,12000,9/1/2024
Sepinggan,Sayuran Sawi,ikat,25000,9/2/2024
Sepinggan,Sayuran Sawi,ikat,7000,9/2/2024
Sepinggan,Sayuran Sawi,ikat,25000,9/3/2024
Sepinggan,Sayuran Sawi,ikat,7000,9/3/2024
Sepinggan,Sayuran Sawi,ikat,15000,9/4/2024
Sepinggan,Sayuran Sawi,ikat,7500,9/4/2024
Sepinggan,Sayuran Sawi,ikat,19000,9/5/2024
Sepinggan,Sayuran Sawi,ikat,10000,9/6/2024
Sepinggan,Sayuran Sawi,ikat,12000,9/9/2024
Sepinggan,Sayuran Sawi,ikat,12000,9/10/2024
Sepinggan,Sayuran Sawi,ikat,10000,9/11/2024
Sepinggan,Sayuran Sawi,ikat,11000,9/12/2024
Sepinggan,Sayuran Sawi,ikat,11000,9/13/2024
Sepinggan,Sayuran Sawi,ikat,15000,9/17/2024
Sepinggan,Sayuran Sawi,ikat,15000,9/18/2024
Sepinggan,Sayuran Sawi,ikat,15000,9/19/2024
Sepinggan,Sayuran Sawi,ikat,15000,9/20/2024
Sepinggan,Sayuran Sawi,ikat,10000,9/23/2024
Sepinggan,Sayuran Sawi,ikat,10000,9/24/2024
Sepinggan,Sayuran Sawi,ikat,7000,9/25/2024
Sepinggan,Sayuran Sawi,ikat,7000,9/26/2024
Sepinggan,Sayuran Sawi,ikat,7000,9/27/2024
Sepinggan,Sayuran Sawi,ikat,8000,9/30/2024
Sepinggan,Sayuran Sawi,ikat,10000,10/1/2024
Sepinggan,Sayuran Sawi,ikat,10000,10/7/2024
Sepinggan,Sayuran Sawi,ikat,10000,10/8/2024
Sepinggan,Sayuran Sawi,ikat,5000,10/9/2024
Sepinggan,Sayuran Sawi,ikat,5000,10/10/2024
Sepinggan,Sayuran Sawi,ikat,10000,10/11/2024
Sepinggan,Sayuran Sawi,ikat,10000,10/14/2024
Sepinggan,Sayuran Sawi,ikat,10000,10/15/2024
Sepinggan,Sayuran Sawi,ikat,8000,10/16/2024
Sepinggan,Sayuran Sawi,ikat,8000,10/17/2024
Sepinggan,Sayuran Sawi,ikat,8000,10/18/2024
Sepinggan,Sayuran Sawi,ikat,10000,10/21/2024
Sepinggan,Sayuran Sawi,ikat,10000,10/22/2024
Sepinggan,Sayuran Sawi,ikat,10000,10/23/2024
Sepinggan,Sayuran Sawi,ikat,10000,10/24/2024
Sepinggan,Sayuran Sawi,ikat,10000,10/25/2024
Sepinggan,Sayuran Sawi,ikat,11000,10/28/2024
Sepinggan,Sayuran Sawi,ikat,11000,10/29/2024
Sepinggan,Sayuran Sawi,ikat,11000,10/30/2024
Sepinggan,Sayuran Sawi,ikat,11000,10/31/2024
Sepinggan,Sayuran Sawi,ikat,8000,11/4/2024
Sepinggan,Sayuran Sawi,ikat,8000,11/5/2024
Sepinggan,Sayuran Sawi,ikat,10000,11/6/2024
Sepinggan,Sayuran Sawi,ikat,10000,11/7/2024
Sepinggan,Sayuran Sawi,ikat,10000,11/8/2024
Sepinggan,Sayuran Sawi,ikat,10000,11/11/2024
Sepinggan,Sayuran Sawi,ikat,10000,11/12/2024
Sepinggan,Sayuran Sawi,ikat,10000,11/13/2024
Sepinggan,Sayuran Sawi,ikat,9000,11/14/2024
Sepinggan,Sayuran Sawi,ikat,10000,11/15/2024
Sepinggan,Sayuran Sawi,ikat,10000,11/18/2024
Sepinggan,Sayuran Sawi,ikat,7000,11/19/2024
Sepinggan,Sayuran Sawi,ikat,7000,11/20/2024
Sepinggan,Sayuran Sawi,ikat,7000,11/21/2024
Sepinggan,Sayuran Sawi,ikat,7000,11/22/2024
Sepinggan,Sayuran Sawi,ikat,8000,11/25/2024
Sepinggan,Sayuran Sawi,ikat,8000,11/26/2024
Sepinggan,Sayuran Sawi,ikat,10000,11/28/2024
Sepinggan,Sayuran Sawi,ikat,10000,11/29/2024
Sepinggan,Sayuran Sawi,ikat,10000,12/2/2024
Sepinggan,Sayuran Sawi,ikat,10000,12/3/2024
Sepinggan,Sayuran Sawi,ikat,10000,12/4/2024
Sepinggan,Sayuran Sawi,ikat,15000,12/5/2024
Sepinggan,Sayuran Sawi,ikat,15000,12/6/2024
Sepinggan,Sayuran Sawi,ikat,17000,12/9/2024
Sepinggan,Sayuran Sawi,ikat,17000,12/10/2024
Sepinggan,Sayuran Sawi,ikat,15000,12/11/2024
Sepinggan,Sayuran Sawi,ikat,15000,12/12/2024
Sepinggan,Sayuran Sawi,ikat,15000,12/13/2024
Sepinggan,Sayuran Sawi,ikat,15000,12/16/2024
Sepinggan,Sayuran Sawi,ikat,15000,12/17/2024
Sepinggan,Sayuran Sawi,ikat,15000,12/18/2024
Sepinggan,Sayuran Sawi,ikat,15000,12/19/2024
Sepinggan,Sayuran Sawi,ikat,15000,12/20/2024
Sepinggan,Sayuran Sawi,ikat,15000,12/23/2024
Sepinggan,Sayuran Sawi,ikat,15000,12/24/2024
Sepinggan,Sayuran Sawi,ikat,15000,12/27/2024
Sepinggan,Sayuran Sawi,ikat,15000,12/30/2024
Sepinggan,Sayuran Sawi,ikat,15000,12/31/2024
Sepinggan,Sayuran Sawi,ikat,15000,1/2/2025
Sepinggan,Sayuran Sawi,ikat,15000,1/3/2025
Sepinggan,Sayuran Sawi,ikat,11000,1/3/2025
Sepinggan,Sayuran Sawi,ikat,11000,1/4/2025
Sepinggan,Sayuran Sawi,ikat,15000,1/6/2025
Sepinggan,Sayuran Sawi,ikat,15000,1/7/2025
Sepinggan,Sayuran Sawi,ikat,15000,1/8/2025
Sepinggan,Sayuran Sawi,ikat,15000,1/9/2025
Sepinggan,Sayuran Sawi,ikat,15000,1/10/2025
Sepinggan,Sayuran Sawi,ikat,15000,1/13/2025
Sepinggan,Sayuran Sawi,ikat,15000,1/14/2025
Sepinggan,Sayuran Sawi,ikat,15000,1/15/2025
Sepinggan,Sayuran Sawi,ikat,15000,1/16/2025
Sepinggan,Sayuran Sawi,ikat,15000,1/20/2025
Sepinggan,Sayuran Sawi,ikat,11000,1/21/2025
Sepinggan,Sayuran Sawi,ikat,11000,1/22/2025
Sepinggan,Sayuran Sawi,ikat,11000,1/23/2025
Sepinggan,Sayuran Sawi,ikat,11000,1/24/2025
Sepinggan,Sayuran Sawi,ikat,11000,1/30/2025
Sepinggan,Sayuran Sawi,ikat,11000,1/31/2025
Sepinggan,Sayuran Sawi,ikat,11000,2/3/2025
Sepinggan,Sayuran Sawi,ikat,11000,2/4/2025
Sepinggan,Sayuran Sawi,ikat,11000,2/5/2025
Sepinggan,Sayuran Sawi,ikat,11000,2/6/2025
Sepinggan,Sayuran Sawi,ikat,11000,2/7/2025
Sepinggan,Sayuran Sawi,ikat,11000,2/10/2025
Sepinggan,Sayuran Sawi,ikat,11000,2/11/2025
Sepinggan,Sayuran Sawi,ikat,11000,2/12/2025
Sepinggan,Sayuran Sawi,ikat,11000,2/13/2025
Sepinggan,Sayuran Sawi,ikat,11000,2/14/2025
Sepinggan,Sayuran Sawi,ikat,11000,2/17/2025
Sepinggan,Sayuran Sawi,ikat,11000,2/18/2025
Sepinggan,Sayuran Sawi,ikat,11000,2/19/2025
Sepinggan,Sayuran Sawi,ikat,11000,2/20/2025
Sepinggan,Sayuran Sawi,ikat,11000,2/21/2025
Sepinggan,Sayuran Sawi,ikat,11000,2/24/2025
Sepinggan,Sayuran Sawi,ikat,11000,2/25/2025
Sepinggan,Sayuran Sawi,ikat,11000,2/26/2025
Sepinggan,Sayuran Sawi,ikat,11000,2/27/2025
Sepinggan,Sayuran Sawi,ikat,11000,2/28/2025
Sepinggan,Sayuran Sawi,ikat,11000,3/5/2025
Sepinggan,Sayuran Sawi,ikat,11000,3/6/2025
Sepinggan,Sayuran Sawi,ikat,11000,3/7/2025
Sepinggan,Sayuran Sawi,ikat,11000,3/10/2025
Sepinggan,Sayuran Sawi,ikat,11000,3/11/2025
Sepinggan,Sayuran Sawi,ikat,11000,3/12/2025
Sepinggan,Sayuran Sawi,ikat,11000,3/13/2025
Sepinggan,Sayuran Sawi,ikat,11000,3/14/2025
Sepinggan,Sayuran Sawi,ikat,11000,3/17/2025
Sepinggan,Sayuran Sawi,ikat,11000,3/18/2025
Sepinggan,Sayuran Sawi,ikat,11000,3/19/2025
Sepinggan,Sayuran Sawi,ikat,11000,3/20/2025
Sepinggan,Sayuran Sawi,ikat,11000,3/21/2025
Sepinggan,Sayuran Sawi,ikat,11000,3/24/2025
Sepinggan,Sayuran Sawi,ikat,11000,3/25/2025
Sepinggan,Sayuran Sawi,ikat,11000,3/26/2025
Sepinggan,Sayuran Sawi,ikat,11000,3/27/2025
Sepinggan,Sayuran Sawi,ikat,12000,4/2/2025
Sepinggan,Sayuran Sawi,ikat,12000,4/5/2025
Sepinggan,Sayuran Sawi,ikat,12000,4/6/2025
Sepinggan,Sayuran Sawi,ikat,11000,4/8/2025
Sepinggan,Sayuran Sawi,ikat,11000,4/9/2025
Sepinggan,Sayuran Sawi,ikat,11000,4/10/2025
Sepinggan,Sayuran Sawi,ikat,11000,4/11/2025
Sepinggan,Sayuran Sawi,ikat,11000,4/14/2025
Sepinggan,Sayuran Sawi,ikat,11000,4/15/2025
Sepinggan,Sayuran Sawi,ikat,11000,4/16/2025
Sepinggan,Sayuran Sawi,ikat,11000,4/17/2025
Sepinggan,Sayuran Sawi,ikat,12000,4/21/2025
Sepinggan,Sayuran Sawi,ikat,12000,4/22/2025
Sepinggan,Sayuran Sawi,ikat,12000,4/23/2025
Sepinggan,Sayuran Sawi,ikat,12000,4/24/2025
Sepinggan,Sayuran Sawi,ikat,12000,4/25/2025
Sepinggan,Sayuran Sawi,ikat,12000,4/28/2025
Sepinggan,Sayuran Sawi,ikat,12000,4/29/2025
Sepinggan,Sayuran Sawi,ikat,12000,4/30/2025
Sepinggan,Sayuran Sawi,ikat,20000,5/2/2025
Sepinggan,Sayuran Sawi,ikat,20000,5/3/2025
Sepinggan,Sayuran Sawi,ikat,12000,5/7/2025
Sepinggan,Sayuran Sawi,ikat,12000,5/8/2025
Sepinggan,Sayuran Sawi,ikat,12000,5/9/2025
Sepinggan,Sayuran Sawi,ikat,12000,5/14/2025
Sepinggan,Sayuran Sawi,ikat,12000,5/15/2025
Sepinggan,Sayuran Sawi,ikat,12000,5/16/2025
Sepinggan,Sayuran Sawi,ikat,12000,5/19/2025
Sepinggan,Sayuran Sawi,ikat,12000,5/20/2025
Sepinggan,Sayuran Sawi,ikat,12000,5/21/2025
Sepinggan,Sayuran Sawi,ikat,12000,5/22/2025
Sepinggan,Sayuran Sawi,ikat,12000,5/23/2025
Sepinggan,Sayuran Sawi,ikat,12000,5/26/2025
Sepinggan,Sayuran Sawi,ikat,12000,5/27/2025
Sepinggan,Sayuran Sawi,ikat,20000,5/28/2025
Sepinggan,Sayuran Sawi,ikat,12000,6/1/2025
Sepinggan,Sayuran Sawi,ikat,12000,6/4/2025
Sepinggan,Sayuran Sawi,ikat,12000,6/5/2025
Sepinggan,Sayuran Sawi,ikat,12000,6/10/2025
Sepinggan,Sayuran Sawi,ikat,12000,6/11/2025
Sepinggan,Sayuran Sawi,ikat,12000,6/12/2025
Sepinggan,Sayuran Sawi,ikat,12000,6/13/2025
Sepinggan,Sayuran Sawi,ikat,12000,6/16/2025
Sepinggan,Sayuran Sawi,ikat,12000,6/17/2025
Sepinggan,Sayuran Sawi,ikat,12000,6/18/2025
Sepinggan,Sayuran Sawi,ikat,12000,6/19/2025
Sepinggan,Sayuran Sawi,ikat,12000,6/20/2025
Sepinggan,Sayuran Sawi,ikat,12000,6/23/2025
Sepinggan,Sayuran Sawi,ikat,12000,6/24/2025
Sepinggan,Sayuran Sawi,ikat,12000,6/25/2025
Sepinggan,Sayuran Sawi,ikat,12000,6/26/2025
Sepinggan,Sayuran Sawi,ikat,12000,6/30/2025
Sepinggan,Sayuran Sawi,ikat,10000,7/1/2025
Sepinggan,Sayuran Sawi,ikat,12000,7/2/2025
Sepinggan,Sayuran Sawi,ikat,12000,7/3/2025
Sepinggan,Sayuran Sawi,ikat,12000,7/4/2025
Sepinggan,Sayuran Sawi,ikat,10000,7/4/2025
Sepinggan,Sayuran Sawi,ikat,10000,7/5/2025
Sepinggan,Sayuran Sawi,ikat,12000,7/7/2025
Sepinggan,Sayuran Sawi,ikat,12000,7/8/2025
Sepinggan,Sayuran Sawi,ikat,12000,7/9/2025
Sepinggan,Sayuran Sawi,ikat,12000,7/10/2025
Sepinggan,Sayuran Sawi,ikat,12000,7/11/2025
Sepinggan,Sayuran Sawi,ikat,12000,7/14/2025
Sepinggan,Sayuran Sawi,ikat,12000,7/15/2025
Sepinggan,Sayuran Sawi,ikat,12000,7/16/2025
Sepinggan,Sayuran Sawi,ikat,12000,7/17/2025
Sepinggan,Sayuran Sawi,ikat,12000,7/18/2025
Sepinggan,Sayuran Sawi,ikat,8000,7/21/2025
Sepinggan,Sayuran Sawi,ikat,8000,7/22/2025
Sepinggan,Sayuran Sawi,ikat,8000,7/23/2025
Sepinggan,Sayuran Sawi,ikat,8000,7/24/2025
Sepinggan,Sayuran Sawi,ikat,8000,7/25/2025
Sepinggan,Sayuran Sawi,ikat,8000,7/28/2025
Sepinggan,Sayuran Sawi,ikat,8000,7/29/2025
Sepinggan,Sayuran Sawi,ikat,10000,7/30/2025
Sepinggan,Sayuran Sawi,ikat,10000,7/31/2025
Sepinggan,Sayuran Sawi,ikat,10000,8/1/2025
Sepinggan,Sayuran Sawi,ikat,10000,8/2/2025
Sepinggan,Sayuran Sawi,ikat,12000,8/6/2025
Sepinggan,Sayuran Sawi,ikat,12000,8/7/2025
Sepinggan,Sayuran Sawi,ikat,12000,8/8/2025
Sepinggan,Sayuran Sawi,ikat,12000,8/11/2025
Sepinggan,Sayuran Sawi,ikat,12000,8/12/2025
Sepinggan,Sayuran Sawi,ikat,10000,8/13/2025
Sepinggan,Sayuran Sawi,ikat,10000,8/14/2025
Sepinggan,Sayuran Sawi,ikat,10000,8/15/2025
Sepinggan,Sayuran Sawi,ikat,10000,8/19/2025
Sepinggan,Sayuran Sawi,ikat,10000,8/20/2025
Sepinggan,Sayuran Sawi,ikat,10000,8/21/2025
Sepinggan,Sayuran Sawi,ikat,10000,8/22/2025
Sepinggan,Sayuran Sawi,ikat,10000,8/25/2025
Sepinggan,Sayuran Sawi,ikat,10000,8/26/2025
Sepinggan,Sayuran Sawi,ikat,10000,8/27/2025
Sepinggan,Sayuran Sawi,ikat,10000,8/28/2025
Sepinggan,Sayuran Sawi,ikat,10000,8/29/2025
Sepinggan,Sayuran Sawi,ikat,10000,9/3/2025
Sepinggan,Sayuran Sawi,ikat,12000,9/4/2025
Sepinggan,Sayuran Sawi,ikat,12000,9/8/2025
Sepinggan,Sayuran Sawi,ikat,12000,9/9/2025
Sepinggan,Sayuran Sawi,ikat,13000,9/10/2025
Sepinggan,Sayuran Sawi,ikat,13000,9/11/2025
Sepinggan,Sayuran Sawi,ikat,13000,9/12/2025
Sepinggan,Sayuran Sawi,ikat,13000,9/15/2025
Sepinggan,Sayuran Sawi,ikat,13000,9/16/2025
Sepinggan,Sayuran Sawi,ikat,13000,9/17/2025
Sepinggan,Sayuran Sawi,ikat,13000,9/18/2025
Sepinggan,Sayuran Sawi,ikat,13000,9/19/2025
Sepinggan,Sayuran Sawi,ikat,13000,9/22/2025
Sepinggan,Sayuran Sawi,ikat,13000,9/23/2025
Sepinggan,Sayuran Sawi,ikat,13000,9/24/2025
Sepinggan,Sayuran Sawi,ikat,13000,9/25/2025
Sepinggan,Sayuran Sawi,ikat,13000,9/26/2025
Sepinggan,Sayuran Sawi,ikat,13000,9/29/2025
Sepinggan,Sayuran Sawi,ikat,13000,9/30/2025
Sepinggan,Sayuran Sawi,ikat,10000,10/1/2025
Sepinggan,Sayuran Sawi,ikat,10000,10/2/2025
Sepinggan,Sayuran Sawi,ikat,10000,10/3/2025
Sepinggan,Sayuran Sawi,ikat,10000,10/3/2025
Sepinggan,Sayuran Sawi,ikat,10000,10/4/2025
Sepinggan,Sayuran Sawi,ikat,10000,10/6/2025
Sepinggan,Sayuran Sawi,ikat,10000,10/7/2025
Sepinggan,Sayuran Sawi,ikat,10000,10/8/2025
Sepinggan,Sayuran Sawi,ikat,10000,10/9/2025
Sepinggan,Sayuran Sawi,ikat,10000,10/10/2025
Sepinggan,Sayuran Sawi,ikat,10000,10/13/2025
Sepinggan,Sayuran Sawi,ikat,10000,10/14/2025
Sepinggan,Sayuran Sawi,ikat,10000,10/15/2025
Sepinggan,Sayuran Sawi,ikat,10000,10/16/2025
Sepinggan,Sayuran Sawi,ikat,10000,10/17/2025
Sepinggan,Sayuran Sawi,ikat,10000,10/20/2025
Sepinggan,Sayuran Sawi,ikat,10000,10/22/2025
Sepinggan,Sayuran Sawi,ikat,10000,10/23/2025
Sepinggan,Sayuran Sawi,ikat,10000,10/24/2025
Sepinggan,Sayuran Sawi,ikat,10000,10/27/2025
Sepinggan,Sayuran Sawi,ikat,10000,10/28/2025
Sepinggan,Sayuran Sawi,ikat,10000,10/29/2025
Sepinggan,Sayuran Sawi,ikat,10000,10/30/2025
Sepinggan,Sayuran Sawi,ikat,10000,10/31/2025
Sepinggan,Sayuran Sawi,ikat,10000,11/1/2025
Sepinggan,Sayuran Sawi,ikat,10000,11/2/2025
Sepinggan,Sayuran Sawi,ikat,10000,11/5/2025
Sepinggan,Sayuran Sawi,ikat,10000,11/6/2025
Sepinggan,Sayuran Sawi,ikat,10000,11/7/2025
Sepinggan,Sayuran Sawi,ikat,10000,11/10/2025
Sepinggan,Sayuran Sawi,ikat,10000,11/11/2025
Sepinggan,Sayuran Sawi,ikat,10000,11/12/2025
Sepinggan,Sayuran Sawi,ikat,10000,11/13/2025
Sepinggan,Sayuran Sawi,ikat,10000,11/14/2025
Sepinggan,Sayuran Sawi,ikat,10000,11/17/2025
Sepinggan,Sayuran Sawi,ikat,10000,11/18/2025
Sepinggan,Sayuran Sawi,ikat,10000,11/19/2025
Sepinggan,Sayuran Sawi,ikat,10000,11/20/2025
Sepinggan,Sayuran Sawi,ikat,10000,11/21/2025
Sepinggan,Sayuran Sawi,ikat,10000,11/24/2025
Sepinggan,Sayuran Sawi,ikat,10000,11/25/2025
Sepinggan,Sayuran Sawi,ikat,10000,11/26/2025
Sepinggan,Sayuran Sawi,ikat,10000,11/27/2025
Sepinggan,Sayuran Sawi,ikat,10000,11/28/2025
Sepinggan,Sayuran Sawi,ikat,10000,12/3/2025
Sepinggan,Sayuran Sawi,ikat,10000,12/4/2025
Sepinggan,Sayuran Sawi,ikat,10000,12/5/2025
Sepinggan,Sayuran Sawi,ikat,10000,12/8/2025
Sepinggan,Sayuran Sawi,ikat,10000,12/9/2025
Sepinggan,Sayuran Sawi,ikat,10000,12/10/2025
Sepinggan,Sayuran Sawi,ikat,10000,12/11/2025
Sepinggan,Sayuran Sawi,ikat,10000,12/12/2025
Sepinggan,Sayuran Sawi,ikat,10000,12/15/2025
Sepinggan,Sayuran Sawi,ikat,10000,12/16/2025
Sepinggan,Sayuran Sawi,ikat,10000,12/17/2025
Sepinggan,Sayuran Sawi,ikat,10000,12/18/2025
Sepinggan,Sayuran Sawi,ikat,10000,12/19/2025
Sepinggan,Sayuran Sawi,ikat,10000,12/22/2025
Sepinggan,Sayuran Sawi,ikat,10000,12/23/2025
Sepinggan,Sayuran Sawi,ikat,10000,12/24/2025
Sepinggan,Sayuran Sawi,ikat,10000,12/29/2025
Sepinggan,Sayuran Sawi,ikat,10000,12/30/2025
Sepinggan,Sayuran Sawi,ikat,10000,12/31/2025
Sepinggan,Sayuran Sawi,ikat,10000,1/2/2026
Sepinggan,Sayuran Sawi,ikat,10000,1/2/2026
Sepinggan,Sayuran Sawi,ikat,10000,1/3/2026
Sepinggan,Sayuran Sawi,ikat,10000,1/4/2026
Sepinggan,Sayuran Sawi,ikat,10000,1/5/2026
Sepinggan,Sayuran Sawi,ikat,10000,1/6/2026
Sepinggan,Sayuran Sawi,ikat,10000,1/7/2026
Sepinggan,Sayuran Sawi,ikat,10000,1/8/2026
Sepinggan,Sayuran Sawi,ikat,10000,1/9/2026
Sepinggan,Sayuran Sawi,ikat,10000,1/12/2026
Sepinggan,Sayuran Sawi,ikat,10000,1/13/2026
Sepinggan,Sayuran Sawi,ikat,10000,1/14/2026
Sepinggan,Sayuran Sawi,ikat,10000,1/15/2026
Sepinggan,Sayuran Sawi,ikat,10000,1/19/2026
Sepinggan,Sayuran Sawi,ikat,10000,1/20/2026
Sepinggan,Sayuran Sawi,ikat,10000,1/21/2026
Sepinggan,Sayuran Sawi,ikat,10000,1/22/2026
Sepinggan,Sayuran Sawi,ikat,10000,1/23/2026
Sepinggan,Sayuran Sawi,ikat,10000,1/26/2026
Sepinggan,Sayuran Sawi,ikat,10000,1/27/2026
Sepinggan,Sayuran Sawi,ikat,10000,1/28/2026
Sepinggan,Sayuran Sawi,ikat,10000,1/29/2026
Sepinggan,Sayuran Sawi,ikat,10000,1/30/2026
Sepinggan,Sayuran Sawi,ikat,10000,2/2/2026
Sepinggan,Sayuran Sawi,ikat,10000,2/3/2026
Sepinggan,Sayuran Sawi,ikat,10000,2/4/2026
Sepinggan,Sayuran Sawi,ikat,10000,2/5/2026
Sepinggan,Sayuran Sawi,ikat,10000,2/6/2026
Sepinggan,Sayuran Sawi,ikat,10000,2/9/2026
Sepinggan,Sayuran Sawi,ikat,10000,2/10/2026
Sepinggan,Sayuran Sawi,ikat,10000,2/11/2026
Sepinggan,Sayuran Sawi,ikat,10000,2/12/2026
Sepinggan,Sayuran Sawi,ikat,10000,2/13/2026
Sepinggan,Sayuran Sawi,ikat,10000,2/18/2026
Sepinggan,Sayuran Sawi,ikat,10000,2/19/2026
Sepinggan,Sayuran Sawi,ikat,10000,2/20/2026
Sepinggan,Sayuran Sawi,ikat,10000,2/23/2026
Sepinggan,Sayuran Sawi,ikat,10000,2/24/2026
Sepinggan,Sayuran Sawi,ikat,10000,2/25/2026
Sepinggan,Sayuran Sawi,ikat,10000,2/26/2026
Sepinggan,Sayuran Sawi,ikat,10000,2/27/2026
Sepinggan,Sayuran Sawi,ikat,10000,3/1/2026
Sepinggan,Sayuran Sawi,ikat,10000,3/5/2026
Sepinggan,Sayuran Sawi,ikat,10000,3/6/2026
Sepinggan,Sayuran Sawi,ikat,10000,3/9/2026
Sepinggan,Sayuran Sawi,ikat,10000,3/10/2026
Sepinggan,Sayuran Sawi,ikat,10000,3/11/2026
Sepinggan,Sayuran Sawi,ikat,10000,3/12/2026
Sepinggan,Sayuran Sawi,ikat,10000,3/13/2026
Sepinggan,Sayuran Sawi,ikat,10000,3/17/2026
Sepinggan,Sayuran Sawi,ikat,10000,3/25/2026
Sepinggan,Sayuran Sawi,ikat,10000,3/26/2026
Sepinggan,Sayuran Sawi,ikat,10000,3/27/2026
Sepinggan,Sayuran Sawi,ikat,10000,3/30/2026
Sepinggan,Sayuran Sawi,ikat,10000,3/31/2026
Sepinggan,Sayuran Sawi,ikat,10000,4/2/2026
Sepinggan,Sayuran Sawi,ikat,10000,4/4/2026
Sepinggan,Sayuran Sawi,ikat,10000,4/5/2026
Sepinggan,Sayuran Sawi,ikat,10000,4/6/2026
Sepinggan,Sayuran Sawi,ikat,10000,4/6/2026
Sepinggan,Sayuran Sawi,ikat,10000,4/7/2026
Sepinggan,Sayuran Sawi,ikat,10000,4/8/2026
Sepinggan,Sayuran Sawi,ikat,10000,4/9/2026
Sepinggan,Sayuran Sawi,ikat,10000,4/10/2026
Sepinggan,Sayuran Sawi,ikat,10000,4/13/2026
Sepinggan,Sayuran Sawi,ikat,10000,4/14/2026
Sepinggan,Sayuran Sawi,ikat,10000,4/15/2026
Sepinggan,Sayuran Sawi,ikat,10000,4/16/2026
Sepinggan,Sayuran Sawi,ikat,10000,4/17/2026
Sepinggan,Sayuran Sawi,ikat,10000,4/20/2026
Sepinggan,Sayuran Sawi,ikat,10000,4/21/2026
Sepinggan,Sayuran Sawi,ikat,10000,4/22/2026
Sepinggan,Sayuran Sawi,ikat,10000,4/23/2026
Sepinggan,Sayuran Sawi,ikat,10000,4/24/2026
Sepinggan,Sayuran Sawi,ikat,10000,4/27/2026
Sepinggan,Sayuran Sawi,ikat,10000,4/28/2026
Sepinggan,Sayuran Sawi,ikat,10000,4/29/2026
Sepinggan,Sayuran Sawi,ikat,10000,4/30/2026
Sepinggan,Sayuran Sawi,ikat,10000,5/7/2026
Sepinggan,Sayuran Sawi,ikat,10000,5/8/2026
Sepinggan,Sayuran Sawi,ikat,10000,5/11/2026
Sepinggan,Sayuran Sawi,ikat,10000,5/12/2026
Sepinggan,Sayuran Sawi,ikat,10000,5/13/2026
Sepinggan,Sayuran Sawi,ikat,10000,5/18/2026
Sepinggan,Sayuran Sawi,ikat,10000,5/19/2026
Sepinggan,Sayuran Sawi,ikat,10000,5/20/2026
Sepinggan,Sayuran Sawi,ikat,10000,5/21/2026
Sepinggan,Sayuran Sawi,ikat,10000,5/22/2026
