date,max_temperature_c,min_temperature_c,mean_temperature_c,rainfall_mm,precipitation_mm,rain_duration_hours,max_wind_speed_kmh,wind_speed_kmh,max_humidity_pct,min_humidity_pct,sunshine_duration_seconds,wmo_weather_code,sunshine_duration_hours,Curly Chili Pepper,Large Red Chili Pepper,Bird's Eye Chili Pepper,Spinach,Long Bean,Water Spinach,Mustard Greens
2024-01-01,29.8,24.4,26.4,7.1,7.1,12,8.6,22.3,100,78.46709,21999.986,63,6.11,50000,60000,37500,7000,13000,7000,12000
2024-01-02,28,23.3,25.8,16.1,16.1,16,9.8,24.1,100,82.54081,12362.915,63,3.43,40000,30000,30000,5000,8000,6000,10000
2024-01-03,31,24,26.5,7.8,7.8,9,10.2,28.8,96.47429,71.53317,25508.473,63,7.09,40000,45000,75000,10000,6000,4000,7000
2024-01-04,31.2,23.4,27.2,13.3,13.3,13,10.1,27,99.698784,64.079544,42238.05,63,11.73,60000,50000,80000,12000,8000,5000,8000
2024-01-05,27.8,23.8,25.5,14.8,14.8,19,11,24.8,100,80.79181,5308.841,63,1.47,60000,50000,80000,12000,8000,5000,8000
2024-01-06,30.7,24.4,26.8,4.4,4.4,8,14.6,30.2,95.0195,64.916016,29095.584,63,8.08,60000,50000,80000,12000,8000,5000,8000
2024-01-07,30.8,25,27,19.8,19.8,12,11.4,37.1,96.76866,71.29389,39424.273,63,10.95,60000,50000,80000,12000,8000,5000,8000
2024-01-08,28.8,23.4,25.4,43.1,43.1,17,8.7,25.9,100,77.84443,15929.069,65,4.42,40000,50000,65000,10000,10000,5000,10000
2024-01-09,30.4,23.6,26.7,3,3,14,11.9,29.2,100,67.46009,29947.703,53,8.32,60000,60000,60000,6000,10000,5000,15000
2024-01-10,32.4,24.8,28.2,3.4,3.4,5,11.5,30.6,96.18545,60.761646,41802.625,63,11.61,60000,65000,75000,5000,8000,5000,8000
2024-01-11,30,23.4,26.6,19,19,13,12.6,33.1,99.69872,76.289505,31022.332,63,8.62,55000,50000,60000,10000,10000,6000,10000
2024-01-12,32.1,24.3,27,16,16,7,8.6,33.8,100,63.683678,41108.98,63,11.42,70000,65000,50000,15000,12000,6000,15000
2024-01-13,29.8,23.4,26,32.9,32.9,19,14,30.6,100,76.40389,31693.508,65,8.8,70000,65000,50000,15000,12000,6000,15000
2024-01-14,30.8,24.3,26.3,29.5,29.5,15,10,29.9,100,69.80169,31259.977,65,8.68,70000,65000,50000,15000,12000,6000,15000
2024-01-15,30.5,23.4,25.6,21.7,21.7,19,13.6,34.2,100,72.95201,18785.984,65,5.22,45000,60000,50000,12000,13000,6000,13000
2024-01-16,28.6,23.9,25.6,16.3,16.3,17,14.5,27.7,100,76.67183,8454.751,63,2.35,65000,60000,45000,15000,10000,6000,12000
2024-01-17,29.8,24.4,26.9,0,0,0,13.7,34.6,94.45213,70.26551,14230.68,3,3.95,65000,60000,45000,15000,10000,6000,12000
2024-01-18,31.8,25.2,27.8,1.8,1.8,4,12.6,30.2,94.23916,63.33313,33053.66,61,9.18,55000,60000,45000,13000,12000,6000,15000
2024-01-19,31.1,23.5,26.3,21.7,21.7,18,13.1,35.6,100,67.8099,34686.64,63,9.64,55000,60000,45000,13000,12000,6000,15000
2024-01-20,30.7,24.1,27.4,3.9,3.9,5,11.9,32.8,100,66.47116,34082.523,61,9.47,55000,60000,45000,13000,12000,6000,15000
2024-01-21,31.6,24.9,27.4,0.7,0.7,5,12.5,28.1,92.83488,59.32295,35586.184,51,9.89,55000,60000,45000,13000,12000,6000,15000
2024-01-22,31,25,27.3,3.1,3.1,4,12,24.5,96.47687,70.06594,37061.25,63,10.29,57500,60000,42500,15000,10000,8000,15000
2024-01-23,30.7,24.3,26.4,14.2,14.2,15,12.3,36,100,70.00145,31631.996,63,8.79,60000,55000,32500,12000,12000,7000,16000
2024-01-24,29.5,23.6,26.3,6.5,6.5,16,13.1,25.9,100,75.389084,14426.213,55,4.01,45000,55000,37500,10000,12000,6000,15000
2024-01-25,31.9,24.6,27,7,7,7,11.1,32.8,96.22154,63.260376,39600,63,11,65000,55000,37500,10000,12000,6000,10000
2024-01-26,32.6,24.6,27.8,1.3,1.3,3,14.2,33.1,96.467804,56.56055,39707.992,55,11.03,65000,55000,37500,10000,12000,6000,10000
2024-01-27,32,25.2,28,0.9,0.9,7,12.6,31.7,92.25111,55.05837,40683.12,51,11.3,65000,55000,37500,10000,12000,6000,10000
2024-01-28,31.6,24.8,27.8,2.3,2.3,7,14.3,28.1,87.90742,57.361362,39961.027,53,11.1,65000,55000,37500,10000,12000,6000,10000
2024-01-29,31.6,24.8,27.9,1.6,1.6,6,13.7,31.3,90.89802,58.773937,39723.97,53,11.03,40000,55000,45000,8000,15000,7000,15000
2024-01-30,31.7,25.2,27.9,2.2,2.2,5,12.4,29.9,90.323204,56.69015,39728.484,61,11.04,60000,60000,35000,7000,15000,7000,12000
2024-01-31,31.4,25,27.3,10.2,10.2,12,12.1,35.3,95.910866,64.49787,39732.582,63,11.04,50000,60000,37500,7000,13000,7000,12000
2024-02-01,29.7,23.6,26.3,15,15,15,12.8,25.6,100,76.31243,23063.883,63,6.41,75000,70000,70000,8000,15000,6000,7000
2024-02-02,29.6,24.3,26.4,18.1,18.1,18,14.2,27.7,100,77.051476,37355.9,63,10.38,75000,70000,70000,8000,15000,6000,7000
2024-02-03,30.4,23.7,26.2,10.6,10.6,17,12.7,37.4,100,74.021034,28545.035,63,7.93,75000,70000,70000,8000,15000,6000,7000
2024-02-04,29.4,24.6,26.5,17.3,17.3,17,11.3,30.6,100,78.410774,35245.75,65,9.79,75000,70000,70000,8000,15000,6000,7000
2024-02-05,31.2,23.4,26.7,16.7,16.7,11,13.2,28.4,100,63.886837,36891.652,65,10.25,40000,30000,30000,5000,8000,6000,10000
2024-02-06,32.3,24.4,27.9,0.2,0.2,2,11.8,28.8,95.61166,58.345512,41179.95,51,11.44,45000,60000,40000,5000,12000,7000,12000
2024-02-07,29,23.6,26.1,19,19,16,13.7,30.2,100,77.17781,18884.668,63,5.25,45000,60000,40000,5000,12000,7000,12000
2024-02-08,30.8,24.2,27.1,1.1,1.1,5,9.2,29.5,96.17286,65.75553,40638.9,53,11.29,45000,60000,40000,5000,12000,7000,12000
2024-02-09,28.8,24.6,26.2,19.9,19.9,13,10.5,25.9,100,81.1671,35730.97,63,9.93,45000,60000,40000,5000,12000,7000,12000
2024-02-10,29.9,24.2,26.5,6.3,6.3,12,13.4,30.6,93.88636,75.73229,36547.176,61,10.15,45000,60000,40000,5000,12000,7000,12000
2024-02-11,31,24.1,26.3,21.9,21.9,17,10.7,29.2,100,67.59742,34466.016,63,9.57,45000,60000,40000,5000,12000,7000,12000
2024-02-12,30,23.8,26.1,15,15,16,12.4,29.9,100,71.34673,32400,63,9,45000,60000,40000,5000,12000,7000,12000
2024-02-13,31.2,24.4,27.2,2.7,2.7,9,11.5,28.1,97.04553,68.783966,36774.09,61,10.22,55000,65000,40000,3000,8000,5000,12000
2024-02-14,32.1,24.8,28.1,1.1,1.1,4,16.1,39.2,91.13004,59.067802,36342.96,53,10.1,55000,65000,40000,3000,8000,5000,12000
2024-02-15,31.7,25.4,27.8,4.2,4.2,7,14.3,36,88.194115,66.1258,37345.883,61,10.37,55000,65000,40000,3000,8000,5000,12000
2024-02-16,32.6,24.8,28.2,0,0,0,18.4,40.7,91.383514,57.214184,40683.34,3,11.3,60000,60000,50000,5000,15000,5000,20000
2024-02-17,32.2,24.8,28.2,0.6,0.6,3,15.3,37.8,88.131775,53.613472,41730.086,51,11.59,60000,60000,50000,5000,15000,5000,20000
2024-02-18,32.4,25.4,28.5,0.3,0.3,3,18.1,36.7,86.85513,55.50433,41726.656,51,11.59,60000,60000,50000,5000,15000,5000,20000
2024-02-19,32.5,25.2,28.4,0.5,0.5,4,17,34.2,87.903175,56.88043,41957.992,51,11.65,70000,80000,100000,7000,10000,6000,10000
2024-02-20,32,25.7,28.5,1,1,6,16.2,37.1,92.83231,60.66097,41954.86,51,11.65,70000,80000,100000,7000,10000,6000,10000
2024-02-21,33.1,25.8,28.8,5.4,5.4,7,14.1,33.5,93.94365,54.328312,41718.387,63,11.59,65000,80000,80000,5000,11000,5000,11000
2024-02-22,33,25.4,28.3,2.3,2.3,4,13,32,93.6428,53.49723,40314.72,61,11.2,60000,80000,70000,5000,11000,5000,11000
2024-02-23,32.2,24.2,28,3.2,3.2,6,13.8,31.3,97.03899,58.900944,40888.156,61,11.36,60000,80000,70000,5000,11000,5000,11000
2024-02-24,32,25.4,28,10.9,10.9,12,14.4,31.3,99.70503,65.39029,38370.04,63,10.66,60000,80000,70000,5000,11000,5000,11000
2024-02-25,30.3,23.4,26.3,23,23,13,13.6,33.8,100,71.622955,34812.492,65,9.67,60000,80000,70000,5000,11000,5000,11000
2024-02-26,30.4,23.9,25.6,22.4,22.4,17,12.9,36,99.70131,71.204666,31547.574,63,8.76,70000,80000,85000,8000,12000,7000,12000
2024-02-27,30.6,23.5,26.6,2.2,2.2,6,11.2,27.4,100,72.53571,31867.945,55,8.85,80000,90000,60000,5000,15000,5000,8000
2024-02-28,32.2,24.8,28.1,1.1,1.1,4,12.9,33.5,91.117424,59.98942,41322.41,51,11.48,75000,70000,75000,6500,15000,6000,7000
2024-02-29,31.6,25.4,28.5,0.6,0.6,3,14.3,33.1,89.297295,64.3567,41702.496,51,11.58,75000,70000,70000,8000,15000,6000,7000
2024-03-01,31.3,25.6,27.5,9.4,9.4,8,14.3,36.4,94.833755,69.07516,35816.008,63,9.95,75000,70000,70000,8000,15000,6000,7000
2024-03-02,31,25,27.1,14.5,14.5,14,12.1,31.3,99.40531,69.85724,32184.807,65,8.94,75000,70000,70000,8000,15000,6000,7000
2024-03-03,29.7,23.6,26.2,22.5,22.5,19,10.1,24.5,100,77.756966,24960.514,63,6.93,75000,70000,70000,8000,15000,6000,7000
2024-03-04,30.4,24.2,26.9,9.7,9.7,10,11.4,31.3,100,73.81754,32519.188,63,9.03,70000,85000,75000,8000,25000,5000,8000
2024-03-05,29.8,24.8,26.7,12.5,12.5,13,10,24.8,99.70613,78.46005,31184.582,63,8.66,70000,85000,75000,8000,25000,5000,8000
2024-03-06,30.3,26,27.3,26.4,26.4,10,14.5,40,96.23255,74.89901,32756.705,65,9.1,65000,70000,65000,7000,20000,5000,6000
2024-03-07,31.4,23.8,27.2,28.6,28.6,15,11.1,28.1,100,68.93332,39256.926,65,10.9,65000,70000,65000,7000,20000,5000,6000
2024-03-08,32,25.6,27.9,8.7,8.7,10,11.5,33.8,97.07044,61.234394,40792.133,63,11.33,65000,70000,65000,7000,20000,5000,6000
2024-03-09,30,24,26.3,38.3,38.3,23,12.2,31,100,73.523056,33622.734,65,9.34,65000,70000,65000,7000,20000,5000,6000
2024-03-10,26.5,23.8,25.1,13.2,13.2,21,11.4,22.3,100,90.398384,0,61,0,65000,70000,65000,7000,20000,5000,6000
2024-03-11,32.1,24.3,27.5,1.2,1.2,3,15.1,31.7,96.75913,59.246635,35271.8,53,9.8,65000,70000,65000,7000,20000,5000,6000
2024-03-12,32,25.4,27.9,12.2,12.2,8,15.3,35.6,97.93751,65.99915,36812.996,63,10.23,65000,70000,65000,7000,20000,5000,6000
2024-03-13,28,23.6,26.2,18.5,18.5,17,13.8,32.8,100,82.036804,12495.317,63,3.47,65000,70000,70000,17000,20000,6000,8000
2024-03-14,32.6,25,28.2,0.1,0.1,1,13.8,33.5,95.34046,52.403667,41207.39,51,11.45,65000,70000,70000,17000,20000,6000,8000
2024-03-15,32.1,25.6,28.2,1,1,8,14.1,29.9,93.100235,58.534092,38958.152,51,10.82,60000,65000,80000,10000,10000,6000,10000
2024-03-16,32.7,25.2,28,1.7,1.7,4,12.4,30.2,88.96386,54.893932,41932.89,61,11.65,60000,65000,80000,10000,10000,6000,10000
2024-03-17,30.8,25.3,27.9,0,0,0,12.9,32,87.65946,63.577503,23815.27,3,6.62,60000,65000,80000,10000,10000,6000,10000
2024-03-18,32.1,25.1,28,3,3,8,11.8,32.8,96.79574,63.303127,41963.2,61,11.66,60000,60000,70000,6000,12000,5000,6000
2024-03-19,31.3,23.5,26.8,22.6,22.6,15,15.6,29.5,100,64.2833,35686.734,63,9.91,60000,60000,70000,6000,12000,5000,6000
2024-03-20,31,23.8,26.7,24.9,24.9,17,12.7,31.7,100,71.53317,35708.887,65,9.92,50000,50000,70000,8000,12000,5000,8000
2024-03-21,31.2,23.5,26.2,29.7,29.7,14,13.5,34.9,100,67.223045,30118.418,63,8.37,50000,50000,70000,8000,12000,5000,8000
2024-03-22,30.2,23.3,26.3,15.1,15.1,14,10.1,30.2,100,74.875015,36000,63,10,40000,50000,45000,7000,12000,6000,7000
2024-03-23,31.1,24.6,27.6,1.1,1.1,9,14.4,33.8,95.60361,67.20332,41294.547,51,11.47,40000,50000,45000,7000,12000,6000,7000
2024-03-24,32.2,25.2,28.1,3.3,3.3,5,15.7,35.3,93.09524,66.972466,42061,63,11.68,40000,50000,45000,7000,12000,6000,7000
2024-03-25,32.2,25.4,28.3,2.1,2.1,5,14.1,33.8,90.60901,64.67495,42077.695,61,11.69,60000,60000,70000,4000,10000,4000,7000
2024-03-26,31.3,25.1,28.2,1.6,1.6,8,12.8,29.9,92.23441,64.09012,41052.344,53,11.4,45000,35000,55000,5000,19000,5000,5000
2024-03-27,30.2,24.4,26.3,22.5,22.5,21,13.7,29.5,100,73.76786,31244.082,63,8.68,35000,40000,40000,5000,19000,5000,6000
2024-03-28,30.2,22.9,25.5,47.4,47.4,21,10.1,22.3,100,74.43849,22766.09,65,6.32,50000,50000,60000,5000,19000,5000,6000
2024-03-29,29,24.6,26.2,14.8,14.8,10,9.1,19.4,100,73.584465,19985.648,63,5.55,50000,50000,60000,5000,19000,5000,6000
2024-03-30,31,24.8,27.8,1,1,6,11.4,29.2,95.606834,66.79166,41777,51,11.6,50000,50000,60000,5000,19000,5000,6000
2024-03-31,30.6,25.2,27.3,3,3,7,11.2,28.8,95.93906,73.39617,40473.574,55,11.24,50000,50000,60000,5000,19000,5000,6000
2024-04-01,29.2,24.6,26.4,10.4,10.4,15,9.1,24.5,100,81.22348,25675.334,63,7.13,60000,60000,80000,8000,10000,5000,8000
2024-04-02,31.8,24.8,27.6,6.3,6.3,3,11.2,31,96.473,63.992496,42204.836,63,11.72,50000,60000,60000,5000,12500,4000,11000
2024-04-03,32.3,24.8,28.3,0.5,0.5,3,17.1,36.7,91.3897,56.305744,42219.36,51,11.73,50000,60000,60000,5000,12500,4000,11000
2024-04-04,33.2,25.4,28.6,1.6,1.6,3,14.3,34.6,89.53236,54.036346,41518.977,55,11.53,45000,45000,60000,5000,15000,5000,5000
2024-04-05,33.1,25,28.6,0.3,0.3,2,13.6,33.1,86.61605,54.658875,42248.773,51,11.74,45000,45000,60000,5000,15000,5000,5000
2024-04-06,33.2,24.6,28,18.2,18.2,10,14.6,34.2,100,58.260624,41592.926,63,11.55,45000,45000,60000,5000,15000,5000,5000
2024-04-07,32.2,24,27.2,24.9,24.9,14,13.6,32.4,100,67.01969,39911.176,65,11.09,45000,45000,60000,5000,15000,5000,5000
2024-04-08,32.6,25.3,27.6,14.3,14.3,9,13.3,32.8,99.703255,64.17119,36460.08,65,10.13,45000,45000,60000,5000,15000,5000,5000
2024-04-09,31.8,24.3,27,29.6,29.6,21,11.9,29.9,100,67.5421,34359.188,65,9.54,45000,45000,60000,5000,15000,5000,5000
2024-04-10,32.4,23.8,27.6,9,9,11,13.6,31.7,100,55.492252,36930.03,63,10.26,45000,45000,60000,5000,15000,5000,5000
2024-04-11,31.6,25.5,28.2,0.2,0.2,2,15,33.5,91.43877,58.35977,42336.562,51,11.76,45000,45000,60000,5000,15000,5000,5000
2024-04-12,31.6,26.8,28.5,0.7,0.7,3,15.1,35.6,87.77519,58.406353,39736.793,51,11.04,45000,45000,60000,5000,15000,5000,5000
2024-04-13,31.2,25.8,28.3,0.9,0.9,8,13.3,32.8,91.72825,64.079544,42364.484,51,11.77,45000,45000,60000,5000,15000,5000,5000
2024-04-14,31.4,25.4,28,2.1,2.1,8,13.4,33.1,91.211845,65.39154,39120.555,53,10.87,45000,45000,60000,5000,15000,5000,5000
2024-04-15,30.6,25.1,27.1,10.8,10.8,14,11.2,33.1,95.61805,72.960495,38791.145,63,10.78,45000,45000,60000,5000,15000,5000,5000
2024-04-16,31,24.8,28,0.9,0.9,7,13,29.5,97.06073,65.7249,42403.887,51,11.78,60000,60000,65000,8000,12000,6000,10000
2024-04-17,30.8,25.5,27.7,8.8,8.8,9,9.5,26.3,100,72.14817,38939.727,63,10.82,50000,50000,60000,7000,12500,6000,10000
2024-04-18,30.4,24.4,27.1,19.1,19.1,17,9.7,28.1,100,70.1651,42427.992,63,11.79,65000,65000,67500,7500,12000,6500,9000
2024-04-19,31.4,25.5,28.2,1.8,1.8,7,11.3,29.9,97.66576,72.22625,41465.4,53,11.52,65000,65000,67500,7500,12000,6500,9000
2024-04-20,31.3,25.2,27.9,2.6,2.6,6,12.4,32.4,99.706665,72.87133,42449.938,61,11.79,65000,65000,67500,7500,12000,6500,9000
2024-04-21,31.1,25.2,27.2,11.2,11.2,12,10.7,26.6,98.23636,73.92477,37743.15,63,10.48,65000,65000,67500,7500,12000,6500,9000
2024-04-22,31.6,24.6,27.5,9.6,9.6,11,10.8,29.2,100,69.131615,41462.785,63,11.52,57500,60000,60000,9000,12000,6500,10000
2024-04-23,32,25.2,28,14.3,14.3,8,11.4,29.9,100,65.41078,39600,65,11,57500,60000,60000,9000,12000,6500,10000
2024-04-24,28.2,25,26.2,5.2,5.2,12,8.2,22.3,100,85.821266,14369.918,53,3.99,57500,60000,60000,9000,12000,6500,10000
2024-04-25,30.7,24.8,27.5,5.1,5.1,13,10.6,25.9,100,74.29872,34700.07,53,9.64,57500,60000,60000,9000,12000,6500,10000
2024-04-26,31,25.7,27.9,1.9,1.9,9,10,31,97.37062,68.207306,38718.652,53,10.76,57500,60000,60000,9000,12000,6500,10000
2024-04-27,31.4,24.6,27.8,1.7,1.7,7,12.4,34.2,97.65114,69.51616,39600,53,11,57500,60000,60000,9000,12000,6500,10000
2024-04-28,30.5,25.2,27.5,14.3,14.3,14,12.3,23.8,96.80861,74.708755,41244.246,63,11.46,57500,60000,60000,9000,12000,6500,10000
2024-04-29,29.2,25,27.1,13.6,13.6,17,9.3,23.4,100,81.93134,33698.027,63,9.36,45000,60000,65000,8000,10000,6000,15000
2024-04-30,30.4,24.2,27.3,11,11,14,10.5,28.1,100,72.649254,35272.805,63,9.8,45000,60000,65000,8000,10000,6000,15000
2024-05-01,30.6,25.7,28.2,2.4,2.4,6,13.2,31.7,97.0758,72.9435,41709.5,61,11.59,45000,60000,65000,8000,10000,6000,15000
2024-05-02,30.1,25.8,27.8,9.8,9.8,17,10,27.4,99.70467,76.44185,36837.977,63,10.23,45000,60000,65000,8000,10000,6000,15000
2024-05-03,26,24,25,65,65,21,7,18.7,100,93.6336,0,65,0,45000,60000,65000,8000,10000,6000,15000
2024-05-04,28.8,25.2,26.7,10.4,10.4,16,11.7,27.7,97.93904,81.42154,28331.697,63,7.87,45000,60000,65000,8000,10000,6000,15000
2024-05-05,29.4,24.5,26.3,20.7,20.7,24,13.1,29.2,100,76.74726,12724.071,63,3.53,45000,60000,65000,8000,10000,6000,15000
2024-05-06,28.9,24.2,26.7,1.9,1.9,9,9,23.4,100,78.29748,28796.793,53,8,40000,60000,50000,20000,15000,9000,25000
2024-05-07,30.8,26.2,28.4,0.3,0.3,3,11.6,29.5,95.084335,70.85208,42560.195,51,11.82,40000,60000,50000,20000,15000,9000,25000
2024-05-08,30.6,25.2,27.8,6.1,6.1,10,10.5,28.1,96.79338,71.22256,33492.56,61,9.3,45000,60000,50000,20000,20000,9500,26000
2024-05-09,28.8,23.9,26.3,29.3,29.3,14,8.8,22.3,100,79.510864,22752.182,63,6.32,45000,60000,50000,20000,20000,9500,26000
2024-05-10,30.6,25.4,27.8,6.4,6.4,12,7.9,24.1,96.77694,76.52505,39621.805,63,11.01,45000,60000,50000,20000,20000,9500,26000
2024-05-11,31.2,24.6,27.4,14.8,14.8,14,12.5,23.8,100,76.841255,28736.373,63,7.98,45000,60000,50000,20000,20000,9500,26000
2024-05-12,28.8,24.6,26.8,9.2,9.2,14,8.4,24.1,100,80.704216,21218.533,63,5.89,45000,60000,50000,20000,20000,9500,26000
2024-05-13,30.4,24.4,27.8,6.6,6.6,10,9.7,24.1,100,72.078545,40140.24,63,11.15,45000,60000,50000,20000,20000,9500,26000
2024-05-14,31,26.6,28.4,0.7,0.7,6,10.1,26.6,92.325584,70.475815,39181.25,51,10.88,45000,60000,45000,10000,12000,6000,20000
2024-05-15,30.6,25,28,4.8,4.8,15,9.7,25.9,96.189644,76.971504,28404.621,55,7.89,42500,57500,42500,10000,10000,6000,13000
2024-05-16,30.1,26.1,27.7,6.5,6.5,13,14.2,36,96.23803,75.60736,31085.496,63,8.63,42500,57500,42500,10000,10000,6000,13000
2024-05-17,29.4,24.6,26.9,7,7,12,7.9,20.9,100,79.33533,20556.312,63,5.71,45000,50000,45000,10000,10000,5000,20000
2024-05-18,29.8,24.4,27.4,6.2,6.2,10,13.6,28.8,100,75.050446,34512.71,63,9.59,45000,50000,45000,10000,10000,5000,20000
2024-05-19,29.5,24.8,27,8.3,8.3,11,12.1,29.9,100,74.547295,29569.055,63,8.21,45000,50000,45000,10000,10000,5000,20000
2024-05-20,30,24.6,27,12.6,12.6,11,10,24.5,99.7027,76.86723,26381.58,63,7.33,42500,55000,50000,6000,10000,7000,11000
2024-05-21,29.4,25,27.4,8.3,8.3,11,10.4,24.8,99.99999,76.79235,32683.379,63,9.08,42500,55000,50000,6000,10000,7000,11000
2024-05-22,30.1,24.8,27.3,6.9,6.9,14,8.9,26.6,99.70373,75.973526,29529.69,63,8.2,40000,60000,60000,7000,12000,7000,22000
2024-05-23,28.2,24.5,26.2,44.4,44.4,19,8.2,21.2,100,82.77034,24854.947,65,6.9,40000,60000,60000,7000,12000,7000,22000
2024-05-24,30.4,25.3,27.6,3.4,3.4,8,10.8,30.2,97.64506,74.92296,38918.656,61,10.81,40000,60000,60000,7000,12000,7000,22000
2024-05-25,30,25.3,28,4.6,4.6,10,11.2,29.2,99.70296,75.973526,36000,63,10,40000,60000,60000,7000,12000,7000,22000
2024-05-26,29.2,24,27,14.2,14.2,15,13.9,31.3,100,76.31243,26022.398,63,7.23,40000,60000,60000,7000,12000,7000,22000
2024-05-27,26.6,24.4,25.6,23.9,23.9,20,9,20.5,100,94.5003,0,63,0,40000,60000,60000,7000,12000,7000,22000
2024-05-28,29.7,25.2,26.9,3,3,12,11.6,29.5,99.99999,74.80282,28346.262,53,7.87,45000,45000,45000,10000,15000,5000,25000
2024-05-29,31.6,25.1,27.4,15,15,9,11.8,32.8,100,71.42701,32401.21,63,9,45000,45000,45000,10000,15000,5000,25000
2024-05-30,30.4,24.6,27.6,2.4,2.4,12,16.1,37.4,99.703384,75.585335,42131.46,51,11.7,45000,45000,35000,15000,20000,5000,25000
2024-05-31,30.4,25.2,27.6,6.8,6.8,13,9,24.1,98.81552,78.95454,37937.457,63,10.54,45000,45000,35000,15000,20000,5000,25000
2024-06-01,30.4,25.4,27.1,4.3,4.3,12,7.9,23,97.06504,74.24165,35897.09,61,9.97,45000,45000,35000,15000,20000,5000,25000
2024-06-02,29.2,24.6,26.5,18.7,18.7,11,10.2,26.6,100,75.841934,21138.074,63,5.87,45000,45000,35000,15000,20000,5000,25000
2024-06-03,29.3,24,26.2,18.9,18.9,12,15.3,42.1,100,75.83412,27213.473,63,7.56,40000,45000,60000,20000,20000,8000,17000
2024-06-04,27.8,23.2,25.7,7.1,7.1,15,15,28.8,100,79.10248,6748.058,61,1.87,42500,45000,50000,17500,20000,7500,21500
2024-06-05,29.2,24.3,26.4,21.8,21.8,15,14.9,36.7,100,78.14925,34919.617,63,9.7,55000,45000,40000,15000,20000,7000,26000
2024-06-06,29.4,24.3,26.4,15.3,15.3,22,11.3,28.1,100,74.970604,26195.242,63,7.28,55000,45000,40000,15000,20000,7000,26000
2024-06-07,29.3,23.9,26,8.1,8.1,14,10.2,28.1,100,75.63867,25577.28,63,7.1,55000,45000,40000,15000,20000,7000,26000
2024-06-08,29.7,23.8,26.6,10.4,10.4,9,9.7,26.6,100,71.94733,36000,63,10,55000,45000,40000,15000,20000,7000,26000
2024-06-09,29.4,25,27,3.5,3.5,8,10,26.3,97.648544,74.970604,22069.068,61,6.13,55000,45000,40000,15000,20000,7000,26000
2024-06-10,29.8,25.2,27.5,6.6,6.6,12,8.7,24.5,96.1966,76.388664,34659.42,63,9.63,55000,45000,40000,15000,20000,7000,26000
2024-06-11,28.6,24,26.4,10.5,10.5,13,10.6,25.9,100,76.67939,25392.324,63,7.05,65000,50000,60000,20000,12000,8000,20000
2024-06-12,29.6,24.9,26.9,1.9,1.9,11,12.3,24.8,96.47558,75.01056,30856.912,53,8.57,65000,50000,60000,20000,12000,8000,20000
2024-06-13,28.8,23.2,25.8,19.7,19.7,20,11.7,30.6,100,76.23584,31479.5,63,8.74,65000,50000,60000,20000,12000,8000,20000
2024-06-14,27.8,24.5,26.1,9.1,9.1,18,10.1,25.6,100,80.57546,9215.223,61,2.56,65000,50000,60000,20000,12000,8000,20000
2024-06-15,28.5,25.2,26.5,7.9,7.9,8,12.4,27,97.93751,76.641556,30851.805,63,8.57,65000,50000,60000,20000,12000,8000,20000
2024-06-16,29.2,25.2,27.5,1.6,1.6,8,10.2,28.1,95.64036,73.814316,41522.9,51,11.53,65000,50000,60000,20000,12000,8000,20000
2024-06-17,29.9,24.6,27.3,0.8,0.8,6,9.6,26.3,96.48975,71.27525,35772.773,51,9.94,65000,50000,60000,20000,12000,8000,20000
2024-06-18,28.7,24.4,26,16.2,16.2,18,12.2,22.3,100,78.746506,26803.812,63,7.45,65000,50000,60000,20000,12000,8000,20000
2024-06-19,27.2,24.7,25.8,19.9,19.9,18,15.5,37.8,97.35995,79.75958,11176.254,63,3.1,70000,60000,40000,15000,5000,7000,15000
2024-06-20,29.4,24.7,27.1,0.9,0.9,7,18.6,43.6,97.05314,69.3213,38516.37,51,10.7,70000,60000,40000,15000,5000,7000,15000
2024-06-21,30.1,26.8,28.2,0.2,0.2,2,18.4,42.5,81.90333,64.41994,40917.664,51,11.37,70000,60000,40000,15000,5000,7000,15000
2024-06-22,29.2,25.8,27.6,1.8,1.8,10,15.2,36.4,88.762886,68.653885,26211.8,53,7.28,70000,60000,40000,15000,5000,7000,15000
2024-06-23,26.4,24.1,25.3,18,18,20,12.9,25.2,100,85.39731,506.21313,63,0.14,70000,60000,40000,15000,5000,7000,15000
2024-06-24,27.6,23.8,25.7,5,5,10,9.9,23.8,100,74.47031,11062.804,61,3.07,70000,60000,40000,15000,5000,7000,15000
2024-06-25,29.8,24.7,26.9,0.5,0.5,5,9.2,25.6,90.29908,66.935455,33424.89,51,9.28,70000,60000,40000,15000,5000,7000,15000
2024-06-26,30,24.8,27.5,0.6,0.6,5,14.1,34.2,93.6428,69.0078,41833.88,51,11.62,50000,55000,40000,10000,8000,8000,10000
2024-06-27,30,25,27.7,0.9,0.9,6,15.7,37.8,96.48848,72.875404,39600,51,11,50000,55000,40000,10000,8000,8000,10000
2024-06-28,29.1,25.2,26.9,2.7,2.7,10,10.5,27.7,99.702644,74.33521,37946.023,61,10.54,50000,57500,60000,11000,7000,7500,10000
2024-06-29,29.2,24.2,26,28.2,28.2,21,9.4,28.1,100,75.396935,32400,65,9,50000,57500,60000,11000,7000,7500,10000
2024-06-30,28.5,24.1,26.3,16.8,16.8,18,13.8,32.8,100,76.64913,35976.414,65,9.99,50000,57500,60000,11000,7000,7500,10000
2024-07-01,27.6,24.2,25.8,17.4,17.4,14,12.2,31.7,97.625,80.785416,23152.361,63,6.43,50000,56250,70000,9500,8500,7750,10500
2024-07-02,27,24.1,25.3,23.1,23.1,21,13.5,31,100,82.4345,7416.6265,63,2.06,52500,50500,65000,6500,8000,6750,9500
2024-07-03,27.2,24.1,25.6,11.6,11.6,17,11.6,23,100,80.98391,8642.167,61,2.4,45000,46000,50000,6000,5000,6000,10000
2024-07-04,29.4,24,26.5,3.2,3.2,8,10.7,27,96.470406,70.820404,40869.152,61,11.35,50000,50000,50000,6000,10000,5000,10000
2024-07-05,29.1,24.2,26.6,11,11,7,10.1,24.5,97.626724,73.814316,41371.38,65,11.49,50000,50000,50000,6000,10000,5000,10000
2024-07-06,28.3,23.9,26.3,6.8,6.8,14,12.4,30.6,100,74.351616,34204.234,61,9.5,50000,50000,50000,6000,10000,5000,10000
2024-07-07,26,23.2,24.5,51,51,22,11.7,23.4,100,87.94548,0,65,0,50000,50000,50000,6000,10000,5000,10000
2024-07-08,28.2,23.9,26.2,10.4,10.4,16,13.2,32,100,76.32724,18771.586,61,5.21,50000,45000,60000,20000,6000,8000,12000
2024-07-09,27,24.3,25.7,18.9,18.9,19,14,31,100,82.16885,10822.805,63,3.01,55000,50000,60000,14000,12000,7000,10000
2024-07-10,28,23,25.8,6.7,6.7,14,16.1,37.8,100,76.3119,35638.91,61,9.9,45000,40000,50000,20000,15000,10000,15000
2024-07-11,28.8,23.6,26.8,9.9,9.9,16,17.7,41,100,69.61995,38470.12,63,10.69,52500,45000,55000,22500,14000,10500,15000
2024-07-12,28.8,25.1,27.1,1.1,1.1,8,18,42.1,90.05851,67.69085,41381.535,51,11.49,52500,45000,55000,22500,14000,10500,15000
2024-07-13,27.9,25.3,26.7,4.2,4.2,7,15.6,36.4,87.650795,67.968216,20351.902,61,5.65,52500,45000,55000,22500,14000,10500,15000
2024-07-14,29.5,26.6,27.9,1.8,1.8,10,18.4,42.8,78.780716,65.66776,38537.58,51,10.7,52500,45000,55000,22500,14000,10500,15000
2024-07-15,29.3,24.8,27.4,1.3,1.3,8,15.9,35.6,92.501564,74.93055,41380.035,53,11.49,50000,55000,50000,25000,17000,10500,17500
2024-07-16,28.6,24.6,26.5,5.7,5.7,18,18.8,45,93.89521,74.185135,31574.873,61,8.77,50000,45000,55000,24000,17000,10500,17500
2024-07-17,29.2,26.1,27.6,1.9,1.9,7,20.2,46.1,89.31236,72.459435,41130.91,53,11.43,50000,45000,55000,24000,17000,10500,17500
2024-07-18,28.6,25.2,27.2,6.5,6.5,11,18.5,42.5,92.79875,71.26634,41129.453,63,11.42,47500,42500,62500,20000,10000,10500,15000
2024-07-19,29.4,24.6,27.2,2,2,5,22.1,50.8,95.030396,67.87727,41127.684,53,11.42,45000,35000,60000,20000,10000,12000,15000
2024-07-20,29.2,26.4,27.8,1,1,6,18.7,44.6,82.60052,69.10246,41125.617,51,11.42,45000,35000,60000,20000,10000,12000,15000
2024-07-21,28.7,26.5,27.5,2.4,2.4,10,17.7,43.2,84.13225,74.6089,32275.096,55,8.97,45000,35000,60000,20000,10000,12000,15000
2024-07-22,28,24.1,26.4,13.5,13.5,14,17.4,41.4,100,78.871574,36735.61,63,10.2,45000,35000,60000,20000,10000,12000,15000
2024-07-23,28.7,26.5,27.6,3.5,3.5,16,19.1,42.1,91.50859,74.64138,24421.807,53,6.78,45000,35000,60000,20000,10000,12000,15000
2024-07-24,29,26,27.5,2.4,2.4,13,13.3,32.8,90.910965,72.88907,34640.1,51,9.62,45000,35000,60000,20000,10000,12000,15000
2024-07-25,28.6,25,27.1,0.4,0.4,4,13.3,34.2,93.06786,75.756195,36046.21,51,10.01,45000,35000,60000,20000,10000,12000,15000
2024-07-26,29.6,25.7,27.6,2.3,2.3,12,14.9,36.7,90.8948,71.85056,41106.28,53,11.42,45000,35000,60000,20000,10000,12000,15000
2024-07-27,29.6,25.8,27.7,1.4,1.4,9,18.4,41.8,93.38632,73.617905,41101.875,51,11.42,45000,35000,60000,20000,10000,12000,15000
2024-07-28,29.7,25.2,27.7,0.5,0.5,5,13.8,31.3,91.96875,71.5166,40854.113,51,11.35,45000,35000,60000,20000,10000,12000,15000
2024-07-29,29.8,26,28,2,2,9,13.4,33.1,91.74001,71.106125,41092.03,53,11.41,40000,40000,80000,10000,8000,12000,10000
2024-07-30,29.6,25.2,27.2,5.5,5.5,10,11.2,28.1,97.647644,75.01056,39600,61,11,47500,37500,70000,10000,10000,9000,12000
2024-07-31,29.4,23.9,26.6,9.2,9.2,12,10,27.7,98.21739,74.5067,36540.23,63,10.15,37500,40000,80000,8000,9000,8000,9000
2024-08-01,29.6,24.7,27.3,2.2,2.2,11,11.5,28.8,97.63724,71.27525,40349.562,51,11.21,37500,40000,80000,8000,9000,8000,9000
2024-08-02,28.7,24,26.6,6.9,6.9,14,12.7,31.3,100,74.866264,40230.58,61,11.18,37500,40000,80000,8000,9000,8000,9000
2024-08-03,28,24,26.2,10,10,16,13.4,33.8,100,72.74294,37632.996,63,10.45,37500,40000,80000,8000,9000,8000,9000
2024-08-04,29.2,25.7,27.5,2.8,2.8,13,20.5,46.4,91.45098,68.270424,39850.508,53,11.07,37500,40000,80000,8000,9000,8000,9000
2024-08-05,29.2,25.4,27.5,1.4,1.4,8,12.7,31.7,86.88712,70.775024,34553.14,51,9.6,60000,55000,80000,7000,11000,7500,9000
2024-08-06,27.2,25.4,26.2,8,8,17,12.4,30.2,91.19931,79.01941,20639.814,63,5.73,60000,55000,80000,7000,11000,7500,9000
2024-08-07,28.4,23.2,25.7,21.7,21.7,18,10.8,29.9,100,76.40383,32699.014,63,9.08,60000,55000,80000,7000,11000,7500,9000
2024-08-08,28.6,24.4,26.2,10.5,10.5,10,12,29.5,97.63112,75.30199,40064.207,63,11.13,40000,40000,77500,4000,12500,6500,9000
2024-08-09,28.8,24,26.5,11,11,17,20.5,47.9,99.700195,69.98808,36000,63,10,40000,40000,77500,4000,12500,6500,9000
2024-08-10,28.8,24.1,27,3.1,3.1,10,14.8,34.9,91.36499,74.261215,41480.54,53,11.52,40000,40000,77500,4000,12500,6500,9000
2024-08-11,29.7,25.2,27.5,1.9,1.9,8,18.4,42.1,90.61235,64.14016,38569.96,53,10.71,40000,40000,77500,4000,12500,6500,9000
2024-08-12,28.2,24.2,26.6,3,3,11,16.9,38.9,93.87967,71.42025,41222.45,53,11.45,40000,40000,70000,8000,20000,6000,12000
2024-08-13,28.8,24.6,26.5,4.3,4.3,13,13.3,32.8,95.330315,74.44155,29752.873,61,8.26,42500,52500,72500,8000,20000,6000,12000
2024-08-14,28.3,25.2,26.8,1.9,1.9,14,13.5,30.6,91.683784,75.56771,39035.305,51,10.84,55000,40000,65000,5000,20000,5000,20000
2024-08-15,28.2,25.4,26.6,4.8,4.8,12,13.4,30.6,90.90128,76.14348,27181.445,61,7.55,55000,40000,65000,5000,20000,5000,20000
2024-08-16,29.2,24.6,27.1,3.5,3.5,10,15.3,36.7,93.89302,71.41866,41181.094,61,11.44,55000,40000,65000,5000,20000,5000,20000
2024-08-17,29,23.6,26.7,4.7,4.7,8,12.4,31.7,99.7004,73.35506,39752.426,61,11.04,55000,40000,65000,5000,20000,5000,20000
2024-08-18,28.2,24.8,26.5,6.5,6.5,12,13,33.8,92.23998,75.92208,33959.504,63,9.43,55000,40000,65000,5000,20000,5000,20000
2024-08-19,28.6,24,26.7,5,5,15,15.3,37.8,99.70004,74.84212,37120.094,61,10.31,55000,40000,65000,5000,20000,5000,20000
2024-08-20,29.5,24.2,26.4,16.4,16.4,15,12.4,30.6,97.347305,70.12724,28306.219,65,7.86,55000,40000,65000,5000,20000,5000,20000
2024-08-21,27.9,24.2,25.6,22,22,17,10.7,27.4,100,77.26138,19392.63,63,5.39,55000,40000,65000,5000,20000,5000,20000
2024-08-22,25.5,23.6,24.2,54.9,54.9,24,12,28.4,100,90.33691,836.13116,65,0.23,50000,35000,50000,12000,12000,5000,10000
2024-08-23,28.6,23,25.8,8.5,8.5,12,17.3,41,100,73.937035,32400,61,9,50000,35000,50000,12000,12000,5000,10000
2024-08-24,28,24.4,26.4,2.1,2.1,10,18.4,43.6,94.18256,70.950554,34406.617,51,9.56,50000,35000,50000,12000,12000,5000,10000
2024-08-25,27.4,24.6,26.3,16.3,16.3,14,16.3,38.5,93.06284,77.581894,35301,63,9.81,50000,35000,50000,12000,12000,5000,10000
2024-08-26,28.9,25.2,26.9,4.6,4.6,19,20.6,46.8,90.343765,70.09023,32400,53,9,60000,50000,60000,18500,22500,8000,14000
2024-08-27,27.8,23.4,25.3,28.8,28.8,21,13,37.4,100,79.82665,31940.762,63,8.87,60000,50000,60000,18500,22500,8000,14000
2024-08-28,28.4,22.9,25.7,20.8,20.8,13,12.2,32,100,75.732765,39755.93,63,11.04,50000,45000,40000,15000,17000,5000,12000
2024-08-29,29,24.4,26.7,4.2,4.2,10,10.5,28.1,96.75192,70.97093,34373.637,61,9.55,50000,40000,40000,25000,17000,7000,12000
2024-08-30,28.1,25,26.6,3,3,10,13.1,33.1,93.06786,74.094345,18751.277,61,5.21,42500,45000,40000,25000,25000,8000,15000
2024-08-31,29.2,24.2,26.9,1.8,1.8,8,14.1,34.9,98.21469,71.41866,39837.793,51,11.07,42500,45000,40000,25000,25000,8000,15000
2024-09-01,29.4,24.4,27,1.7,1.7,9,15,37.8,96.7627,73.43084,39600,53,11,37500,32500,37500,3500,12000,4000,12000
2024-09-02,29.7,26.2,27.8,0.9,0.9,5,20.5,48.2,88.239525,68.9508,40974.797,51,11.38,36250,36250,38750,17500,15000,7000,16000
2024-09-03,29.7,25.3,27.6,0.7,0.7,3,11.4,29.5,89.51014,72.16353,40497.582,51,11.25,36250,36250,38750,17500,15000,7000,16000
2024-09-04,29.8,24.9,27.6,1.4,1.4,6,13,34.2,96.480736,68.34782,40716.773,51,11.31,37500,37500,37500,14500,12500,7000,11250
2024-09-05,29.8,24.4,26.7,6.2,6.2,14,15.5,38.5,97.04989,71.52546,37939.457,63,10.54,40000,40000,35000,26000,20000,11000,19000
2024-09-06,29.4,24.2,27.1,0.8,0.8,6,19.5,45.7,97.62848,70.38549,37404.535,51,10.39,37500,37500,35000,20000,12000,10000,10000
2024-09-07,29.2,25.8,27.4,0.8,0.8,5,12.2,32,93.941444,74.49044,38784.14,51,10.77,37500,37500,35000,20000,12000,10000,10000
2024-09-08,29.1,25,27,3.7,3.7,11,12.1,31,100,76.289505,26106.371,53,7.25,37500,37500,35000,20000,12000,10000,10000
2024-09-09,29.8,25.1,27.5,2.8,2.8,13,13.8,30.2,93.6336,73.25314,37560.14,53,10.43,40000,40000,35000,12000,15000,8000,12000
2024-09-10,30.2,23.6,27.1,3.9,3.9,9,19.1,45,99.69984,64.63659,32400,55,9,40000,40000,35000,12000,15000,8000,12000
2024-09-11,29.7,25.2,27.6,0.5,0.5,2,19.4,45.7,93.63819,66.61254,42014.67,51,11.67,35000,40000,40000,12000,12000,5000,10000
2024-09-12,29.6,25.4,27.5,1,1,7,18.7,45,89.24813,61.811977,41078.402,51,11.41,37500,35000,37500,11000,12000,5500,11000
2024-09-13,29.4,25.8,27.6,1,1,7,21.1,49.3,81.58848,65.07108,36855.938,51,10.24,37500,35000,37500,11000,12000,5500,11000
2024-09-14,29.4,26,27.7,1,1,3,25,57.2,82.582825,59.291138,39968.258,53,11.1,37500,35000,37500,11000,12000,5500,11000
2024-09-15,29.2,25.1,27.2,1.5,1.5,5,18.3,43.2,87.63348,63.827957,42423.273,53,11.78,37500,35000,37500,11000,12000,5500,11000
2024-09-16,29.1,24.9,27.2,1,1,4,18.8,45.4,91.395836,69.60118,37469.37,51,10.41,37500,35000,37500,11000,12000,5500,11000
2024-09-17,29.4,26,27.8,0,0,0,19.1,45,85.61492,68.429375,42761.98,3,11.88,35000,30000,35000,8000,18000,7000,15000
2024-09-18,29.8,25.6,27.8,1.5,1.5,7,18.4,42.8,91.43877,70.24713,40541.207,53,11.26,30000,30000,35000,7000,19000,7000,15000
2024-09-19,29.8,25,27.6,0.9,0.9,4,13.2,33.5,96.18821,72.82416,42810.215,53,11.89,30000,30000,35000,7000,19000,7000,15000
2024-09-20,30.2,25.6,27.8,0,0,0,14.1,36,94.2204,69.0078,42359.258,3,11.77,30000,30000,35000,7000,19000,7000,15000
2024-09-21,31.2,24.8,27.5,0.2,0.2,1,11,27.4,91.69865,63.86567,14278.451,51,3.97,30000,30000,35000,7000,19000,7000,15000
2024-09-22,30.9,24.6,27.9,3.1,3.1,7,12.8,32,96.50384,67.20777,36000,61,10,30000,30000,35000,7000,19000,7000,15000
2024-09-23,32.4,25.1,27.9,2.4,2.4,3,10.8,33.1,97.35021,59.494457,41863.035,61,11.63,40000,35000,35000,5000,10000,5000,10000
2024-09-24,31.1,25.6,28.1,1.7,1.7,7,12,32,94.78488,67.99376,42928.87,53,11.92,40000,35000,35000,5000,10000,5000,10000
2024-09-25,30.2,23,27,9.5,9.5,8,11.3,29.9,100,66.200226,35922.613,63,9.98,40000,35000,35000,5000,10000,5000,7000
2024-09-26,30,23.3,26.8,12.6,12.6,8,12,29.9,100,70.09147,38174.78,63,10.6,40000,35000,35000,5000,10000,5000,7000
2024-09-27,29,23.8,26.4,10.3,10.3,7,13,26.3,99.69948,73.789345,27641.014,63,7.68,30000,25000,35000,4000,8000,5000,7000
2024-09-28,30.2,24.6,27.4,1,1,8,13.1,35.6,96.47167,68.65046,36800.727,51,10.22,30000,25000,35000,4000,8000,5000,7000
2024-09-29,29.7,24.9,27.8,0.6,0.6,6,15.4,37.1,95.32686,72.16353,41801.484,51,11.61,30000,25000,35000,4000,8000,5000,7000
2024-09-30,27.8,23.7,25.9,16.5,16.5,13,13.5,27.4,100,77.47246,1016.96594,63,0.28,40000,40000,35000,3000,10000,3000,8000
2024-10-01,29.4,24.8,27.2,1.1,1.1,7,14.6,37.1,95.343864,71.86818,39600,51,11,35000,30000,30000,5000,10000,6000,10000
2024-10-02,28.4,23.2,25.9,9.9,9.9,15,8,25.2,100,76.35795,25711.137,63,7.14,35000,30000,30000,5000,10000,6000,10000
2024-10-03,28.9,23.6,25.8,30.5,30.5,17,11,26.6,100,75.803024,26562.078,63,7.38,35000,30000,30000,5000,10000,6000,10000
2024-10-04,30.1,24.4,27,3.9,3.9,8,12.8,33.1,97.6346,70.45877,41527.758,63,11.54,35000,30000,30000,5000,10000,6000,10000
2024-10-05,29.3,24.4,27.2,1.3,1.3,6,14.1,36,95.597176,71.23045,41751.08,53,11.6,35000,30000,30000,5000,10000,6000,10000
2024-10-06,29.5,25.7,27.4,1.4,1.4,9,12.7,32.4,95.08255,71.91218,32836.613,51,9.12,35000,30000,30000,5000,10000,6000,10000
2024-10-07,28.7,23,26.7,3.4,3.4,11,13.7,34.2,97.30979,75.99968,42538.473,53,11.82,30000,30000,40000,4000,19000,4000,10000
2024-10-08,29.2,25.4,27.4,0.8,0.8,5,13.8,34.9,94.77733,72.957436,22657.154,51,6.29,40000,32500,35000,6000,19000,5000,10000
2024-10-09,30.2,25.9,27.6,20.1,20.1,11,11.7,29.2,95.36418,73.56482,36327.43,65,10.09,35000,35000,40000,5000,19000,5000,5000
2024-10-10,29.4,25.2,27,12.9,12.9,13,7.9,25.2,96.2008,76.107765,24179.525,63,6.72,35000,35000,40000,5000,19000,5000,5000
2024-10-11,30.2,24.6,27.2,4.1,4.1,6,11.5,29.9,97.648544,70.76174,37838.34,63,10.51,30000,30000,40000,7000,19000,5000,10000
2024-10-12,31.6,24.7,27.7,3.1,3.1,7,9.8,28.4,95.31833,66.711334,39576.027,61,10.99,30000,30000,40000,7000,19000,5000,10000
2024-10-13,29.3,25,26.8,13.3,13.3,11,9.5,24.1,97.64073,76.495285,26323.672,63,7.31,30000,30000,40000,7000,19000,5000,10000
2024-10-14,29,23.6,26,11.4,11.4,20,10.8,29.5,100,75.37328,29110.143,63,8.09,30000,35000,40000,5000,10000,4000,10000
2024-10-15,29.8,24,26.7,5.8,5.8,11,15.1,36.4,100,70.45877,41561.06,61,11.54,30000,35000,40000,5000,10000,4000,10000
2024-10-16,30.1,24.6,26.9,4.7,4.7,7,14.5,38.5,95.03585,65.20594,41803.125,63,11.61,35000,35000,40000,5000,10000,3000,8000
2024-10-17,28.6,23.4,25.3,18.2,18.2,19,9.5,22.7,100,76.20514,9092.513,63,2.53,35000,35000,40000,5000,10000,3000,8000
2024-10-18,28.5,23.9,26,5.8,5.8,10,18.8,43.9,99.70247,73.49207,15952.508,63,4.43,35000,30000,30000,10000,12000,5000,8000
2024-10-19,30,24.8,26.9,1.7,1.7,6,12.9,37.8,97.931404,71.355644,35180.406,55,9.77,35000,30000,30000,10000,12000,5000,8000
2024-10-20,30.4,25.2,27.7,5.9,5.9,2,13.7,38.5,95.33709,65.465515,41450.656,63,11.51,35000,30000,30000,10000,12000,5000,8000
2024-10-21,29.4,23.8,26.7,12.2,12.2,9,15.9,37.1,100,74.07763,19167.611,63,5.32,30000,30000,40000,14000,13000,6000,10000
2024-10-22,30.5,26.2,28.2,0.9,0.9,4,16.5,37.8,87.72821,66.08157,32563.832,51,9.05,30000,30000,40000,14000,13000,6000,10000
2024-10-23,30.2,27,28.4,0.5,0.5,4,19.2,46.4,88.569016,70.1283,40451.17,51,11.24,42500,30000,40000,12500,13500,5500,10000
2024-10-24,30.8,25.4,28.4,0.5,0.5,3,15.8,38.5,92.026,62.65447,42216.465,51,11.73,42500,30000,40000,12500,13500,5500,10000
2024-10-25,30.4,25.8,28.5,1.9,1.9,5,18,42.8,92.27051,67.45029,41991.598,61,11.66,42500,30000,40000,12500,13500,5500,10000
2024-10-26,30.4,26,28.4,0.7,0.7,5,21.6,52.2,93.127426,66.823135,42797.6,51,11.89,42500,30000,40000,12500,13500,5500,10000
2024-10-27,30,26.4,28.3,1.7,1.7,6,16.1,39.6,92.02885,72.875404,42421.42,53,11.78,42500,30000,40000,12500,13500,5500,10000
2024-10-28,30,26.3,28.1,0.8,0.8,5,15.2,37.8,94.80941,70.7255,43052.977,51,11.96,30000,30000,40000,5000,13500,5000,11000
2024-10-29,29.7,26.5,28,0.2,0.2,2,14,35.6,87.79646,72.15484,43050.605,51,11.96,30000,30000,40000,5000,13500,5000,11000
2024-10-30,30.6,25.8,28,1.9,1.9,6,11.4,31.3,89.30858,68.50176,37925.44,53,10.53,30000,30000,40000,5000,13500,5000,11000
2024-10-31,29.6,24.2,26.7,7.6,7.6,16,11.1,26.3,100,72.798485,29945.645,63,8.32,30000,30000,40000,5000,13500,5000,11000
2024-11-01,29.2,25,26.9,2.1,2.1,9,10.1,24.8,94.472275,73.38877,19730.135,55,5.48,30000,30000,40000,5000,13500,5000,11000
2024-11-02,31.9,25,27.4,5.3,5.3,6,12.2,32.8,93.06284,62.504646,35697.473,61,9.92,30000,30000,40000,5000,13500,5000,11000
2024-11-03,29.8,23.6,26,19.9,19.9,10,11.8,28.4,100,71.52546,24151.066,65,6.71,30000,30000,40000,5000,13500,5000,11000
2024-11-04,28.2,24.4,26.2,1.4,1.4,10,14,33.5,95.02494,76.14348,37799.887,51,10.5,25000,30000,37500,5000,10000,5000,8000
2024-11-05,29.7,24.6,27,1.1,1.1,6,14.9,36.4,94.74496,69.60611,38937.383,51,10.82,25000,30000,37500,5000,10000,5000,8000
2024-11-06,28.8,24.4,26.9,5,5,9,11.9,31,95.3574,76.21282,40318.402,61,11.2,30000,25000,35000,3000,12000,7000,10000
2024-11-07,30,24.6,26.5,13.6,13.6,14,10.1,27,100,75.29036,29587.307,63,8.22,25000,30000,40000,5000,10000,5000,10000
2024-11-08,31.2,24.8,27.7,2.6,2.6,3,10.5,29.2,95.90786,64.999016,43070.492,61,11.96,25000,30000,40000,5000,10000,5000,10000
2024-11-09,30,24.3,26.9,7.8,7.8,13,10.9,21.2,99.70074,70.928925,30609.979,63,8.5,25000,30000,40000,5000,10000,5000,10000
2024-11-10,28.6,23.7,26.4,8,8,12,12.3,25.9,100,78.29748,15932.283,63,4.43,25000,30000,40000,5000,10000,5000,10000
2024-11-11,28.3,23.7,26.5,10.7,10.7,12,9.9,25.2,100,78.96188,26538.094,63,7.37,25000,25000,35000,5000,10000,4500,10000
2024-11-12,29.2,25.2,27.1,1.6,1.6,8,11.6,30.2,95.0539,73.397194,40136.082,53,11.15,35000,27500,35000,4500,10000,5500,10000
2024-11-13,31.3,24.4,28,0.3,0.3,3,13.4,30.6,97.64419,65.847176,43113.844,51,11.98,35000,27500,35000,4500,10000,5500,10000
2024-11-14,30.1,24,26.7,17.1,17.1,13,11.7,25.9,96.45351,73.97988,39419.14,63,10.95,32500,27500,40000,4500,10000,5000,9000
2024-11-15,30.8,25,27.6,4.2,4.2,15,8.3,23.8,98.52241,72.13077,41193.863,61,11.44,30000,30000,45000,6000,10000,3000,10000
2024-11-16,29.6,24.7,26.8,16.1,16.1,12,11.1,23,97.05206,75.46784,30744.8,63,8.54,30000,30000,45000,6000,10000,3000,10000
2024-11-17,29.7,24.6,26.9,10.4,10.4,10,12.9,28.8,97.948875,76.60888,27845.018,63,7.73,30000,30000,45000,6000,10000,3000,10000
2024-11-18,28.9,24.4,26.6,23.9,23.9,14,15.5,34.2,95.034004,78.56732,37165.72,65,10.32,30000,30000,45000,6000,10000,3000,10000
2024-11-19,30,23.6,26.2,26.9,26.9,21,12.6,22.7,97.61529,74.628204,30684.688,65,8.52,40000,30000,45000,7000,10000,5000,7000
2024-11-20,31,23.8,26.6,17.2,17.2,15,10.6,25.9,98.507545,69.22506,26910.834,63,7.48,40000,30000,45000,7000,10000,5000,7000
2024-11-21,31.2,24.4,27.4,9.6,9.6,8,13.8,32.8,94.45015,67.82932,37071.63,63,10.3,40000,30000,45000,7000,10000,5000,7000
2024-11-22,29.4,24.4,27,5.9,5.9,9,8.4,23.8,96.17142,78.975716,42097.297,63,11.69,40000,30000,45000,5000,6000,5000,7000
2024-11-23,30.4,24.2,26.6,16.3,16.3,15,12.2,27,97.92065,71.85495,30025.422,63,8.34,40000,30000,45000,5000,6000,5000,7000
2024-11-24,30,24.6,26.8,8.9,8.9,13,11,24.5,97.931404,71.36456,36173.426,61,10.05,40000,30000,45000,5000,6000,5000,7000
2024-11-25,29.6,23.8,26.1,13.4,13.4,14,9.1,22,98.50643,74.110565,18445.947,63,5.12,35000,35000,45000,6000,7000,3000,8000
2024-11-26,30.8,24.3,26.4,29.3,29.3,18,14.8,30.2,98.51418,70.64089,21698.7,63,6.03,35000,35000,45000,6000,7000,3000,8000
2024-11-27,30.4,24.6,26.9,9,9,13,11.1,25.9,96.473,70.797905,36038.44,63,10.01,35000,35000,45000,6000,7000,3000,8000
2024-11-28,28.7,24,26.3,10.9,10.9,14,10.1,20.5,98.520775,73.270485,15584.443,63,4.33,40000,35000,35000,10000,7000,4000,10000
2024-11-29,30,25.3,27.2,11.7,11.7,7,12.6,29.9,96.21186,70.082214,42754.156,63,11.88,40000,35000,35000,10000,7000,4000,10000
2024-11-30,28.3,24.4,26.1,12.1,12.1,10,8.7,18.7,98.22726,80.13304,6828.085,63,1.9,40000,35000,35000,10000,7000,4000,10000
2024-12-01,29.2,25,26.5,18.4,18.4,14,8,23.8,96.78638,74.04465,21699.375,63,6.03,40000,35000,35000,10000,7000,4000,10000
2024-12-02,31.3,24.6,27.4,2.7,2.7,10,11.7,25.2,97.92681,59.966778,43200,55,12,35000,40000,35000,10000,7000,5000,10000
2024-12-03,29.6,24.2,26.3,23.7,23.7,18,15.7,28.4,98.219986,76.14619,39792.484,63,11.05,35000,40000,35000,10000,7000,5000,10000
2024-12-04,30.9,24.6,27.2,9.8,9.8,11,16.4,34.9,97.63894,67.16386,36000,63,10,35000,40000,35000,10000,7000,5000,10000
2024-12-05,30.8,24.3,26.8,14.5,14.5,8,12.7,30.6,98.21868,60.59752,19509.38,63,5.42,40000,35000,45000,15000,10000,6000,15000
2024-12-06,31.6,24.2,26.9,8.1,8.1,8,17.1,36.7,94.15927,62.439487,36000,63,10,40000,35000,45000,15000,10000,6000,15000
2024-12-07,31.4,24.3,27.4,0.9,0.9,3,13.4,31.3,95.61805,64.50832,35926.414,53,9.98,40000,35000,45000,15000,10000,6000,15000
2024-12-08,31,25.2,27.4,8.1,8.1,8,9.9,24.5,95.62284,68.70775,29424.305,63,8.17,40000,35000,45000,15000,10000,6000,15000
2024-12-09,28.7,25.4,26.9,3.1,3.1,6,11.9,26.3,94.20574,77.611694,21501.84,53,5.97,35000,50000,40000,10000,12000,6000,17000
2024-12-10,29.6,25.8,27.6,2.6,2.6,13,11.5,32.8,95.64987,71.938545,37799.223,51,10.5,35000,50000,40000,10000,12000,6000,17000
2024-12-11,29.6,25.8,27.5,3.7,3.7,11,10,30.2,97.3687,74.34903,28921.74,61,8.03,45000,35000,40000,8000,10000,8000,15000
2024-12-12,29,26.2,27.2,3.6,3.6,16,13.2,30.6,90.65555,76.442,19190.535,53,5.33,45000,35000,40000,8000,10000,8000,15000
2024-12-13,29.8,24.6,27,13.6,13.6,12,10.5,25.9,97.92681,71.53438,26875.344,63,7.47,45000,35000,40000,8000,10000,8000,15000
2024-12-14,30.5,24.6,26.9,27.2,27.2,9,11,28.1,98.814224,72.88392,35404.008,65,9.83,45000,35000,40000,8000,10000,8000,15000
2024-12-15,29.3,24.8,26.4,6.8,6.8,9,10.5,23.4,97.63635,73.626305,10533.083,63,2.93,45000,35000,40000,8000,10000,8000,15000
2024-12-16,30.4,24.9,27.3,2.2,2.2,5,10.2,27,93.90408,66.40066,32215.57,55,8.95,45000,35000,40000,8000,10000,8000,15000
2024-12-17,30.4,25,27.7,0.3,0.3,3,10.3,25.9,93.06284,65.66358,40531.793,51,11.26,45000,35000,40000,8000,10000,8000,15000
2024-12-18,30.4,24.3,27.3,17.7,17.7,13,15.6,31,96.49103,67.47978,32818.08,63,9.12,45000,35000,40000,8000,10000,8000,15000
2024-12-19,30.3,25.6,27.4,4,4,6,13.6,36,93.97195,70.137535,32943.89,63,9.15,45000,35000,40000,8000,10000,8000,15000
2024-12-20,30.4,26,27.8,3.3,3.3,9,16.6,36.7,92.59511,70.31141,42723.746,61,11.87,45000,35000,40000,8000,10000,8000,15000
2024-12-21,29.8,25.2,27.2,7.4,7.4,12,23,41,98.82207,73.48956,40422.37,63,11.23,45000,35000,40000,8000,10000,8000,15000
2024-12-22,29.8,25,26.9,15.1,15.1,17,16.7,38.5,96.5013,74.547295,24010.91,63,6.67,45000,35000,40000,8000,10000,8000,15000
2024-12-23,29.4,25.5,27.2,12.9,12.9,7,10.4,23.4,98.23182,74.970604,17883.795,65,4.97,45000,35000,40000,8000,10000,8000,15000
2024-12-24,29.7,24.4,27.2,6.5,6.5,8,11.9,29.5,97.93523,72.11115,34191.74,63,9.5,45000,35000,40000,8000,10000,8000,15000
2024-12-25,27.6,24,25.8,12,12,12,9.8,27,97.33354,79.33419,0,63,0,45000,35000,40000,8000,10000,8000,15000
2024-12-26,30.1,25.3,27.1,4.7,4.7,8,10.8,23.4,95.35913,69.0552,20366.523,63,5.66,45000,35000,40000,8000,10000,8000,15000
2024-12-27,31.3,24.6,27.6,1.5,1.5,4,10.6,25.9,99.10618,61.81128,32338.88,55,8.98,50000,35000,50000,8000,10000,8000,15000
2024-12-28,31.6,25.6,28,3.6,3.6,9,12.1,25.6,93.092804,62.053207,28800,61,8,50000,35000,50000,8000,10000,8000,15000
2024-12-29,30.1,25,27.3,5.6,5.6,11,13.2,29.2,97.9337,69.89047,32865.742,63,9.13,50000,35000,50000,8000,10000,8000,15000
2024-12-30,29.6,24.6,27.4,0.1,0.1,1,12.9,26.6,96.47558,73.2109,38299.848,51,10.64,50000,35000,50000,8000,10000,8000,15000
2024-12-31,29.5,25.2,27.1,9.6,9.6,7,12.4,27,95.62923,72.0849,21953.23,63,6.1,50000,35000,50000,8000,10000,8000,15000
2025-01-01,29,24.8,26.9,8,8,15,11.7,26.6,95.894325,76.281876,26288.994,63,7.3,50000,35000,50000,8000,10000,8000,15000
2025-01-02,28.6,24.9,26.5,7,7,12,13.5,28.8,95.08971,76.20514,25742.45,63,7.15,50000,35000,50000,8000,10000,8000,15000
2025-01-03,29.8,25.2,26.8,3.5,3.5,9,17.6,36.7,98.23182,71.08811,37060.65,61,10.29,57500,50000,70000,9250,9750,9500,13000
2025-01-04,29.2,24.6,26.3,9.1,9.1,15,12,29.5,97.9276,74.49044,19331.613,63,5.37,65000,65000,90000,10500,9500,11000,11000
2025-01-05,29.4,25.2,26.5,11.6,11.6,9,8.7,26.3,95.343864,72.76422,36129.895,65,10.04,65000,65000,90000,10500,9500,11000,11000
2025-01-06,30.4,24.6,27.2,1.4,1.4,8,10.4,27.7,92.22882,70.1651,36945.934,51,10.26,50000,35000,50000,8000,10000,8000,15000
2025-01-07,29.2,23.8,26.4,10.2,10.2,16,10.4,33.1,96.45215,77.6845,34633.16,63,9.62,50000,35000,50000,8000,10000,8000,15000
2025-01-08,29.2,23.8,26.1,24,24,12,15.2,31.3,97.33354,71.20354,19641.15,65,5.46,50000,35000,50000,8000,10000,8000,15000
2025-01-09,28.8,24.4,26.6,6.8,6.8,9,10.7,25.6,97.33751,77.851654,33697.977,63,9.36,50000,35000,50000,8000,10000,8000,15000
2025-01-10,29.6,24,26.9,0.8,0.8,5,12.8,30.2,97.93296,74.514824,36000,51,10,50000,35000,50000,8000,10000,8000,15000
2025-01-11,30.1,25,27,8,8,15,11.1,28.8,98.51857,70.30224,39388.36,63,10.94,50000,35000,50000,8000,10000,8000,15000
2025-01-12,30.7,24.2,26.7,8,8,9,11,27,96.77217,62.811985,41081.574,61,11.41,50000,35000,50000,8000,10000,8000,15000
2025-01-13,29.4,24.4,26.3,7.8,7.8,11,10.2,26.3,98.51418,73.42243,35862.207,63,9.96,50000,35000,50000,8000,10000,8000,15000
2025-01-14,29.8,24.6,26,14.1,14.1,17,10.4,23,97.34439,71.097115,25200,65,7,60000,50000,90000,8000,10000,8000,15000
2025-01-15,29.4,24.6,26.2,6.2,6.2,11,11.3,24.1,98.51474,71.8946,14601.04,61,4.06,60000,50000,90000,8000,10000,8000,15000
2025-01-16,31.7,24.4,27,1.6,1.6,5,12.2,39.2,93.68849,57.558537,39231.004,55,10.9,60000,50000,90000,8000,10000,8000,15000
2025-01-17,31,24.1,27,6.2,6.2,8,12.5,32.4,94.72764,64.03735,38012.3,63,10.56,60000,50000,90000,8000,10000,8000,15000
2025-01-18,30.9,24.9,27.1,14.8,14.8,10,14.8,36,94.754524,65.17439,39600,65,11,60000,50000,90000,8000,10000,8000,15000
2025-01-19,30.2,24.4,26.3,33.6,33.6,20,14.6,34.9,97.341446,71.59642,32648.4,65,9.07,60000,50000,90000,8000,10000,8000,15000
2025-01-20,29.6,24.2,26.2,8,8,14,11.5,27.4,98.51418,72.328255,30037.225,63,8.34,65000,65000,90000,8000,10000,8000,15000
2025-01-21,28.6,24,26.1,25,25,18,14.4,31.7,98.21607,76.35795,31250.15,63,8.68,65000,65000,90000,10500,9500,11000,11000
2025-01-22,29.7,24.2,26.5,26.1,26.1,14,10.5,28.1,97.626724,68.56417,38793.16,63,10.78,65000,65000,90000,10500,9500,11000,11000
2025-01-23,30,24.4,26.4,10.5,10.5,16,11.4,33.1,98.219986,69.5593,34534.07,61,9.59,65000,65000,90000,10500,9500,11000,11000
2025-01-24,26.9,24,25.5,9.1,9.1,17,8.9,18.4,98.21538,81.92163,1663.9906,61,0.46,65000,65000,90000,10500,9500,11000,11000
2025-01-25,29,24.4,26.5,14.2,14.2,18,9,29.5,98.21868,74.24265,36000,63,10,65000,65000,90000,10500,9500,11000,11000
2025-01-26,25.8,23.5,24.7,44,44,19,11.7,22.3,98.804474,89.78768,659.9529,65,0.18,65000,65000,90000,10500,9500,11000,11000
2025-01-27,30.5,23.4,26.1,6.8,6.8,5,15.4,39.2,97.32964,67.89666,34705.1,63,9.64,65000,65000,90000,10500,9500,11000,11000
2025-01-28,29,23.4,25.7,13.6,13.6,14,12.7,28.4,97.316765,76.87224,27835.723,63,7.73,65000,65000,90000,10500,9500,11000,11000
2025-01-29,26.8,24.4,25.6,12.3,12.3,21,9.8,23.4,97.639854,86.973434,0,63,0,65000,65000,90000,10500,9500,11000,11000
2025-01-30,28.4,23.6,25.7,26.6,26.6,18,10.3,18.7,97.91679,75.71709,12857.895,63,3.57,65000,65000,90000,10500,9500,11000,11000
2025-01-31,29.6,23.8,26.2,25.7,25.7,14,13,26.6,97.91912,72.36298,32856.89,65,9.13,65000,65000,90000,10500,9500,11000,11000
2025-02-01,30.5,23.6,26.5,4.2,4.2,9,11.5,27.7,98.50975,66.28112,32400,61,9,65000,65000,90000,10500,9500,11000,11000
2025-02-02,30.8,25,27.5,0.7,0.7,6,13.3,29.5,91.95147,63.60948,35372.28,51,9.83,65000,65000,90000,10500,9500,11000,11000
2025-02-03,31,24.8,26.9,9.4,9.4,9,13.1,29.2,94.474266,69.84799,28222.398,63,7.84,70000,65000,90000,11000,14000,10000,11000
2025-02-04,31,23.5,26.9,6.4,6.4,6,16,30.6,97.647644,67.1836,36144.555,61,10.04,95000,73000,113000,11000,5000,10000,11000
2025-02-05,30.4,25.2,27.7,0.3,0.3,3,11.5,31,90.32661,67.86748,41056.633,51,11.4,65000,65000,90000,10500,9500,11000,11000
2025-02-06,29.7,23.8,26.2,35.9,35.9,16,17.5,33.1,98.804474,76.153824,29258.602,65,8.13,65000,65000,90000,11000,7000,11000,11000
2025-02-07,28.7,25,26.5,9.4,9.4,11,16,31.7,97.65027,80.92574,28929.992,63,8.04,65000,65000,90000,11000,7000,11000,11000
2025-02-08,29.7,24.3,26.9,1.9,1.9,7,12.9,34.2,97.64248,73.9138,40937.11,53,11.37,65000,65000,90000,11000,7000,11000,11000
2025-02-09,30.4,25,27.1,8.4,8.4,8,13.2,34.2,97.071495,67.68308,22802.12,63,6.33,65000,65000,90000,11000,7000,11000,11000
2025-02-10,30.8,25.1,27.4,1.6,1.6,7,13.8,32,95.04668,67.54848,39600,53,11,65000,65000,90000,11000,7000,11000,11000
2025-02-11,29.8,23.2,26.5,29,29,13,13.8,33.8,97.01702,71.96489,31814.52,65,8.84,65000,65000,90000,11000,7000,11000,11000
2025-02-12,29.2,25,26.7,2.8,2.8,6,8.5,24.8,94.76591,73.937035,24895.285,55,6.92,65000,65000,90000,11000,7000,11000,11000
2025-02-13,31.4,24.8,27.4,0.3,0.3,3,11.7,26.3,97.06397,66.27349,24717.303,51,6.87,65000,65000,90000,11000,7000,11000,11000
2025-02-14,29,24.8,26.6,13.2,13.2,10,12.8,31.7,91.39277,78.80227,36000,63,10,65000,65000,90000,11000,7000,11000,11000
2025-02-15,30.7,24.9,27.2,2.7,2.7,6,14.9,35.6,93.12995,64.10417,39600,61,11,65000,65000,90000,11000,7000,11000,11000
2025-02-16,30.3,24.2,26.3,14.1,14.1,14,9.2,24.8,97.05206,75.12199,30001.016,63,8.33,65000,65000,90000,11000,7000,11000,11000
2025-02-17,28.2,23.2,26,21.1,21.1,14,9.6,23,98.50643,75.70142,26343.725,65,7.32,65000,65000,90000,11000,7000,11000,11000
2025-02-18,28.8,23.5,25.5,21,21,19,12.4,22,97.6346,74.4334,26527.273,63,7.37,65000,65000,90000,11000,7000,11000,11000
2025-02-19,30,24,26.6,2.2,2.2,6,10.9,28.1,97.03899,70.21031,36000,55,10,65000,65000,90000,11000,7000,11000,11000
2025-02-20,28.4,23.6,25.4,26,26,19,14,25.6,98.80132,75.71709,7979.4062,63,2.22,65000,65000,90000,11000,7000,11000,11000
2025-02-21,29.6,25.2,26.9,2.5,2.5,12,8,22,95.64512,70.01753,39579.97,53,10.99,65000,65000,90000,11000,7000,11000,11000
2025-02-22,29.2,23.8,26.2,21.7,21.7,11,11.7,24.8,98.50699,76.30481,40189.15,65,11.16,65000,65000,90000,11000,7000,11000,11000
2025-02-23,29.2,23.3,26,14,14,19,13,25.2,98.21276,70.76593,8715.334,63,2.42,65000,65000,90000,11000,7000,11000,11000
2025-02-24,29.2,23.8,26,12.6,12.6,18,13.8,32,97.9245,76.525696,30447.719,63,8.46,65000,65000,90000,11000,7000,11000,11000
2025-02-25,30.8,24,27,4.7,4.7,13,14.2,27.4,94.486336,66.430885,34725.027,61,9.65,70000,65000,90000,11000,14000,10000,11000
2025-02-26,29.4,24.4,26,15.4,15.4,19,11.8,28.1,97.04445,74.46602,20835.324,63,5.79,70000,65000,90000,11000,14000,10000,11000
2025-02-27,29.1,23.2,26,20.5,20.5,16,15.3,32.8,98.210754,72.90619,19157.51,63,5.32,70000,65000,90000,11000,14000,10000,11000
2025-02-28,30.4,24.4,27.3,3.1,3.1,6,13.4,31,93.03269,62.926975,41239.277,63,11.46,70000,65000,90000,11000,14000,10000,11000
2025-03-01,28.6,24,26.5,3.7,3.7,11,12,25.6,97.921455,76.20514,22594.709,61,6.28,70000,65000,90000,11000,14000,10000,11000
2025-03-02,29.1,24.8,26.7,1.4,1.4,9,12.3,29.2,96.18687,78.25479,36000.438,51,10,70000,65000,90000,11000,14000,10000,11000
2025-03-03,29.8,24,26.7,5.9,5.9,12,10.8,25.2,99.10686,77.073746,38710.15,61,10.75,70000,65000,90000,11000,14000,10000,11000
2025-03-04,29.8,24.4,26.7,20.5,20.5,18,11,20.5,97.93977,74.15983,27828.607,63,7.73,70000,65000,90000,11000,14000,10000,11000
2025-03-05,29.2,23.7,26.4,22.4,22.4,12,11.5,23.4,98.208046,76.51051,21531.645,65,5.98,95000,73000,113000,11000,5000,10000,11000
2025-03-06,31,24.7,27.1,3.8,3.8,9,10.9,28.4,96.20215,65.18469,35587.89,55,9.89,95000,73000,122500,10000,5000,10000,11000
2025-03-07,29.6,23.6,25.7,28.9,28.9,15,14.1,25.6,98.23636,70.43132,21010.56,65,5.84,95000,73000,122500,10000,5000,10000,11000
2025-03-08,27.6,23.8,25.2,9.2,9.2,14,13.3,24.8,97.63814,79.82665,2998.6865,63,0.83,95000,73000,122500,10000,5000,10000,11000
2025-03-09,31,24,27.2,2.6,2.6,4,16.2,31,94.73537,69.83873,40788.145,61,11.33,95000,73000,122500,10000,5000,10000,11000
2025-03-10,30.7,24.4,26.8,13,13,11,14.8,31.7,97.632,66.220474,38175.1,63,10.6,95000,73000,122500,10000,5000,10000,11000
2025-03-11,29.2,23.9,26.3,16.6,16.6,15,14.8,29.9,98.50699,70.78411,21890.762,63,6.08,95000,73000,122500,10000,5000,10000,11000
2025-03-12,29.9,25.4,27.1,7,7,10,11.9,28.1,92.56054,78.48115,36673.68,63,10.19,95000,73000,122500,10000,5000,10000,11000
2025-03-13,30,24.1,26.6,22.2,22.2,17,13.7,24.8,97.62848,69.67152,22749.137,63,6.32,95000,73000,122500,10000,5000,10000,11000
2025-03-14,30.8,24.8,27.5,4.4,4.4,9,15,30.2,96.79692,69.727394,41209.66,61,11.45,95000,73000,122500,10000,5000,10000,11000
2025-03-15,31.2,24.6,27,6.3,6.3,9,11.5,40.3,97.639854,66.61155,36911.664,63,10.25,95000,73000,122500,10000,5000,10000,11000
2025-03-16,29.6,23.7,26.1,22.9,22.9,14,12.3,27.7,99.10214,70.8657,28959.125,63,8.04,95000,73000,122500,10000,5000,10000,11000
2025-03-17,27.8,23.8,25.3,25.3,25.3,19,9,22,98.21138,75.40238,2576.3232,63,0.72,95000,73000,122500,10000,5000,10000,11000
2025-03-18,30.4,23.9,26.9,8.2,8.2,9,11.6,27,93.85968,70.89283,40208.01,63,11.17,95000,73000,122500,10000,5000,10000,11000
2025-03-19,29.6,24,26.5,16.8,16.8,21,11.4,31.3,98.50865,77.51157,39600,63,11,95000,73000,122500,10000,5000,10000,11000
2025-03-20,27,24,25.4,23.1,23.1,20,8,17.3,98.21276,85.89296,0,63,0,95000,73000,122500,10000,5000,10000,11000
2025-03-21,29.4,24.7,26.5,4.6,4.6,5,10.9,30.6,98.516914,68.92223,16469.674,63,4.57,95000,73000,122500,10000,5000,10000,11000
2025-03-22,29,24.4,26,22.7,22.7,18,9.1,23.8,98.8129,78.81617,12317.307,65,3.42,95000,73000,122500,10000,5000,10000,11000
2025-03-23,29.6,24.4,26.8,0.7,0.7,4,12.8,26.6,94.17412,71.257355,36000,51,10,95000,73000,122500,10000,5000,10000,11000
2025-03-24,30.8,24,26.8,4.8,4.8,10,13.1,26.6,95.58102,66.922775,39600,61,11,97000,73000,110000,7000,5000,10000,11000
2025-03-25,29.3,23.8,26.8,12.1,12.1,13,13,29.5,98.51804,77.83719,39600,63,11,97000,73000,110000,7000,5000,10000,11000
2025-03-26,30.6,25.2,27.9,1.1,1.1,9,9.4,21.6,97.35123,69.14032,40654.836,51,11.29,97000,73000,110000,7000,5000,10000,11000
2025-03-27,31.2,24,27.5,13.7,13.7,12,13.9,29.2,97.92681,70.27516,36839.992,63,10.23,97000,73000,110000,7000,5000,10000,11000
2025-03-28,30.1,23.8,26.8,14.8,14.8,10,17.4,32.8,98.80356,77.22959,39105.305,63,10.86,97000,73000,110000,7000,5000,10000,11000
2025-03-29,30.2,23.8,26.7,13,13,14,10.8,27.7,97.32565,71.59642,31590.836,63,8.78,97000,73000,110000,7000,5000,10000,11000
2025-03-30,29.6,24.6,26.9,0.6,0.6,5,11.4,23,96.20494,71.921,17880.105,51,4.97,97000,73000,110000,7000,5000,10000,11000
2025-03-31,31.9,25,27.1,20.4,20.4,9,10.9,25.2,95.90185,65.772064,28551.906,65,7.93,97000,73000,110000,7000,5000,10000,11000
2025-04-01,28,23.8,25.5,84.7,84.7,15,15.7,29.2,98.20943,76.57325,934.01385,65,0.26,97000,73000,110000,7000,5000,10000,11000
2025-04-02,30,24.5,26.7,1.4,1.4,6,10.4,23,96.20355,65.38311,36085.42,53,10.02,68000,75000,95000,8000,7000,10000,12000
2025-04-03,30,24.6,26.7,10.2,10.2,18,11.9,29.5,98.81069,72.440895,41888.88,63,11.64,68000,75000,95000,8000,7000,10000,12000
2025-04-04,29.1,23.8,26,9.8,9.8,13,11.1,24.8,98.807594,74.0364,20694.922,63,5.75,68000,75000,95000,8000,7000,10000,12000
2025-04-05,30.4,23.9,26.6,7,7,7,11,24.8,98.210754,65.465515,19410,63,5.39,68000,65000,63000,8000,8500,10500,12000
2025-04-06,28.1,24,26,19.7,19.7,16,15.2,32.4,97.62322,78.89941,23448.324,63,6.51,68000,65000,65000,8000,8500,10500,12000
2025-04-07,30.2,24.4,27.2,6,6,12,13.6,28.8,98.8089,69.08361,36051.273,63,10.01,68000,65000,65000,8000,8500,10500,12000
2025-04-08,29.9,24.4,26.8,15.8,15.8,11,11.5,24.5,96.7651,75.69335,32090.45,63,8.91,97000,73000,110000,7000,5000,10000,11000
2025-04-09,29.8,23.4,26.3,21.2,21.2,17,11.1,25.9,98.20338,71.31103,35540.156,65,9.87,97000,73000,110000,7000,5000,10000,11000
2025-04-10,29.2,24.4,26.8,2.4,2.4,13,8.2,21.2,97.33751,76.30481,33257.24,53,9.24,97000,73000,75000,7000,5000,10000,11000
2025-04-11,28.2,23.6,25.7,37.8,37.8,20,14,25.9,99.401985,77.07366,16980.205,65,4.72,97000,73000,75000,7000,5000,10000,11000
2025-04-12,31,24.2,27,10.5,10.5,16,10.3,24.1,99.1052,64.424614,38750.86,63,10.76,97000,73000,75000,7000,5000,10000,11000
2025-04-13,29.6,23.2,26.2,42.7,42.7,18,14.1,28.8,99.09709,75.69335,28390.79,65,7.89,97000,73000,75000,7000,5000,10000,11000
2025-04-14,30.2,24.3,26.4,16.6,16.6,22,11.9,28.8,98.21801,70.32058,36715.387,63,10.2,97000,73000,75000,7000,5000,10000,11000
2025-04-15,29.2,23.7,26.1,31.7,31.7,19,12,29.9,98.21801,75.389084,16258.988,63,4.52,97000,73000,75000,7000,5000,10000,11000
2025-04-16,31,25,27.5,14.2,14.2,7,13.2,27.4,96.19384,64.02676,36924.703,65,10.26,97000,73000,75000,7000,5000,10000,11000
2025-04-17,30.8,23.8,26.5,13.6,13.6,20,14.1,27,97.91526,69.82021,36193.92,63,10.05,97000,73000,75000,7000,5000,10000,11000
2025-04-18,29.6,23.2,26.2,14.4,14.4,13,11.2,22.3,98.206726,73.0086,27020.625,63,7.51,97000,73000,75000,7000,5000,10000,11000
2025-04-19,30.2,24.5,26.8,8.8,8.8,8,11.5,29.9,95.04668,74.21715,40662.938,61,11.3,97000,73000,75000,7000,5000,10000,11000
2025-04-20,30.6,25.2,27.5,4,4,9,10.4,27.4,96.22705,75.17744,36310.47,61,10.09,97000,73000,75000,7000,5000,10000,11000
2025-04-21,29.5,24.4,26.7,18,18,14,14.4,31.3,98.22398,77.03661,36000,63,10,67500,75000,93000,8000,7000,10000,12000
2025-04-22,29.1,23.8,26.4,5.6,5.6,17,11.6,26.6,97.32366,76.87974,32706.342,61,9.09,67500,75000,93000,8000,7000,10000,12000
2025-04-23,29.8,25.6,27.3,5.9,5.9,7,9,24.8,95.35233,75.266655,30546.086,63,8.49,67500,75000,93000,8000,7000,10000,12000
2025-04-24,29.9,23.9,25.7,25.5,25.5,19,11.7,26.3,98.21469,73.94689,27124.754,63,7.53,67500,75000,93000,8000,7000,10000,12000
2025-04-25,29.6,24.6,25.8,29.6,29.6,18,10.9,23.8,97.92913,73.43924,15187.922,65,4.22,67500,75000,93000,8000,7000,10000,12000
2025-04-26,29.6,24.7,26.2,15.4,15.4,13,9.2,23,98.22459,74.20158,29093.719,65,8.08,67500,75000,93000,8000,7000,10000,12000
2025-04-27,30.8,23.8,26.7,6.5,6.5,11,16.6,30.2,98.516914,67.08465,40752.87,61,11.32,67500,75000,93000,8000,7000,10000,12000
2025-04-28,29.2,24.6,26.7,1.3,1.3,9,12.3,21.6,96.7615,71.762184,33676.156,51,9.35,67500,75000,93000,8000,7000,10000,12000
2025-04-29,28.4,24.1,26.1,6.4,6.4,13,9.7,25.2,96.16438,76.87224,30146.014,63,8.37,67500,75000,93000,8000,7000,10000,12000
2025-04-30,29,23.8,26.5,3.3,3.3,7,13.7,28.4,96.17421,73.34661,40039.207,61,11.12,67500,75000,93000,8000,7000,10000,12000
2025-05-01,30.4,25.1,27.7,0.9,0.9,5,10.5,22.7,96.48718,69.8719,36898.445,51,10.25,67500,75000,93000,8000,7000,10000,12000
2025-05-02,29.2,24.1,26.6,10.8,10.8,13,12.9,25.9,97.071495,78.84399,16299.212,63,4.53,60000,60000,40000,8000,9000,10500,20000
2025-05-03,30.8,25.2,27.7,0.6,0.6,5,8.8,23,96.49488,67.34599,37156.57,51,10.32,60000,60000,40000,8000,9000,10500,20000
2025-05-04,30.8,25.7,28.5,0.1,0.1,1,10.6,24.8,95.93019,70.64998,42551.992,51,11.82,60000,60000,40000,8000,9000,10500,20000
2025-05-05,30.2,24,27.4,3.2,3.2,8,18,31.7,96.16297,73.24474,41239.79,55,11.46,60000,60000,40000,8000,9000,10500,20000
2025-05-06,29.2,25.8,27.7,3,3,8,11.4,27.4,95.37929,77.21483,36735.137,61,10.2,60000,60000,40000,8000,9000,10500,20000
2025-05-07,30.4,24.8,27.3,6.9,6.9,12,8.9,23.4,98.52241,71.63176,36000,63,10,72500,75000,67500,8000,8500,10500,12000
2025-05-08,32.2,25.4,28.4,0.7,0.7,3,15.3,32,94.49828,59.448788,42563.477,53,11.82,72500,75000,67500,8000,8500,10500,12000
2025-05-09,29.9,24.4,26.7,28.1,28.1,15,10.5,27.7,97.62848,72.19842,35687.016,65,9.91,75000,75000,68000,8000,8500,10500,12000
2025-05-10,28.8,24.8,26.8,8.3,8.3,14,11.1,24.5,97.34337,75.560265,22506.564,63,6.25,75000,75000,68000,8000,8500,10500,12000
2025-05-11,30.4,25.2,27.9,1.5,1.5,7,9.7,21.6,95.90932,73.58151,42565.61,53,11.82,75000,75000,68000,8000,8500,10500,12000
2025-05-12,28.4,23.6,25.6,39.8,39.8,19,14.6,31,98.21739,79.44316,14522.682,65,4.03,75000,75000,68000,8000,8500,10500,12000
2025-05-13,30.2,24.5,27,15,15,16,7.5,21.6,97.9245,72.414955,36306.527,63,10.09,75000,75000,68000,8000,8500,10500,12000
2025-05-14,29.5,23.8,26.1,37.8,37.8,17,11.8,22.3,98.50643,74.99459,15374.725,63,4.27,75000,75000,68000,8000,8500,10500,12000
2025-05-15,30,24,27,17.2,17.2,14,13.3,29.9,98.50865,75.841934,36000,63,10,75000,70000,55000,8000,8500,10500,12000
2025-05-16,29.6,25.8,27.5,5,5,9,11.3,29.2,95.3574,74.31633,42019.4,63,11.67,75000,70000,55000,8000,8500,10500,12000
2025-05-17,30.2,24,26.8,28.4,28.4,15,11.3,24.1,99.10916,69.282036,35127.266,65,9.76,75000,70000,55000,8000,8500,10500,12000
2025-05-18,29.4,24.6,26.8,1.9,1.9,13,11.5,27,97.92531,77.47503,42277.848,51,11.74,75000,70000,55000,8000,8500,10500,12000
2025-05-19,29.8,25.4,27.1,7.4,7.4,12,12.2,27.7,96.78638,75.94269,38947.766,63,10.82,75000,70000,55000,8000,8500,10500,12000
2025-05-20,28,23.8,26.2,7.4,7.4,17,14.8,30.2,97.03022,79.64094,23311.553,61,6.48,75000,70000,55000,8000,8500,10500,12000
2025-05-21,29.1,25.2,26.7,10,10,19,9,18,96.78048,82.43069,14071.787,63,3.91,75000,70000,50000,8000,8500,10500,12000
2025-05-22,29.8,24.9,26.9,9.9,9.9,10,8.4,25.9,97.93064,77.08858,37184.54,63,10.33,75000,70000,50000,8000,8500,10500,12000
2025-05-23,29,24.8,27.2,0.2,0.2,2,9.5,19.1,97.054245,78.120674,23665.594,51,6.57,75000,70000,50000,8000,8500,10500,12000
2025-05-24,30.3,25.2,27.8,3.3,3.3,9,10.1,24.1,95.619644,70.98301,40871.664,61,11.35,75000,70000,50000,8000,8500,10500,12000
2025-05-25,30.5,25.4,27.8,0.8,0.8,7,10,24.1,95.404335,73.506325,40468.312,51,11.24,75000,70000,50000,8000,8500,10500,12000
2025-05-26,31.5,25.6,27.9,14.8,14.8,11,8.7,20.9,97.652855,65.10241,42341.574,65,11.76,65000,70000,42500,8000,8500,10500,12000
2025-05-27,26.4,24.2,25.3,45.4,45.4,22,12.8,25.9,98.51474,87.20769,0,63,0,65000,70000,42500,8000,8500,10500,12000
2025-05-28,30.4,25.2,27.7,1.4,1.4,4,11.9,26.6,97.64594,72.02615,35056.59,53,9.74,60000,60000,40000,8000,9000,10500,20000
2025-05-29,30.9,26.6,28.8,0.3,0.3,3,13.9,31,93.702095,70.87913,42486.457,51,11.8,60000,60000,40000,8000,9000,10500,20000
2025-05-30,30.2,24.5,27.5,22.7,22.7,11,10.5,25.2,97.9245,74.20897,41135.83,65,11.43,60000,60000,40000,8000,9000,10500,20000
2025-05-31,29,24,26.2,33.6,33.6,20,10.5,20.5,97.94661,77.20002,22773.076,65,6.33,60000,60000,40000,8000,9000,10500,20000
2025-06-01,26.7,25,25.8,11,11,21,9.5,16.9,98.82207,84.36989,0,61,0,63000,60000,58000,9000,12000,10500,12000
2025-06-02,28,23.9,25.5,12.5,12.5,16,8.5,16.9,98.22726,75.19854,11116.371,63,3.09,63000,60000,58000,9000,12000,10500,12000
2025-06-03,29,24.8,26.7,4.7,4.7,12,9.9,21.6,95.32178,71.176575,8950.308,61,2.49,63000,60000,58000,9000,12000,10500,12000
2025-06-04,30.4,25,27.2,3.2,3.2,8,8.6,21.6,93.67253,70.15594,40677.58,61,11.3,62500,55000,35000,8000,8500,10500,12000
2025-06-05,30.2,24.9,27.4,1.8,1.8,8,13.1,31.7,97.64248,68.8763,40934.625,53,11.37,62500,55000,35000,8000,8500,10500,12000
2025-06-06,29.8,25.6,27.7,2.4,2.4,5,13.7,31.3,94.24542,74.81889,38476.67,61,10.69,62500,55000,35000,8000,8500,10500,12000
2025-06-07,30.2,23.4,27.1,6.3,6.3,12,13.6,32,97.62848,66.611694,35670.57,61,9.91,62500,55000,35000,8000,8500,10500,12000
2025-06-08,28.8,25.4,26.9,8.8,8.8,13,12.6,27,94.49632,80.67858,35550.44,63,9.88,62500,55000,35000,8000,8500,10500,12000
2025-06-09,29.7,25.3,27.3,0,0,0,10.3,25.6,95.34046,74.35715,41111.062,3,11.42,62500,55000,35000,8000,8500,10500,12000
2025-06-10,28.8,25.1,27,12.4,12.4,16,14.4,32.4,95.33372,73.69756,33024.473,63,9.17,62500,50000,37500,8000,10000,10500,12000
2025-06-11,29,25.2,27.1,3.4,3.4,13,14,30.2,94.76591,75.357445,37400.12,61,10.39,62500,50000,37500,8000,10000,10500,12000
2025-06-12,29,25.7,27.3,3.6,3.6,13,11.4,25.6,93.95894,76.457245,35839.742,53,9.96,62500,50000,37500,8000,10000,10500,12000
2025-06-13,30.4,25.2,27,6.9,6.9,10,14.4,37.1,95.33372,76.94179,38398.85,63,10.67,62500,55000,42500,9000,10000,10500,12000
2025-06-14,29.6,24,27,11.5,11.5,14,15.5,33.1,95.028595,71.27525,39830.45,65,11.06,62500,55000,42500,9000,10000,10500,12000
2025-06-15,30.2,25.7,27.5,7.6,7.6,12,9.2,25.9,94.78488,69.0647,32090.861,61,8.91,62500,55000,42500,9000,10000,10500,12000
2025-06-16,30.4,25.8,28.1,0.5,0.5,3,14.2,29.5,95.078964,68.8668,42277.887,51,11.74,62500,55000,42500,9000,10000,10500,12000
2025-06-17,29.3,24.8,27.2,1.8,1.8,12,13.2,24.1,95.03585,75.82639,41275.188,51,11.47,62500,55000,42500,9000,10000,10500,12000
2025-06-18,28,24,25.9,13.9,13.9,16,10.4,23,98.508095,81.785545,15163.75,63,4.21,65000,55000,40000,9000,10000,10500,12000
2025-06-19,27,24,25.2,25.7,25.7,18,12.7,25.2,97.62583,83.10695,8675.217,63,2.41,65000,55000,40000,9000,10000,10500,12000
2025-06-20,27,24,25.5,7.4,7.4,15,13,26.6,98.50865,76.43576,0,61,0,65000,55000,40000,9000,10000,10500,12000
2025-06-21,29.9,24.4,26.7,5.1,5.1,10,12.8,28.1,96.7615,69.434235,39411.99,61,10.95,65000,55000,40000,9000,10000,10500,12000
2025-06-22,29,24.4,26.6,1.9,1.9,9,8.9,18.4,97.63021,70.75686,28570.832,53,7.94,65000,55000,40000,9000,10000,10500,12000
2025-06-23,29.1,24.3,26.8,0.7,0.7,1,14.6,33.1,97.05856,74.0364,38395.355,53,10.67,65000,55000,40000,9000,10000,10500,12000
2025-06-24,28.7,24.4,26.9,5.4,5.4,12,16.3,35.6,95.31149,75.96093,34702.812,61,9.64,65000,55000,40000,9000,10000,10500,12000
2025-06-25,29.2,24.8,27,10.9,10.9,11,14.6,30.2,94.75066,74.49044,37977.195,63,10.55,63000,60000,58000,9000,12000,10500,12000
2025-06-26,28.7,24.4,26.4,2.9,2.9,13,11,28.1,96.75552,78.02034,31040.496,55,8.62,63000,60000,58000,9000,12000,10500,12000
2025-06-27,29.6,24.6,27.3,1.7,1.7,9,9.6,25.2,97.048805,75.904,37675.363,51,10.47,63000,60000,58000,9000,12000,10500,12000
2025-06-28,29.6,24.6,27,5.4,5.4,13,13,27.7,96.75676,71.49881,36594.54,63,10.17,63000,60000,58000,9000,12000,10500,12000
2025-06-29,28.8,25.6,27.3,1,1,8,19.5,40.7,93.93271,71.744484,40597.562,51,11.28,63000,60000,58000,9000,12000,10500,12000
2025-06-30,29,23,26.9,7.2,7.2,6,17.1,34.6,96.744774,70.961876,31452.893,63,8.74,63000,60000,58000,9000,12000,10500,12000
2025-07-01,30.4,25,27.9,0,0,0,15.9,30.6,97.639854,69.74598,39600,3,11,65000,55000,60000,9000,8500,8000,10000
2025-07-02,29.6,25.6,27.6,6.8,6.8,11,18.7,38.9,90.91417,73.32972,36000,63,10,63000,57000,58000,9000,12000,10500,12000
2025-07-03,30,25.5,27.9,0.7,0.7,4,13.7,28.8,94.49428,70.072975,41365.13,51,11.49,60000,55000,58000,9000,12000,10500,12000
2025-07-04,28.8,23.4,26.8,7.9,7.9,11,16.1,28.4,97.61085,76.02291,36520.293,63,10.14,62500,55000,59000,9000,10250,9250,11000
2025-07-05,28.8,24.4,26.5,8.2,8.2,13,14.2,29.2,96.17844,76.02291,24575.684,63,6.83,65000,55000,60000,9000,8500,8000,10000
2025-07-06,29.6,24.7,27.1,6.6,6.6,7,15,32.4,96.18821,71.71401,41871.67,63,11.63,65000,55000,60000,9000,8500,8000,10000
2025-07-07,28.6,23.3,25.5,27.2,27.2,12,12.5,28.1,98.80315,69.1983,7811.6313,65,2.17,60000,55000,58000,9000,12000,10500,12000
2025-07-08,28.2,22.8,25.7,12.8,12.8,9,12.2,27.7,96.73632,70.807556,30454.512,63,8.46,60000,55000,58000,9000,12000,10500,12000
2025-07-09,28.9,24.4,26.7,2,2,10,16.6,34.6,89.73324,74.64946,41875.15,53,11.63,60000,55000,58000,9000,12000,10500,12000
2025-07-10,28,24.8,26.1,5.8,5.8,11,13.6,29.2,94.75066,78.2191,30334.238,63,8.43,60000,55000,60000,9000,12000,10500,12000
2025-07-11,28.8,24.2,26.7,5.2,5.2,8,13,25.9,92.466354,73.73935,33078.645,63,9.19,60000,55000,60000,9000,12000,10500,12000
2025-07-12,30.1,25,27,4.3,4.3,6,9.9,24.5,95.6372,70.73456,38313.133,63,10.64,60000,55000,60000,9000,12000,10500,12000
2025-07-13,30,24.8,27.3,3.5,3.5,8,10.4,24.8,97.63814,73.30375,40637.35,61,11.29,60000,55000,60000,9000,12000,10500,12000
2025-07-14,29.4,26,27.5,2.6,2.6,13,20.4,38.9,92.83488,73.43084,39600,55,11,60000,55000,60000,9000,12000,10500,12000
2025-07-15,27.1,24.9,26,12.8,12.8,16,14,26.3,95.92577,83.64916,500.86053,61,0.14,60000,55000,60000,9000,12000,10500,12000
2025-07-16,28,24,26.3,6.6,6.6,16,17.9,35.6,98.507545,78.2191,31460.342,63,8.74,65000,57000,57000,9000,12000,8000,12000
2025-07-17,26.9,23.8,25.7,11.7,11.7,17,11.9,27,97.62233,79.00556,1847.7006,63,0.51,65000,57000,57000,9000,12000,8000,12000
2025-07-18,28.6,24.6,26.7,0.5,0.5,4,19.9,39.6,94.180466,70.853065,36000,51,10,65000,57000,57000,9000,12000,8000,12000
2025-07-19,28.6,26.5,27.3,0.8,0.8,5,23.4,47.9,80.72113,65.051025,38318.14,51,10.64,65000,57000,57000,9000,12000,8000,12000
2025-07-20,29,25.5,27.2,0,0,0,17.4,37.4,81.774635,65.672676,39235.62,3,10.9,65000,57000,57000,9000,12000,8000,12000
2025-07-21,29,23.7,26.8,0,0,0,14.9,32.8,92.73353,67.95649,41861.188,1,11.63,65000,55000,50000,9000,12000,8000,8000
2025-07-22,29.2,24.7,27,0.3,0.3,3,14.2,30.6,95.33881,74.061134,40387.336,51,11.22,65000,55000,50000,9000,12000,8000,8000
2025-07-23,29.2,25.8,27.6,1.4,1.4,8,17.5,37.1,95.3574,75.85744,41119.62,51,11.42,65000,55000,50000,9000,12000,8000,8000
2025-07-24,29.8,26,28,0.3,0.3,3,15.7,33.8,94.79811,74.81889,40383.01,51,11.22,65000,55000,50000,9000,12000,8000,8000
2025-07-25,30.1,26.5,28.2,0.8,0.8,7,13,29.5,91.493484,73.889,41112.594,51,11.42,65000,55000,50000,9000,12000,8000,8000
2025-07-26,30,26.2,28.2,1.6,1.6,7,16,33.8,93.96107,75.298225,41108.46,53,11.42,65000,55000,50000,9000,12000,8000,8000
2025-07-27,29.2,24.2,27.2,4.6,4.6,3,15.5,27.4,97.04553,73.83092,28254.688,63,7.85,65000,55000,50000,9000,12000,8000,8000
2025-07-28,29.6,25.6,27.9,0.2,0.2,2,15.8,32,95.63559,77.51157,37807.29,51,10.5,65000,55000,50000,9000,12000,8000,8000
2025-07-29,29.8,26.8,28.1,0.9,0.9,6,20.8,42.5,88.07523,71.97364,41093.71,51,11.41,65000,55000,50000,9000,12000,8000,8000
2025-07-30,29.4,26.2,27.8,1.7,1.7,9,21.6,42.5,89.5729,76.79235,40603.16,51,11.28,65000,55000,60000,9000,8500,8000,10000
2025-07-31,29.1,25.4,27.3,0.7,0.7,7,13.8,28.4,90.08663,77.83719,38680.867,51,10.74,65000,55000,60000,9000,8500,8000,10000
2025-08-01,29.8,25.2,27.6,5,5,8,15,27.4,96.19384,76.17685,40833.945,63,11.34,57000,59000,57500,7000,12000,10000,10000
2025-08-02,29.2,25.6,27.2,7.1,7.1,14,11.3,28.8,96.236626,79.086006,39620.594,63,11.01,53000,59000,47000,7000,12000,10000,10000
2025-08-03,28.6,24.6,26.5,2.9,2.9,10,7.6,20.9,96.7651,80.42539,19865.688,53,5.52,53000,59000,47000,7000,12000,10000,10000
2025-08-04,28,23.2,25.6,16.5,16.5,17,9.9,20.5,96.431175,82.06093,21989.836,63,6.11,53000,59000,47000,7000,12000,10000,10000
2025-08-05,28.4,24.6,26.4,7.7,7.7,8,13.4,29.2,97.9276,77.11092,31409.018,63,8.72,53000,59000,47000,7000,12000,10000,10000
2025-08-06,28.4,23.8,26.5,3.5,3.5,9,13.9,27.4,95.86715,75.497284,35028.805,61,9.73,67000,57000,62000,11000,8500,10000,12000
2025-08-07,29.4,24.7,27.1,0.7,0.7,3,11.4,25.9,96.76866,71.643166,36887.21,53,10.25,67000,53000,63000,11000,8500,10000,12000
2025-08-08,29,24.8,26.7,2.9,2.9,10,10.8,26.6,96.7651,77.815475,28564.18,55,7.93,60000,53000,55000,11000,8500,10000,12000
2025-08-09,27.9,24,26.1,10,10,10,10.3,22.7,96.45351,79.143875,26375.543,61,7.33,60000,53000,55000,11000,8500,10000,12000
2025-08-10,26.9,23.2,25.4,13.4,13.4,16,12.5,25.9,97.91604,81.183914,3909.7212,63,1.09,60000,53000,55000,11000,8500,10000,12000
2025-08-11,28.6,24,26.5,2.2,2.2,12,14.8,31.3,96.46518,75.174614,39699.156,53,11.03,60000,53000,55000,11000,8500,10000,12000
2025-08-12,27.8,23.6,25.8,13,13,17,13.5,31,97.91375,76.73644,26239.773,63,7.29,60000,53000,55000,11000,8500,10000,12000
2025-08-13,28.4,23.2,25.8,4.5,4.5,11,12.8,27,98.20873,72.153725,24533.166,61,6.81,60000,53000,53000,7000,12000,10000,10000
2025-08-14,28.8,24.2,26.7,2.4,2.4,12,17.5,35.6,88.61143,64.7476,38094.766,53,10.58,60000,53000,53000,7000,12000,10000,10000
2025-08-15,30,23.8,26.8,0.8,0.8,8,16.2,34.2,91.88469,63.92386,41195.88,51,11.44,60000,53000,53000,7000,12000,10000,10000
2025-08-16,28.8,24.2,26.6,10.8,10.8,10,13.7,28.8,96.1658,74.42524,35226.477,63,9.79,60000,53000,53000,7000,12000,10000,10000
2025-08-17,28.3,23.4,26,24.9,24.9,18,9.8,26.3,98.204094,79.60722,35200.555,65,9.78,60000,53000,53000,7000,12000,10000,10000
2025-08-18,29.2,23.6,26.3,2.5,2.5,14,13.9,32.4,96.44301,73.78105,33013.21,53,9.17,60000,53000,53000,7000,12000,10000,10000
2025-08-19,28.8,24.4,26.6,12.1,12.1,13,12.4,29.2,95.883835,79.53954,40445.156,63,11.23,60000,53000,53000,7000,12000,10000,10000
2025-08-20,27.1,23.2,25.2,15.3,15.3,18,16.5,36,99.399086,81.37291,32075.385,63,8.91,60000,53000,53000,7000,12000,10000,10000
2025-08-21,28.2,23.8,25.6,4.7,4.7,10,11.5,30.2,96.16156,73.647285,15991.349,61,4.44,57000,59000,57500,7000,12000,10000,10000
2025-08-22,28.2,24,26.3,0.6,0.6,4,10.5,23,95.87019,74.777534,14384.332,51,4,57000,59000,57500,7000,12000,10000,10000
2025-08-23,28.1,24.2,26.1,1.1,1.1,7,10.1,22.7,97.92221,75.4499,12019.626,51,3.34,57000,59000,57500,7000,12000,10000,10000
2025-08-24,26.9,25,25.8,10.4,10.4,16,11.6,22.3,94.188896,81.42919,259.27963,63,0.07,57000,59000,57500,7000,12000,10000,10000
2025-08-25,29.6,24,26.6,0,0,0,12.7,28.1,95.60199,60.129795,33888.01,3,9.41,57000,59000,57500,7000,12000,10000,10000
2025-08-26,28.2,24.9,26.3,1.6,1.6,11,14.6,30.2,92.501564,78.55677,36123.45,51,10.03,57000,59000,57500,7000,12000,10000,10000
2025-08-27,27.9,24.5,26,8.3,8.3,18,20.4,40.3,94.169876,78.8646,32848.836,63,9.12,57000,59000,57500,7000,12000,10000,10000
2025-08-28,28.4,23.8,26.2,19,19,18,14.5,32.4,98.50643,77.33537,33227.043,63,9.23,57000,59000,57500,7000,12000,10000,10000
2025-08-29,28.3,24.8,26.7,1.9,1.9,9,19.4,38.5,95.04306,77.55325,40796.426,53,11.33,57000,59000,57500,7000,12000,10000,10000
2025-08-30,28,24.8,26.5,3,3,5,14.7,31.3,94.75066,76.58084,32585.96,61,9.05,57000,59000,57500,7000,12000,10000,10000
2025-08-31,28.2,23.4,26.1,15.7,15.7,12,11.5,24.8,98.500854,79.178246,23841.78,63,6.62,57000,59000,57500,7000,12000,10000,10000
2025-09-01,29.4,24.7,27,1.9,1.9,11,13,31.3,95.605225,71.8946,39561.234,51,10.99,57000,59000,57500,7000,12000,10000,10000
2025-09-02,29.8,25,27.2,3.8,3.8,9,11.6,24.1,97.08115,76.82236,36053.496,61,10.01,57000,59000,57500,7000,12000,10000,10000
2025-09-03,29.2,23.9,26.4,7.4,7.4,12,10.2,23.8,97.037895,75.396935,34539.19,63,9.59,53000,59000,47000,7000,12000,10000,10000
2025-09-04,29.4,24.6,27.1,1.4,1.4,8,13.6,29.5,95.028595,72.06739,39600,51,11,58000,60000,52000,7000,8500,10000,12000
2025-09-05,27.8,24.3,26.1,6.2,6.2,8,11,26.6,98.23182,81.29701,29914.84,63,8.31,58000,60000,52000,7000,8500,10000,12000
2025-09-06,28,23.5,25.8,21,21,16,9,22.3,99.100815,76.812004,26290.752,65,7.3,58000,60000,52000,7000,8500,10000,12000
2025-09-07,27.1,23.4,25.5,15.1,15.1,16,13.6,29.2,97.612595,79.71915,22432.215,63,6.23,58000,60000,52000,7000,8500,10000,12000
2025-09-08,27.8,24,26,10.5,10.5,17,10.1,23,96.74955,79.361496,34267.656,63,9.52,58000,60000,52000,7000,8500,10000,12000
2025-09-09,28.2,23.6,25.8,15.2,15.2,16,9.6,25.2,97.91062,75.91433,21314.338,63,5.92,58000,60000,52000,7000,8500,10000,12000
2025-09-10,27.8,23.6,26.1,13.3,13.3,13,8.1,22.3,97.03244,82.523155,30390.299,63,8.44,60000,55000,53000,7000,9000,10000,13000
2025-09-11,29.3,23.6,26.3,11.4,11.4,12,13.4,30.2,98.50919,73.626305,24182.666,63,6.72,60000,55000,53000,7000,9000,10000,13000
2025-09-12,28.6,23.8,26.4,32.8,32.8,19,16.1,32,98.505875,76.1512,29679.6,65,8.24,60000,55000,53000,7000,9000,10000,13000
2025-09-13,28.9,24.5,26.8,12.8,12.8,16,12.8,29.9,95.8868,72.45073,31159.846,63,8.66,60000,55000,53000,7000,9000,10000,13000
2025-09-14,28.6,24,26.5,1.4,1.4,13,11.5,26.6,95.58263,73.29589,39600,51,11,60000,55000,53000,7000,9000,10000,13000
2025-09-15,28.7,25.8,26.9,6.6,6.6,12,10.9,25.6,93.670265,77.84443,29947.424,63,8.32,60000,55000,53000,7000,9000,10000,13000
2025-09-16,29,24,26.6,0.6,0.6,3,13,28.4,95.29257,72.69546,33345.668,51,9.26,60000,55000,53000,7000,9000,10000,13000
2025-09-17,28.4,24.2,26,17.1,17.1,18,12.7,28.1,99.104515,77.24657,19703.367,63,5.47,60000,55000,37000,7000,10000,10000,13000
2025-09-18,28.8,24.6,26.5,4.8,4.8,8,12.7,28.1,97.92605,64.13447,25200,61,7,60000,55000,37000,7000,10000,10000,13000
2025-09-19,30,25.4,27.8,0,0,0,16.7,29.9,84.91603,65.195595,39600,3,11,60000,55000,37000,7000,10000,10000,13000
2025-09-20,29.6,24.8,26.9,8.7,8.7,9,9.1,25.9,95.372604,70.8657,42829.156,63,11.9,60000,55000,37000,7000,10000,10000,13000
2025-09-21,29.2,24.2,27.1,0.1,0.1,1,14.2,31.7,97.04227,76.27418,41889.47,51,11.64,60000,55000,37000,7000,10000,10000,13000
2025-09-22,30,25.9,27.9,0,0,0,20.2,41.8,92.83231,69.59679,42875.016,3,11.91,60000,55000,37000,7000,10000,10000,13000
2025-09-23,29.6,24.8,27.5,0.3,0.3,2,16.3,35.3,91.9946,70.3947,42897.35,51,11.92,60000,55000,37000,7000,10000,10000,13000
2025-09-24,29.2,25.8,27.7,0.6,0.6,6,15,31.7,87.68528,73.67243,42919.21,51,11.92,60000,55000,37000,7000,10000,10000,13000
2025-09-25,30,23,26.9,4.2,4.2,9,13.1,27,98.4975,66.692986,41846.113,61,11.62,60000,55000,37000,7000,10000,10000,13000
2025-09-26,30,25.3,27.5,0.8,0.8,5,13.7,29.5,93.92827,67.3813,40222.883,51,11.17,60000,55000,37000,7000,10000,10000,13000
2025-09-27,30.1,25.4,27.2,4.6,4.6,10,10.9,25.9,95.91232,72.43226,22697.826,63,6.3,60000,55000,37000,7000,10000,10000,13000
2025-09-28,29.6,24.9,26.9,2.1,2.1,8,15,34.2,96.7651,76.37347,26359.26,55,7.32,60000,55000,37000,7000,10000,10000,13000
2025-09-29,31.6,24.6,27.8,2.1,2.1,11,13.2,29.5,92.25666,66.29364,43029.035,53,11.95,60000,55000,37000,7000,10000,10000,13000
2025-09-30,30,24,26.3,8.5,8.5,12,12.5,31.7,96.76622,73.07655,43051.12,63,11.96,60000,55000,37000,7000,10000,10000,13000
2025-10-01,30.2,23.8,26.8,9,9,5,12.4,29.2,95.87326,67.828476,39600,65,11,56000,53000,33000,7000,10000,10000,10000
2025-10-02,30,24.8,27.7,0.6,0.6,4,12.8,31.7,96.478134,70.47706,42008.68,51,11.67,56000,53000,33000,7000,10000,10000,10000
2025-10-03,30,25.6,27.7,5.1,5.1,11,12.7,29.5,87.766685,64.58421,41768.94,63,11.6,49250,49000,32750,7000,10000,10000,10000
2025-10-04,27.1,23.4,25.2,24.1,24.1,16,10.4,20.5,97.91375,81.39168,10197.886,63,2.83,42500,45000,32500,7000,10000,10000,10000
2025-10-05,29.4,23.4,26,1.3,1.3,9,10.4,20.5,97.04118,67.88707,36506.414,51,10.14,42500,45000,32500,7000,10000,10000,10000
2025-10-06,27,23.3,25,6.2,6.2,13,10.2,18.4,96.17286,79.746124,0,61,0,56000,53000,33000,7000,10000,10000,10000
2025-10-07,30.4,23.2,26.5,0.2,0.2,1,12,28.4,93.30463,67.66352,43199.547,51,12,56000,53000,33000,7000,10000,10000,10000
2025-10-08,30,25.2,27.6,0.7,0.7,5,15.4,35.3,93.6428,66.490974,43200,51,12,56000,53000,33000,7000,10000,10000,10000
2025-10-09,30.5,24.9,27.9,0,0,0,12.5,27.4,95.62764,62.768646,43200,3,12,47000,53000,33000,7000,10000,10000,10000
2025-10-10,29.6,25.3,27.7,0.3,0.3,3,15.1,32.8,96.48718,70.8657,43200,51,12,47000,53000,33000,7000,10000,10000,10000
2025-10-11,30.2,24.2,27.8,2.4,2.4,8,11.2,24.8,93.87301,70.48621,42477.51,53,11.8,47000,53000,33000,7000,10000,10000,10000
2025-10-12,30.3,25.5,27.1,2.2,2.2,9,13.6,29.9,94.79058,74.40073,31283.139,53,8.69,47000,53000,33000,7000,10000,10000,10000
2025-10-13,30.7,24,27.5,3.9,3.9,8,14.6,31.7,96.478134,71.614075,35968.016,61,9.99,47000,53000,33000,7000,10000,10000,10000
2025-10-14,30.2,24,27.3,4.9,4.9,9,9.9,27,97.0357,66.23059,37715.05,63,10.48,47000,53000,33000,7000,10000,10000,10000
2025-10-15,30.4,24.3,27.7,0.3,0.3,2,11.9,27,94.73151,67.39114,43146.363,51,11.99,47000,53000,33000,7000,10000,10000,10000
2025-10-16,31,25.6,28.5,1.6,1.6,5,10.7,28.4,93.092804,67.09458,43136.074,53,11.98,47000,53000,33000,7000,10000,10000,10000
2025-10-17,30.8,25.7,28.3,1.8,1.8,8,10.4,28.1,90.35064,69.40409,38744.727,53,10.76,47000,53000,33000,7000,10000,10000,10000
2025-10-18,31.4,24.4,28,9.3,9.3,13,13.3,31.3,95.9168,63.715866,40482.266,63,11.25,47000,53000,33000,7000,10000,10000,10000
2025-10-19,31,24.4,27.3,7.1,7.1,7,9.4,23.8,97.92297,67.790436,27091.95,63,7.53,47000,53000,33000,7000,10000,10000,10000
2025-10-20,29.9,24.8,27.3,14.6,14.6,11,9.5,22.7,98.8168,69.64353,22912.062,63,6.36,47000,53000,33000,7000,10000,10000,10000
2025-10-21,29.6,24,26.8,12,12,12,11.5,27.4,98.80537,73.764366,37047.414,63,10.29,47000,53000,33000,7000,10000,10000,10000
2025-10-22,29.1,24,26.4,30.2,30.2,18,11.8,27,97.93064,72.276054,9708.154,65,2.7,47000,53000,33000,7000,10000,10000,10000
2025-10-23,30.9,24.8,27.7,20,20,8,12.2,27,98.51857,63.60948,40902.64,65,11.36,42500,45000,32500,7000,10000,10000,10000
2025-10-24,28.4,24,26,20.4,20.4,12,11.1,25.9,97.91679,72.60053,5974.2646,63,1.66,42500,45000,32500,7000,10000,10000,10000
2025-10-25,29.2,23.8,26.8,29.1,29.1,16,12.5,29.2,98.21005,76.76982,37062.055,65,10.3,42500,45000,32500,7000,10000,10000,10000
2025-10-26,26.4,23.7,25,95.7,95.7,24,11.5,22.7,98.513626,83.58776,0,65,0,42500,45000,32500,7000,10000,10000,10000
2025-10-27,29.7,24.2,26.5,2.4,2.4,13,10.1,17.6,97.62761,66.71305,26461.555,55,7.35,42500,45000,32500,7000,10000,10000,10000
2025-10-28,29.9,23.8,27,26.3,26.3,9,14.6,34.9,97.619705,73.506325,35852.18,65,9.96,42500,45000,32500,7000,10000,10000,10000
2025-10-29,29,23.2,26.4,13.6,13.6,9,14,29.2,98.80264,72.04108,14545.015,63,4.04,42500,45000,32500,7000,10000,10000,10000
2025-10-30,31.1,23.4,27.1,11.2,11.2,13,12.2,23.8,98.80537,65.01974,29481.92,63,8.19,42500,45000,32500,7000,10000,10000,10000
2025-10-31,28.6,24,26.1,6.6,6.6,11,12,25.6,97.91679,76.18204,19737.305,61,5.48,42500,45000,32500,7000,10000,10000,10000
2025-11-01,31.4,24.8,28,0.5,0.5,2,12,28.1,95.62604,68.48825,43047.027,51,11.96,43000,72500,37000,11000,10000,10000,10000
2025-11-02,30.8,24.4,27.6,3.4,3.4,9,11,25.9,99.40577,71.0638,43048.035,61,11.96,57500,72500,75000,8000,10000,7000,10000
2025-11-03,30.7,25.2,27.9,5.9,5.9,7,8.5,23,96.49619,71.90751,42744.74,63,11.87,57500,72500,75000,8000,10000,7000,10000
2025-11-04,29.9,26.1,27.7,3.1,3.1,7,13.4,27.4,95.662506,68.19001,25194.043,61,7,57500,72500,75000,8000,10000,7000,10000
2025-11-05,30.5,24.1,27,12.7,12.7,13,18.9,33.1,97.334564,69.31967,39946.473,63,11.1,42500,45000,32500,7000,10000,10000,10000
2025-11-06,29.6,24.4,27,9.2,9.2,10,11.8,29.9,97.6346,69.999016,33650.406,63,9.35,42500,45000,32500,7000,10000,10000,10000
2025-11-07,30.5,25.2,28,0.4,0.4,4,12.1,23.4,95.63878,65.86216,35468.816,51,9.85,42500,45000,32500,7000,10000,10000,10000
2025-11-08,30.4,25.4,27.4,3.2,3.2,9,14.3,29.5,91.69563,75.129906,43072.25,53,11.96,42500,45000,32500,7000,10000,10000,10000
2025-11-09,28,23.4,26.3,15.2,15.2,13,18.3,40,97.31773,78.67652,11776.74,63,3.27,42500,45000,32500,7000,10000,10000,10000
2025-11-10,30.6,25.8,28,0,0,0,13.3,27,90.62569,66.94545,24069.656,3,6.69,43000,45000,29000,11000,10000,10000,10000
2025-11-11,29.9,23.7,27,8.1,8.1,5,14.8,28.1,97.62848,66.76314,18854.707,63,5.24,43000,45000,29000,11000,10000,10000,10000
2025-11-12,29.8,24.9,26.9,13.4,13.4,12,13.3,34.2,96.7651,67.76986,34732.92,63,9.65,43000,45000,29000,11000,10000,10000,10000
2025-11-13,29.8,24,26.1,15.3,15.3,15,12.1,33.1,97.9245,66.34011,34540.324,65,9.59,43000,45000,29000,11000,10000,10000,10000
2025-11-14,30.8,23.5,27.2,4.5,4.5,3,15.1,36.4,95.90035,65.547615,25322.984,63,7.03,43000,45000,29000,11000,10000,10000,10000
2025-11-15,30.3,23.6,27.2,11.1,11.1,11,13.9,27.4,98.80181,69.093094,38274.797,63,10.63,43000,45000,29000,11000,10000,10000,10000
2025-11-16,30.2,24.2,26.9,20.7,20.7,18,17.4,35.3,98.50975,69.282036,30853.734,63,8.57,43000,45000,29000,11000,10000,10000,10000
2025-11-17,31.4,24.2,27.6,10.3,10.3,8,11.2,35.3,98.219376,60.709915,43160.7,65,11.99,43000,45000,29000,11000,10000,10000,10000
2025-11-18,30,24.1,26.7,14.6,14.6,15,16.1,30.6,97.91989,70.95281,30135.152,63,8.37,43000,45000,29000,11000,10000,10000,10000
2025-11-19,29.6,24.6,26.7,9.2,9.2,11,12.6,27.4,97.63724,73.03242,21694.664,63,6.03,43000,45000,29000,11000,10000,10000,10000
2025-11-20,28.6,24.4,26.3,7.4,7.4,11,16,28.1,97.05206,77.560524,22192.707,61,6.16,43000,45000,29000,11000,10000,10000,10000
2025-11-21,30.4,24,27.1,4.4,4.4,7,10.6,24.5,98.8071,64.86401,35228.656,61,9.79,43000,72500,37000,11000,10000,10000,10000
2025-11-22,30.3,23.8,26.5,32,32,12,13,31,98.50699,71.40906,22640.932,63,6.29,43000,72500,37000,11000,10000,10000,10000
2025-11-23,29.8,24.4,26.8,5.8,5.8,6,12.1,31,96.75913,71.097115,21033.688,63,5.84,43000,72500,37000,11000,10000,10000,10000
2025-11-24,29.2,24,26.7,10.4,10.4,15,15.7,31.3,99.40113,77.86611,38495.125,63,10.69,43000,72500,37000,11000,10000,10000,10000
2025-11-25,30.7,25.3,27.7,2.1,2.1,9,13.6,33.8,97.35995,65.92324,27865.412,53,7.74,43000,72500,37000,11000,10000,10000,10000
2025-11-26,31,25.4,28,3.8,3.8,8,9.2,27.4,97.07472,66.162575,39600,61,11,43000,72500,37000,11000,10000,10000,10000
2025-11-27,31.2,26.8,28.3,8.1,8.1,9,10.4,29.2,94.83186,66.03484,40741.973,63,11.32,43000,72500,37000,11000,10000,10000,10000
2025-11-28,30.8,25.5,27.8,4.5,4.5,7,11.9,27.7,94.23916,67.7417,39626.65,61,11.01,43000,72500,37000,11000,10000,10000,10000
2025-11-29,27.2,24.2,25.5,28.9,28.9,20,12.7,24.1,98.80626,80.72113,3376.213,65,0.94,43000,72500,37000,11000,10000,10000,10000
2025-11-30,29,24.4,26.5,6.7,6.7,9,11.8,24.1,95.88835,73.80601,26283.748,63,7.3,43000,72500,37000,11000,10000,10000,10000
2025-12-01,29.4,24,26.4,10.2,10.2,10,12.1,25.6,98.22595,72.55459,22534.33,63,6.26,43000,72500,37000,11000,10000,10000,10000
2025-12-02,30,23.3,26.9,7.9,7.9,10,12.5,23.8,97.92065,68.78101,35686.703,61,9.91,43000,72500,37000,11000,10000,10000,10000
2025-12-03,30.4,24.6,27,12.6,12.6,10,12.3,27.7,97.64158,72.71789,37711.39,63,10.48,57500,72500,75000,8000,10000,7000,10000
2025-12-04,29.6,23.8,26.4,0.8,0.8,5,12.5,26.6,97.03133,70.598145,26336.875,51,7.32,57500,72500,75000,8000,10000,7000,10000
2025-12-05,29.4,25,26.7,25.6,25.6,17,10.2,24.8,96.48591,71.42756,40484.395,65,11.25,57500,72500,75000,8000,10000,7000,10000
2025-12-06,29.8,23.6,27.1,11,11,9,10.7,24.1,97.62059,67.76986,23650.445,63,6.57,57500,72500,75000,8000,10000,7000,10000
2025-12-07,29.9,23.6,26.9,24.1,24.1,18,10.7,27.7,98.20609,70.449646,36000,63,10,57500,72500,75000,8000,10000,7000,10000
2025-12-08,29.2,23.9,26.5,13.5,13.5,12,16.8,38.5,97.91526,71.41866,36168.56,63,10.05,57500,72500,75000,8000,10000,7000,10000
2025-12-09,29.8,24.4,26.4,11.6,11.6,12,15.7,38.9,95.316635,60.928654,17844.98,63,4.96,57500,72500,75000,8000,10000,7000,10000
2025-12-10,30.5,24.5,27.2,9.5,9.5,6,12.2,25.9,96.50257,66.08157,39807.562,65,11.06,57500,72500,75000,8000,10000,7000,10000
2025-12-11,29.5,23.8,26.6,4.5,4.5,9,13.3,27,96.482025,72.345634,32689.443,63,9.08,57500,72500,75000,8000,10000,7000,10000
2025-12-12,29,24.2,26.6,18.3,18.3,18,10.3,30.2,96.45739,78.354225,36000,63,10,57500,72500,75000,8000,10000,7000,10000
2025-12-13,29.3,24.6,26.5,10.1,10.1,8,11,29.5,95.88982,75.41274,36811.258,63,10.23,57500,72500,75000,8000,10000,7000,10000
2025-12-14,30.2,24.7,26.5,8.5,8.5,9,13,32,97.06504,71.59642,37157.07,63,10.32,57500,72500,75000,8000,10000,7000,10000
2025-12-15,29.3,24.1,26.7,14.2,14.2,18,8.5,19.8,98.21739,69.52179,17246.535,63,4.79,57500,72500,75000,8000,10000,7000,10000
2025-12-16,29,24.4,26.5,8.5,8.5,16,12.6,28.4,93.94581,73.789345,35055.16,61,9.74,57500,72500,75000,8000,10000,7000,10000
2025-12-17,29.8,24.2,26.5,17.3,17.3,14,13.2,24.5,97.62583,71.31995,29500.322,63,8.19,57500,72500,75000,8000,10000,7000,10000
2025-12-18,30.1,23.8,26.5,21.7,21.7,12,15.1,31.3,97.92375,70.52269,26865.79,65,7.46,57500,72500,75000,8000,10000,7000,10000
2025-12-19,29.2,24.2,26.5,14.5,14.5,10,7.9,22.3,96.46389,79.558044,23494.453,63,6.53,57500,72500,75000,8000,10000,7000,10000
2025-12-20,29.8,24,26.6,18.6,18.6,7,12.4,23.8,97.625,69.21605,21776.988,65,6.05,57500,72500,75000,8000,10000,7000,10000
2025-12-21,28.6,24.3,26.6,14.1,14.1,17,12.2,29.2,97.054245,79.65438,23256.043,63,6.46,57500,72500,75000,8000,10000,7000,10000
2025-12-22,29.1,24.8,26.5,2,2,8,10.6,28.8,97.940575,76.46487,35733.29,53,9.93,57500,72500,75000,8000,10000,7000,10000
2025-12-23,30.2,24,26.9,16.6,16.6,12,16.1,32.4,98.21276,70.11908,37285.58,63,10.36,57500,72500,75000,8000,10000,7000,10000
2025-12-24,30.9,23.8,26.7,18.8,18.8,14,15.3,33.8,97.63724,63.812653,34515.64,63,9.59,58000,58000,73000,11000,10000,9000,10000
2025-12-25,31,25,27.9,0.4,0.4,3,11.8,27,96.782845,63.60948,39615.117,51,11,58000,58000,73000,11000,10000,9000,10000
2025-12-26,31.8,25,28.1,16.4,16.4,14,9.3,32,97.66059,62.806053,41633.97,65,11.56,58000,58000,73000,11000,10000,9000,10000
2025-12-27,29.8,23.8,26.3,24.3,24.3,14,16.3,28.8,99.40178,65.92899,10284.287,63,2.86,58000,58000,73000,11000,10000,9000,10000
2025-12-28,30.7,25.8,27.9,1.8,1.8,6,9,27.7,90.367714,68.511314,35197.016,55,9.78,58000,58000,73000,11000,10000,9000,10000
2025-12-29,30.6,23.4,27,14,14,12,10.2,32,97.90751,66.853065,38482.336,63,10.69,58000,58000,73000,11000,10000,9000,10000
2025-12-30,29.4,24.3,26.4,13.5,13.5,15,10.4,21.6,98.51197,70.40385,28760.635,63,7.99,52000,62000,62000,11000,10000,9000,10000
2025-12-31,30.2,24.7,26.8,7.6,7.6,9,14.7,33.5,97.05206,66.220474,40200.594,63,11.17,52000,62000,62000,11000,10000,9000,10000
2026-01-01,28.2,24.2,26.5,16.2,16.2,17,18.2,37.4,97.63814,73.87053,22653.248,65,6.29,52000,62000,62000,11000,10000,9000,10000
2026-01-02,29.6,25.2,27.1,15.9,15.9,9,12.6,28.4,95.64671,72.345634,14070.397,65,3.91,51000,59500,60000,11000,10000,9000,10000
2026-01-03,28.8,23.5,25.8,32.2,32.2,22,13.2,29.2,97.90905,75.11572,27026.287,63,7.51,50000,57000,58000,11000,10000,9000,10000
2026-01-04,29.9,24.8,26.7,1.7,1.7,8,15,34.9,96.76745,66.28951,29977.678,53,8.33,50000,57000,58000,11000,10000,9000,10000
2026-01-05,28.6,24.8,26.2,6.9,6.9,16,22.4,41.4,96.79225,77.822716,26507.436,61,7.36,52000,62000,62000,11000,10000,9000,10000
2026-01-06,29.6,24.5,26.5,9.5,9.5,8,9.3,27.7,96.76978,71.257355,27607.959,63,7.67,52000,62000,62000,11000,10000,9000,10000
2026-01-07,29.6,23.4,26,45.8,45.8,17,12.1,33.5,98.50142,75.91171,34028.562,65,9.45,52000,62000,62000,11000,10000,9000,10000
2026-01-08,29.6,23,25.6,20,20,18,13.4,23,97.90362,68.96983,17321.496,63,4.81,52000,62000,62000,11000,10000,9000,10000
2026-01-09,29.6,23.2,26.7,3.3,3.3,7,17.6,29.9,99.40001,65.07108,31382.434,61,8.72,52000,62000,62000,11000,10000,9000,10000
2026-01-10,29,23.2,26.2,7.9,7.9,13,10.7,27,95.89889,76.281876,33771.082,63,9.38,52000,62000,62000,11000,10000,9000,10000
2026-01-11,28.6,23.8,25.6,15.4,15.4,13,14.1,35.3,97.91291,73.730995,4237.28,63,1.18,52000,62000,62000,11000,10000,9000,10000
2026-01-12,31,24.6,27.3,6.1,6.1,4,12.2,45.4,90.55537,63.833866,32631.156,63,9.06,52000,62000,62000,11000,10000,9000,10000
2026-01-13,30.2,23.8,26.6,18.9,18.9,11,14.6,45.4,98.80315,74.49044,34885.484,63,9.69,52000,62000,62000,11000,10000,9000,10000
2026-01-14,30.8,23.3,26.9,7.2,7.2,5,12.1,41.4,93.26564,56.093006,33400.11,63,9.28,52000,62000,62000,11000,10000,9000,10000
2026-01-15,30.5,24.4,26.4,2.7,2.7,7,18,33.8,94.17836,66.28112,35267.543,61,9.8,52000,62000,62000,11000,10000,9000,10000
2026-01-16,30.8,23.2,27,2.8,2.8,6,11.6,29.5,96.1446,64.18859,40140.297,61,11.15,52000,62000,62000,11000,10000,9000,10000
2026-01-17,30.8,23.8,27.8,2.7,2.7,6,16.6,31.7,98.21607,65.7249,39845.168,61,11.07,52000,62000,62000,11000,10000,9000,10000
2026-01-18,29.4,26,27.8,0.8,0.8,7,11.7,30.2,93.39822,76.57111,40146.793,51,11.15,52000,62000,62000,11000,10000,9000,10000
2026-01-19,30.6,26,28.2,3.9,3.9,8,13.6,29.2,95.0772,71.40906,39600,55,11,52000,62000,62000,11000,10000,9000,10000
2026-01-20,31.5,26.2,28.1,0.9,0.9,2,14.6,29.2,95.08788,60.17167,26168.492,53,7.27,52000,62000,62000,11000,10000,9000,10000
2026-01-21,32.6,24.8,28.1,0.7,0.7,4,14,29.5,93.33844,47.95736,36206.008,51,10.06,50000,57000,58000,11000,10000,9000,10000
2026-01-22,31.5,25,28,0.7,0.7,4,12,26.3,95.04306,60.9276,38909.86,51,10.81,50000,57000,58000,11000,10000,9000,10000
2026-01-23,32.2,25.4,28.3,0.4,0.4,3,17.1,31.7,89.79853,53.449722,39600,51,11,50000,57000,58000,11000,10000,9000,10000
2026-01-24,31.9,25,28.2,0.4,0.4,4,14.6,31.3,91.42653,55.37115,41159.688,51,11.43,50000,57000,58000,11000,10000,9000,10000
2026-01-25,30.2,23.4,27,13.8,13.8,11,13.7,28.1,97.61176,70.95598,40608.695,63,11.28,50000,57000,58000,11000,10000,9000,10000
2026-01-26,30,24.5,27,5.1,5.1,10,10.3,24.8,96.220146,72.858315,38728.383,63,10.76,50000,57000,58000,11000,10000,9000,10000
2026-01-27,30.4,24.4,27.1,15.8,15.8,6,10.8,24.8,96.7603,71.85495,40079.844,63,11.13,50000,57000,58000,11000,10000,9000,10000
2026-01-28,28.2,24,26.3,5.1,5.1,10,20,37.4,95.30976,77.28364,18185.42,63,5.05,50000,57000,58000,11000,10000,9000,10000
2026-01-29,29.6,23.8,26.7,12,12,13,18.8,33.8,97.03022,73.01709,32400,63,9,50000,57000,58000,11000,10000,9000,10000
2026-01-30,28.6,23.8,26.3,8.6,8.6,13,11.4,24.8,95.33372,77.58982,24862.799,63,6.91,50000,57000,58000,11000,10000,9000,10000
2026-01-31,29.2,23.2,25.8,7.7,7.7,6,15.2,29.2,97.31872,67.222916,14403.499,63,4,50000,57000,58000,11000,10000,9000,10000
2026-02-01,31.4,24,27.1,12.4,12.4,9,11.1,24.1,91.39892,54.756065,41178.043,63,11.44,50000,57000,58000,11000,10000,9000,10000
2026-02-02,28.6,23.8,26,2.5,2.5,7,9.6,20.5,97.040085,73.51734,23449.975,53,6.51,43000,43000,50000,11000,10000,9000,10000
2026-02-03,31,24.2,26.9,14.3,14.3,12,11.5,25.9,97.05856,66.27104,34415.55,63,9.56,43000,43000,73000,11000,10000,9000,10000
2026-02-04,29.6,22.6,25.8,14.3,14.3,15,17.3,32.4,98.193306,74.55539,36000,63,10,43000,43000,73000,11000,10000,9000,10000
2026-02-05,30,23.9,26.4,18,18,11,13.1,28.4,96.47167,67.78943,39984.465,63,11.11,50000,57000,58000,11000,10000,9000,10000
2026-02-06,28.6,24.2,25.8,8.6,8.6,14,9.2,26.3,97.63021,72.846214,19945.768,61,5.54,50000,57000,58000,11000,10000,9000,10000
2026-02-07,29.8,23.6,26.2,25.3,25.3,12,10.9,30.6,97.334564,70.43132,31731.416,65,8.81,50000,57000,58000,11000,10000,9000,10000
2026-02-08,29.8,24.2,26.6,13.8,13.8,14,8,28.1,97.33354,76.24355,36304.08,63,10.08,50000,57000,58000,11000,10000,9000,10000
2026-02-09,30,24.4,27.2,4,4,10,9.3,24.1,96.7651,70.625496,36000,61,10,50000,57000,58000,11000,10000,9000,10000
2026-02-10,29,24.1,26.5,8.7,8.7,12,11.1,26.3,99.11574,70.37806,34812.848,63,9.67,50000,57000,58000,11000,10000,9000,10000
2026-02-11,30.4,24.2,26.7,8.2,8.2,13,9.2,24.1,95.883835,62.366783,35403.008,63,9.83,50000,57000,58000,11000,10000,9000,10000
2026-02-12,29.8,23.9,26.6,21.7,21.7,13,10.1,25.9,95.290886,67.148285,39600,63,11,33000,43000,65000,11000,10000,9000,10000
2026-02-13,29.8,23.8,26.1,28.3,28.3,21,11.1,28.8,97.619705,65.92899,32852.844,63,9.13,33000,43000,65000,11000,10000,9000,10000
2026-02-14,29.8,23.9,26.4,6.7,6.7,10,14.4,29.9,98.221306,67.54577,26691.062,61,7.41,33000,43000,65000,11000,10000,9000,10000
2026-02-15,30.3,24.7,26.8,6.8,6.8,6,12.2,29.2,94.75259,70.689186,39462.99,63,10.96,33000,43000,65000,11000,10000,9000,10000
2026-02-16,30.5,24.4,27.3,18.3,18.3,19,13.6,27,97.047714,67.89666,38772.477,63,10.77,33000,43000,65000,11000,10000,9000,10000
2026-02-17,31.6,24,27.3,11.6,11.6,7,17.3,30.6,96.75789,61.263878,34869.83,63,9.69,33000,43000,65000,11000,10000,9000,10000
2026-02-18,31.8,24.2,27.1,6.1,6.1,10,14,29.2,97.93064,60.091476,36371.28,61,10.1,33000,43000,65000,11000,10000,9000,10000
2026-02-19,27.2,23.5,25.7,11.7,11.7,13,15,34.6,97.90905,82.18086,7615.077,63,2.12,43000,43000,50000,11000,10000,9000,10000
2026-02-20,30.8,25,27.2,14.3,14.3,10,10.9,33.5,95.61485,67.5556,37494.688,63,10.42,43000,43000,50000,11000,10000,9000,10000
2026-02-21,25.8,23.2,24.6,36.8,36.8,21,12.6,25.2,98.515274,84.56106,0,65,0,43000,43000,50000,11000,10000,9000,10000
2026-02-22,30,23.6,26.8,0.3,0.3,3,11,27,91.88469,68.19971,36248.13,51,10.07,43000,43000,50000,11000,10000,9000,10000
2026-02-23,29,24,26.2,12.9,12.9,19,12.9,26.6,97.91679,77.662735,25634.352,63,7.12,43000,43000,50000,11000,10000,9000,10000
2026-02-24,29,24.3,26.4,13.1,13.1,13,17.6,37.8,97.338455,72.02353,24293.451,63,6.75,43000,43000,50000,11000,10000,9000,10000
2026-02-25,28.1,24.8,26.2,4.5,4.5,10,14.9,32.4,97.34337,72.76021,4215.7227,61,1.17,43000,43000,50000,11000,10000,9000,10000
2026-02-26,30.8,24,26.8,22.2,22.2,8,19,35.3,96.469086,63.60948,30825.688,65,8.56,43000,43000,50000,11000,10000,9000,10000
2026-02-27,31.2,23.4,26.8,7,7,5,11.8,32.4,97.61176,60.503716,27927.477,63,7.76,43000,43000,50000,11000,10000,9000,10000
2026-02-28,30.8,24,26.8,13.1,13.1,7,21.3,38.9,95.01222,62.632744,34035.457,63,9.45,43000,43000,50000,11000,10000,9000,10000
2026-03-01,31.3,24.8,27.8,6.8,6.8,5,11.8,26.3,91.67183,62.752026,39600,63,11,43000,43000,73000,11000,10000,9000,10000
2026-03-02,31.3,24.8,27.6,2.9,2.9,9,10.1,29.5,96.184044,59.762184,34764.53,53,9.66,43000,43000,73000,11000,10000,9000,10000
2026-03-03,31.8,23.6,26.9,12.7,12.7,9,14.7,33.5,94.992134,63.239006,39600,63,11,43000,43000,73000,11000,10000,9000,10000
2026-03-04,31.2,25.2,27.1,12.8,12.8,11,11.8,26.6,95.05928,66.8215,36926.656,63,10.26,43000,43000,73000,11000,10000,9000,10000
2026-03-05,31,23.7,26.2,22.9,22.9,18,12.3,28.4,99.101166,66.59155,22593.863,63,6.28,43000,43000,73000,11000,10000,9000,10000
2026-03-06,32.2,24.5,27.4,20,20,8,15.9,33.5,98.21868,57.44398,37729,65,10.48,43000,43000,73000,11000,10000,9000,10000
2026-03-07,28,24.1,25.8,8,8,17,15.5,31,97.91836,75.44198,842.08124,55,0.23,43000,43000,73000,11000,10000,9000,10000
2026-03-08,29.6,25.2,26.6,13.5,13.5,8,11.4,29.9,95.05029,71.025085,39600,63,11,43000,43000,73000,11000,10000,9000,10000
2026-03-09,28.6,23.6,25.8,5.1,5.1,16,10.7,25.6,97.32565,77.36488,21777.295,61,6.05,43000,43000,73000,11000,10000,9000,10000
2026-03-10,30.6,23.4,26.5,20.6,20.6,15,15.1,30.6,98.21336,64.13585,36802.4,63,10.22,43000,43000,73000,11000,10000,9000,10000
2026-03-11,30.8,23.9,26.8,9.1,9.1,13,12,29.9,97.62143,63.598846,32789.695,63,9.11,43000,43000,73000,11000,10000,9000,10000
2026-03-12,29.6,24.6,27.2,11.8,11.8,9,12.8,32,93.89302,69.79756,37017.105,63,10.28,43000,43000,73000,11000,10000,9000,10000
2026-03-13,30.9,24,26.7,19.2,19.2,9,10.7,32.4,97.91761,62.811985,34186.25,65,9.5,43000,43000,73000,11000,10000,9000,10000
2026-03-14,29.9,23,26,5.7,5.7,10,11.9,28.4,96.72671,71.55212,25423.113,61,7.06,43000,43000,73000,11000,10000,9000,10000
2026-03-15,30.2,23.4,26.1,8.3,8.3,16,13.2,29.2,97.32366,69.08361,35661.703,61,9.91,43000,43000,73000,11000,10000,9000,10000
2026-03-16,28.2,23.8,25.8,13.3,13.3,17,10.5,21.6,97.04553,76.3809,20095.64,63,5.58,43000,43000,73000,11000,10000,9000,10000
2026-03-17,30.2,23.4,26.5,3.2,3.2,8,13.2,28.1,98.207436,70.75266,28761.254,61,7.99,43000,43000,73000,11000,10000,9000,10000
2026-03-18,30.3,23.2,26.5,21.5,21.5,16,12.4,27.7,99.39931,70.98301,34368.75,63,9.55,43000,43000,73000,11000,10000,9000,10000
2026-03-19,28.9,23.5,25.9,11.7,11.7,11,11.5,27,97.90905,77.611694,27631.592,63,7.68,43000,43000,73000,11000,10000,9000,10000
2026-03-20,28.4,22.6,25.8,24.6,24.6,17,11.1,29.9,97.8958,76.18204,26678.773,65,7.41,43000,43000,73000,11000,10000,9000,10000
2026-03-21,30.8,23.9,26.4,9.4,9.4,10,14.7,28.1,97.33059,63.984493,36092.082,63,10.03,43000,43000,73000,11000,10000,9000,10000
2026-03-22,31,23.8,26.7,12.2,12.2,14,9.3,22.7,97.91291,58.8255,35205.457,65,9.78,43000,43000,73000,11000,10000,9000,10000
2026-03-23,30,23.6,26.4,4.8,4.8,11,8.7,23,97.327644,69.65284,20178.91,61,5.61,43000,43000,73000,11000,10000,9000,10000
2026-03-24,31.4,24.6,27.4,3.5,3.5,6,12.2,28.4,90.05498,64.10064,40539.082,55,11.26,43000,43000,73000,11000,10000,9000,10000
2026-03-25,31.2,24.7,27.5,1.2,1.2,4,13.8,27,94.17836,63.492268,37061.477,51,10.29,43000,43000,73000,11000,10000,9000,10000
2026-03-26,31.8,25,28,1.3,1.3,6,15,31.3,93.36486,56.875065,39600,53,11,43000,43000,73000,11000,10000,9000,10000
2026-03-27,31,25,28,1.2,1.2,4,13.3,27.7,93.0828,69.18745,42098.82,53,11.69,43000,43000,73000,11000,10000,9000,10000
2026-03-28,30.2,23.8,27.2,4.7,4.7,10,14.2,28.1,97.34044,70.10064,38557.574,61,10.71,43000,43000,73000,11000,10000,9000,10000
2026-03-29,30.8,24.4,27.6,3.2,3.2,8,14.1,30.2,92.76234,63.97388,42131.176,55,11.7,43000,43000,73000,11000,10000,9000,10000
2026-03-30,29.4,25.2,26.9,4.8,4.8,10,10.1,27.7,97.35123,73.20246,38985.703,63,10.83,43000,43000,73000,11000,10000,9000,10000
2026-03-31,29.8,24.4,26.3,9.3,9.3,7,11,26.3,96.47687,75.724525,17508.748,63,4.86,43000,43000,73000,11000,10000,9000,10000
2026-04-01,30.1,24.7,27.3,1.9,1.9,8,10.7,25.2,97.061806,71.8022,38151.883,55,10.6,43000,43000,73000,11000,10000,9000,10000
2026-04-02,30.6,23.9,26.4,22,22,18,13,25.6,97.33551,70.815994,23609.71,63,6.56,43000,43000,73000,11000,10000,9000,10000
2026-04-03,25.7,24.2,24.9,24.4,24.4,18,8.7,23,98.80932,87.11824,1394.9629,63,0.39,43000,43000,73000,11000,10000,9000,10000
2026-04-04,30.2,23.6,27.2,1.2,1.2,5,9.2,28.1,95.28568,67.22756,41982.47,53,11.66,46000,43000,67000,11000,10000,9000,10000
2026-04-05,30.8,24,27.5,5.8,5.8,9,12.1,28.1,95.00493,73.656395,42245.27,63,11.73,52000,53000,67000,11000,10000,9000,10000
2026-04-06,30.2,24,27,7.6,7.6,13,13.9,31,97.327644,72.46679,41032.58,63,11.4,47500,48000,70000,11000,10000,9000,10000
2026-04-07,29.9,23.2,26.5,23.8,23.8,18,13.8,28.4,97.92221,72.414955,30242.994,65,8.4,50000,58000,93000,11000,10000,9000,10000
2026-04-08,30.4,25,26.8,8.5,8.5,10,12.1,28.4,95.34895,72.71789,36024.715,63,10.01,50000,58000,93000,11000,10000,9000,10000
2026-04-09,30,23.2,26.9,18.9,18.9,8,17.1,31.3,98.80849,72.319565,39483.55,65,10.97,50000,58000,93000,11000,10000,9000,10000
2026-04-10,30.8,24.4,27.3,10.2,10.2,8,11.8,25.9,97.64594,67.33616,21600,63,6,50000,58000,93000,11000,10000,9000,10000
2026-04-11,29.5,24.4,27.2,2.7,2.7,7,10.9,32.8,97.33654,72.56319,31070.264,61,8.63,50000,58000,93000,11000,10000,9000,10000
2026-04-12,29.8,25.6,27.5,1.4,1.4,10,9.4,26.3,96.78048,72.172264,38116.688,51,10.59,50000,58000,93000,11000,10000,9000,10000
2026-04-13,29,24.6,26.6,32.5,32.5,17,9.3,19.8,98.22198,76.03835,23282.59,65,6.47,50000,58000,93000,11000,10000,9000,10000
2026-04-14,30.9,25.4,27.7,4.3,4.3,7,12.1,26.3,94.22667,71.51549,41478.188,61,11.52,50000,58000,93000,11000,10000,9000,10000
2026-04-15,29.6,25,26.6,5,5,10,11.3,24.5,95.63083,76.13081,21531.86,63,5.98,50000,58000,93000,11000,10000,9000,10000
2026-04-16,28.7,24.2,26.6,7.6,7.6,11,11.4,24.8,96.5013,77.611694,41239.453,63,11.46,50000,58000,93000,11000,10000,9000,10000
2026-04-17,30.2,24.6,27.6,1.6,1.6,8,11.1,25.2,93.622086,68.033165,42408.07,53,11.78,50000,58000,93000,11000,10000,9000,10000
2026-04-18,30.1,24.9,27.3,2.8,2.8,7,9.1,23.8,93.91512,69.40603,42419.83,55,11.78,50000,58000,93000,11000,10000,9000,10000
2026-04-19,30.2,24.8,27.4,2.4,2.4,5,8.9,25.2,94.47029,71.168915,40005.4,61,11.11,50000,58000,93000,11000,10000,9000,10000
2026-04-20,31.2,25.2,27.8,1.9,1.9,9,10.8,23.4,97.061806,66.51137,41700.387,53,11.58,50000,58000,93000,11000,10000,9000,10000
2026-04-21,30.4,25.1,27.2,7.4,7.4,6,13.5,29.2,90.38814,72.484055,40637.535,63,11.29,50000,58000,93000,11000,10000,9000,10000
2026-04-22,30.2,24.3,26.8,7.9,7.9,12,12.2,28.8,96.17001,71.168915,25772.238,63,7.16,50000,58000,93000,11000,10000,9000,10000
2026-04-23,30.2,25,27.3,4.7,4.7,9,15.2,32.4,94.188896,69.490486,39756.906,61,11.04,46000,43000,67000,11000,10000,9000,10000
2026-04-24,30.9,25,28,0.8,0.8,6,17.9,37.8,93.9305,67.96468,42170.3,51,11.71,46000,43000,67000,11000,10000,9000,10000
2026-04-25,32.4,25.2,28.4,1.2,1.2,7,16.4,34.9,91.4296,56.012516,42493.027,51,11.8,46000,43000,67000,11000,10000,9000,10000
2026-04-26,31,26.4,28.4,2.7,2.7,7,15.7,31.7,88.35402,67.97439,42501.785,53,11.81,46000,43000,67000,11000,10000,9000,10000
2026-04-27,30.6,25.6,27.3,11.7,11.7,11,12.1,31.3,93.65428,72.52001,38130.188,63,10.59,46000,43000,67000,11000,10000,9000,10000
2026-04-28,30,23.8,27.2,14,14,14,10.9,26.6,97.91291,75.53062,37061.984,63,10.29,46000,43000,67000,11000,10000,9000,10000
2026-04-29,30.8,25.2,28.1,1.8,1.8,9,11.2,29.5,94.48428,67.94527,42524.785,53,11.81,46000,43000,67000,11000,10000,9000,10000
2026-04-30,31.2,25.2,27.6,10.7,10.7,11,13.4,32.4,95.65936,70.30254,41731.3,63,11.59,46000,43000,67000,11000,10000,9000,10000
2026-05-01,28.8,24.5,26.8,2.9,2.9,10,10.2,23.4,95.894325,80.16596,32400,53,9,46000,43000,67000,11000,10000,9000,10000
2026-05-02,30.2,24.8,27.9,2.5,2.5,10,9.9,24.5,98.22266,69.29146,41848.254,55,11.62,46000,43000,67000,11000,10000,9000,10000
2026-05-03,30.1,25.2,27.7,5.9,5.9,7,11.1,29.5,96.51154,71.7846,39527.035,63,10.98,46000,43000,67000,11000,10000,9000,10000
2026-05-04,30.8,25.6,27.5,3.4,3.4,10,16.7,30.2,93.44782,70.64089,34366.074,61,9.55,46000,43000,67000,11000,10000,9000,10000
2026-05-05,29.6,23.4,26.7,15.7,15.7,11,11.9,26.6,98.204094,76.3201,36405.21,63,10.11,46000,43000,67000,11000,10000,9000,10000
2026-05-06,29,25.8,27.4,8.6,8.6,12,12,32,96.799255,74.681885,39414.883,63,10.95,46000,43000,67000,11000,10000,9000,10000
2026-05-07,30.2,25.2,27.6,5.9,5.9,10,13.3,28.8,97.36386,72.25055,41486.098,61,11.52,52000,53000,67000,11000,10000,9000,10000
2026-05-08,28.6,24.6,27.1,20.2,20.2,13,12.1,24.1,97.048805,75.9687,28640.646,63,7.96,52000,53000,67000,11000,10000,9000,10000
2026-05-09,30.2,25,27.3,11.7,11.7,11,13,27.7,95.91232,73.77612,26863.543,63,7.46,52000,53000,67000,11000,10000,9000,10000
2026-05-10,28.9,24.6,26.7,11.5,11.5,17,9.3,23.4,99.10817,80.95109,30992.95,63,8.61,52000,53000,67000,11000,10000,9000,10000
2026-05-11,29.8,25.8,27.8,6.3,6.3,13,12.1,26.6,95.08079,76.37347,39600,61,11,52000,53000,67000,11000,10000,9000,10000
2026-05-12,29.8,25.8,27.8,1.8,1.8,7,17.1,34.2,93.10521,74.291824,39427.582,51,10.95,52000,53000,67000,11000,10000,9000,10000
2026-05-13,30.5,25.2,27.7,9.9,9.9,17,10,25.2,96.482025,70.5955,39065.188,63,10.85,52000,53000,67000,11000,10000,9000,10000
2026-05-14,31.6,26,27.9,5.3,5.3,16,7.7,22,96.79692,65.71102,37852.555,55,10.51,52000,53000,67000,11000,10000,9000,10000
2026-05-15,29.2,24.2,26.4,26.5,26.5,20,12.9,25.6,98.82516,78.14925,13294.807,63,3.69,52000,53000,67000,11000,10000,9000,10000
2026-05-16,30.8,25.6,27.7,7.1,7.1,12,9.5,28.4,99.11279,69.375984,32573.86,63,9.05,52000,53000,67000,11000,10000,9000,10000
2026-05-17,27.7,24,26,12.7,12.7,21,11.4,22.3,97.91761,82.511375,8293.333,61,2.3,52000,53000,67000,11000,10000,9000,10000
2026-05-18,30.2,24.8,27,13.9,13.9,16,11.5,30.2,98.223274,67.63412,40792.305,63,11.33,52000,53000,67000,11000,10000,9000,10000
2026-05-19,29.4,24.9,26.8,12.7,12.7,14,8.4,21.6,98.51804,77.706276,27061.371,63,7.52,52000,53000,67000,11000,10000,9000,10000
2026-05-20,28.8,24.8,26.9,8.4,8.4,8,10.3,22.3,98.237656,78.09922,8140.352,61,2.26,52000,53000,67000,11000,10000,9000,10000
2026-05-21,30.5,24.6,27.9,1.5,1.5,6,11,25.6,94.17412,69.338455,42052.926,53,11.68,52000,53000,67000,11000,10000,9000,10000